any,4954,6365,7666,10105,10884,11257,11428,11907,14879,18998,20703,23918,29068,29075,29127,29162,29186,40008,40097,40098,40118,40272,40351
,,,,,,,,,,,,,,,,,,,,,,,
,,,,,,,,,,,,,,,,,,,,,,,
,,,,,,,,,,,,,,,,,,,,,,,
,,,,,,,,,,,,,,,,,,,,,,,
,,,,,,,,,,,,,,,,,,,,,,,
,,,,,,,,,,,,,,,,,,,,,,,
,,,,,,,,,,,,,,,,,,,,,,,
,,,,,,,,,,,,,,,,,,,,,,,
,,,,,,,,,,,,,,,,,,,,,,,
,,,,,,,,,,,,,,,,,,,,,,,
,,,,,,,,,,,,,,,,,,,,,,,
,,,,,,,,,,,,,,,,,,,,,,,
Y,1039,1019,1019,1019,1029,1039,939,1029,1029,979,999,959,1019,1019,999,1019,959,979,1039,939,1029,969,1039
Y,1389,1449,1389,1389,1389,1389,1499,1389,1389,1389,1389,1389,1389,1389,1389,1389,1389,1389,1389,1499,1389,1389,1389
,,,,,,,,,,,,,,,,,,,,,,,
,,,,,,,,,,,,,,,,,,,,,,,
,,,,,,,,,,,,,,,,,,,,,,,
,,,,,,,,,,,,,,,,,,,,,,,
,,,,,,,,,,,,,,,,,,,,,,,
,,,,,,,,,,,,,,,,,,,,,,,
Y,299,299,299,299,299,299,319,299,299,299,299,299,299,299,299,299,299,299,299,319,299,299,299
,,,,,,,,,,,,,,,,,,,,,,,
,,,,,,,,,,,,,,,,,,,,,,,
,,,,,,,,,,,,,,,,,,,,,,,
Y,629,629,599,599,599,629,619,599,,549,559,629,599,599,529,599,629,529,629,619,,539,
,,,,,,,,,,,,,,,,,,,,,,,
,,,,,,,,,,,,,,,,,,,,,,,
Y,,219,,,,,,,,,,219,,,,,219,,,219,,,
,,,,,,,,,,,,,,,,,,,,,,,
Y,219,219,219,219,219,219,219,219,219,219,219,219,219,219,219,219,219,219,219,219,219,219,219
,,,,,,,,,,,,,,,,,,,,,,,
,,,,,,,,,,,,,,,,,,,,,,,
,,,,,,,,,,,,,,,,,,,,,,,
,,,,,,,,,,,,,,,,,,,,,,,
,,,,,,,,,,,,,,,,,,,,,,,
,,,,,,,,,,,,,,,,,,,,,,,
,,,,,,,,,,,,,,,,,,,,,,,
,,,,,,,,,,,,,,,,,,,,,,,
,,,,,,,,,,,,,,,,,,,,,,,
,,,,,,,,,,,,,,,,,,,,,,,
,,,,,,,,,,,,,,,,,,,,,,,
,,,,,,,,,,,,,,,,,,,,,,,
,,,,,,,,,,,,,,,,,,,,,,,
,,,,,,,,,,,,,,,,,,,,,,,
,,,,,,,,,,,,,,,,,,,,,,,
,,,,,,,,,,,,,,,,,,,,,,,
,,,,,,,,,,,,,,,,,,,,,,,
,,,,,,,,,,,,,,,,,,,,,,,
,,,,,,,,,,,,,,,,,,,,,,,
,,,,,,,,,,,,,,,,,,,,,,,
,,,,,,,,,,,,,,,,,,,,,,,
,,,,,,,,,,,,,,,,,,,,,,,
,,,,,,,,,,,,,,,,,,,,,,,
,,,,,,,,,,,,,,,,,,,,,,,
,,,,,,,,,,,,,,,,,,,,,,,
,,,,,,,,,,,,,,,,,,,,,,,
,,,,,,,,,,,,,,,,,,,,,,,
,,,,,,,,,,,,,,,,,,,,,,,
,,,,,,,,,,,,,,,,,,,,,,,
,,,,,,,,,,,,,,,,,,,,,,,
,,,,,,,,,,,,,,,,,,,,,,,
,,,,,,,,,,,,,,,,,,,,,,,
,,,,,,,,,,,,,,,,,,,,,,,
,,,,,,,,,,,,,,,,,,,,,,,
,,,,,,,,,,,,,,,,,,,,,,,
,,,,,,,,,,,,,,,,,,,,,,,
,,,,,,,,,,,,,,,,,,,,,,,
,,,,,,,,,,,,,,,,,,,,,,,
,,,,,,,,,,,,,,,,,,,,,,,
Y,1699,1649,1699,1699,1699,1699,1499,1699,1699,1549,1549,1489,1699,1699,1499,1699,1489,1549,1699,1439,1699,1549,1699
,,,,,,,,,,,,,,,,,,,,,,,
,,,,,,,,,,,,,,,,,,,,,,,
,,,,,,,,,,,,,,,,,,,,,,,
,,,,,,,,,,,,,,,,,,,,,,,
,,,,,,,,,,,,,,,,,,,,,,,
,,,,,,,,,,,,,,,,,,,,,,,
,,,,,,,,,,,,,,,,,,,,,,,
,,,,,,,,,,,,,,,,,,,,,,,
,,,,,,,,,,,,,,,,,,,,,,,
,,,,,,,,,,,,,,,,,,,,,,,
,,,,,,,,,,,,,,,,,,,,,,,
,,,,,,,,,,,,,,,,,,,,,,,
,,,,,,,,,,,,,,,,,,,,,,,
,,,,,,,,,,,,,,,,,,,,,,,
,,,,,,,,,,,,,,,,,,,,,,,
,,,,,,,,,,,,,,,,,,,,,,,
,,,,,,,,,,,,,,,,,,,,,,,
,,,,,,,,,,,,,,,,,,,,,,,
,,,,,,,,,,,,,,,,,,,,,,,
,,,,,,,,,,,,,,,,,,,,,,,
,,,,,,,,,,,,,,,,,,,,,,,
,,,,,,,,,,,,,,,,,,,,,,,
,,,,,,,,,,,,,,,,,,,,,,,
,,,,,,,,,,,,,,,,,,,,,,,
,,,,,,,,,,,,,,,,,,,,,,,
,,,,,,,,,,,,,,,,,,,,,,,
,,,,,,,,,,,,,,,,,,,,,,,
,,,,,,,,,,,,,,,,,,,,,,,
,,,,,,,,,,,,,,,,,,,,,,,
,,,,,,,,,,,,,,,,,,,,,,,
,,,,,,,,,,,,,,,,,,,,,,,
,,,,,,,,,,,,,,,,,,,,,,,
,,,,,,,,,,,,,,,,,,,,,,,
,,,,,,,,,,,,,,,,,,,,,,,
,,,,,,,,,,,,,,,,,,,,,,,
,,,,,,,,,,,,,,,,,,,,,,,
,,,,,,,,,,,,,,,,,,,,,,,
,,,,,,,,,,,,,,,,,,,,,,,
,,,,,,,,,,,,,,,,,,,,,,,
,,,,,,,,,,,,,,,,,,,,,,,
,,,,,,,,,,,,,,,,,,,,,,,
,,,,,,,,,,,,,,,,,,,,,,,
,,,,,,,,,,,,,,,,,,,,,,,
,,,,,,,,,,,,,,,,,,,,,,,
,,,,,,,,,,,,,,,,,,,,,,,
,,,,,,,,,,,,,,,,,,,,,,,
,,,,,,,,,,,,,,,,,,,,,,,
,,,,,,,,,,,,,,,,,,,,,,,
,,,,,,,,,,,,,,,,,,,,,,,
,,,,,,,,,,,,,,,,,,,,,,,
,,,,,,,,,,,,,,,,,,,,,,,
,,,,,,,,,,,,,,,,,,,,,,,
,,,,,,,,,,,,,,,,,,,,,,,
,,,,,,,,,,,,,,,,,,,,,,,
,,,,,,,,,,,,,,,,,,,,,,,
,,,,,,,,,,,,,,,,,,,,,,,
Y,739,799,739,739,739,739,799,739,739,739,739,739,739,739,739,739,739,739,739,799,739,739,739
,,,,,,,,,,,,,,,,,,,,,,,
,,,,,,,,,,,,,,,,,,,,,,,
,,,,,,,,,,,,,,,,,,,,,,,
,,,,,,,,,,,,,,,,,,,,,,,
,,,,,,,,,,,,,,,,,,,,,,,
,,,,,,,,,,,,,,,,,,,,,,,
,,,,,,,,,,,,,,,,,,,,,,,
,,,,,,,,,,,,,,,,,,,,,,,
Y,919,919,919,919,919,919,899,919,,899,899,919,919,919,899,919,919,899,919,899,,899,919
Y,919,919,919,919,919,919,899,919,919,899,899,919,919,919,899,919,919,899,919,899,919,899,919
Y,769,749,749,749,749,769,689,749,749,689,689,699,749,749,689,749,699,689,769,659,749,689,769
,,,,,,,,,,,,,,,,,,,,,,,
,,,,,,,,,,,,,,,,,,,,,,,
,,,,,,,,,,,,,,,,,,,,,,,
,,,,,,,,,,,,,,,,,,,,,,,
,,,,,,,,,,,,,,,,,,,,,,,
,,,,,,,,,,,,,,,,,,,,,,,
,,,,,,,,,,,,,,,,,,,,,,,
,,,,,,,,,,,,,,,,,,,,,,,
,,,,,,,,,,,,,,,,,,,,,,,
,,,,,,,,,,,,,,,,,,,,,,,
,,,,,,,,,,,,,,,,,,,,,,,
,,,,,,,,,,,,,,,,,,,,,,,
,,,,,,,,,,,,,,,,,,,,,,,
,,,,,,,,,,,,,,,,,,,,,,,
,,,,,,,,,,,,,,,,,,,,,,,
,,,,,,,,,,,,,,,,,,,,,,,
,,,,,,,,,,,,,,,,,,,,,,,
,,,,,,,,,,,,,,,,,,,,,,,
,,,,,,,,,,,,,,,,,,,,,,,
,,,,,,,,,,,,,,,,,,,,,,,
,,,,,,,,,,,,,,,,,,,,,,,
,,,,,,,,,,,,,,,,,,,,,,,
Y,,50,60,60,60,70,50,60,60,50,50,50,60,60,50,60,50,50,70,50,60,50,
,,,,,,,,,,,,,,,,,,,,,,,
,,,,,,,,,,,,,,,,,,,,,,,
,,,,,,,,,,,,,,,,,,,,,,,
,,,,,,,,,,,,,,,,,,,,,,,
,,,,,,,,,,,,,,,,,,,,,,,
,,,,,,,,,,,,,,,,,,,,,,,
,,,,,,,,,,,,,,,,,,,,,,,
,,,,,,,,,,,,,,,,,,,,,,,
,,,,,,,,,,,,,,,,,,,,,,,
,,,,,,,,,,,,,,,,,,,,,,,
,,,,,,,,,,,,,,,,,,,,,,,
,,,,,,,,,,,,,,,,,,,,,,,
,,,,,,,,,,,,,,,,,,,,,,,
,,,,,,,,,,,,,,,,,,,,,,,
,,,,,,,,,,,,,,,,,,,,,,,
,,,,,,,,,,,,,,,,,,,,,,,
Y,199,199,219,199,199,199,129/199,219,199,132/169,169,169,219,219,169,199,139,132/169,199,189,199,159,199
,,,,,,,,,,,,,,,,,,,,,,,
Y,119,79,99,99,99,119,119,99,99,99,99,149,99,99,99,99,149,99,119,119,99,99,119
,,,,,,,,,,,,,,,,,,,,,,,
Y,589,589,549,549,549,589,549,549,,519,499,549,549,549,499,549,549,499,589,479,,,
,,,,,,,,,,,,,,,,,,,,,,,
,,,,,,,,,,,,,,,,,,,,,,,
Y,539,549,519,519,519,539,519,519,519,499,539,549,519,519,539,519,549,539,539,519,519,539,539
,,,,,,,,,,,,,,,,,,,,,,,
,,,,,,,,,,,,,,,,,,,,,,,
,,,,,,,,,,,,,,,,,,,,,,,
,,,,,,,,,,,,,,,,,,,,,,,
,,,,,,,,,,,,,,,,,,,,,,,
,,,,,,,,,,,,,,,,,,,,,,,
,,,,,,,,,,,,,,,,,,,,,,,
,,,,,,,,,,,,,,,,,,,,,,,
,,,,,,,,,,,,,,,,,,,,,,,
,,,,,,,,,,,,,,,,,,,,,,,
,,,,,,,,,,,,,,,,,,,,,,,
,,,,,,,,,,,,,,,,,,,,,,,
,,,,,,,,,,,,,,,,,,,,,,,
,,,,,,,,,,,,,,,,,,,,,,,
,,,,,,,,,,,,,,,,,,,,,,,
,,,,,,,,,,,,,,,,,,,,,,,
,,,,,,,,,,,,,,,,,,,,,,,
,,,,,,,,,,,,,,,,,,,,,,,
,,,,,,,,,,,,,,,,,,,,,,,
,,,,,,,,,,,,,,,,,,,,,,,
,,,,,,,,,,,,,,,,,,,,,,,
,,,,,,,,,,,,,,,,,,,,,,,
,,,,,,,,,,,,,,,,,,,,,,,
,,,,,,,,,,,,,,,,,,,,,,,
,,,,,,,,,,,,,,,,,,,,,,,
,,,,,,,,,,,,,,,,,,,,,,,
Y,199,239,249,269,249,199,199,249,,189,189,259,269,249,189,269,259,189,199,189,,,
,,,,,,,,,,,,,,,,,,,,,,,
Y,679,649,619,659,619,679,599,619,,589,589,619,639,619,589,639,619,589,679,519,,,
,,,,,,,,,,,,,,,,,,,,,,,
Y,679,649,619,659,619,679,599,619,,589,589,619,639,619,589,639,619,589,679,519,,,
,,,,,,,,,,,,,,,,,,,,,,,
Y,319,319,319,319,319,319,319,319,,319,319,319,319,319,319,319,319,319,319,319,,,
,,,,,,,,,,,,,,,,,,,,,,,
,,,,,,,,,,,,,,,,,,,,,,,
,,,,,,,,,,,,,,,,,,,,,,,
,,,,,,,,,,,,,,,,,,,,,,,
,,,,,,,,,,,,,,,,,,,,,,,
Y,739,699,699,709,719,739,659,699,,629,629,629,699,699,629,699,629,629,739,529,,,
,,,,,,,,,,,,,,,,,,,,,,,
,,,,,,,,,,,,,,,,,,,,,,,
,,,,,,,,,,,,,,,,,,,,,,,
,,,,,,,,,,,,,,,,,,,,,,,
,,,,,,,,,,,,,,,,,,,,,,,
,,,,,,,,,,,,,,,,,,,,,,,
,,,,,,,,,,,,,,,,,,,,,,,
,,,,,,,,,,,,,,,,,,,,,,,
Y,199,239,249,269,249,199,199,249,,189,189,259,269,249,189,269,259,189,199,189,,,
Y,319,319,319,319,319,319,319,319,,319,319,319,319,319,319,319,319,319,319,319,,,
Y,679,649,619,659,619,679,599,619,,589,589,619,639,619,589,639,619,589,679,519,,,
Y,739,699,699,709,719,739,659,699,,629,629,629,699,699,629,699,629,629,739,529,,,
,,,,,,,,,,,,,,,,,,,,,,,
,,,,,,,,,,,,,,,,,,,,,,,
Y,679,649,619,659,619,679,599,619,,589,589,619,639,619,589,639,619,589,679,519,,,
,,,,,,,,,,,,,,,,,,,,,,,
,,,,,,,,,,,,,,,,,,,,,,,
Y,679,649,619,659,619,679,599,619,,589,589,619,639,619,589,639,619,589,679,519,,,
,,,,,,,,,,,,,,,,,,,,,,,
Y,679,649,619,659,619,679,599,619,,589,589,619,639,619,589,639,619,589,679,519,,,
,,,,,,,,,,,,,,,,,,,,,,,
,,,,,,,,,,,,,,,,,,,,,,,
Y,739,699,699,709,719,739,659,699,,629,629,599,699,699,629,699,599,629,739,529,,,
,,,,,,,,,,,,,,,,,,,,,,,
,,,,,,,,,,,,,,,,,,,,,,,
,,,,,,,,,,,,,,,,,,,,,,,
,,,,,,,,,,,,,,,,,,,,,,,
,,,,,,,,,,,,,,,,,,,,,,,
Y,319,319,319,319,319,319,319,319,,319,319,319,319,319,319,319,319,319,319,319,,,
,,,,,,,,,,,,,,,,,,,,,,,
,,,,,,,,,,,,,,,,,,,,,,,
,,,,,,,,,,,,,,,,,,,,,,,
,,,,,,,,,,,,,,,,,,,,,,,
,,,,,,,,,,,,,,,,,,,,,,,
,,,,,,,,,,,,,,,,,,,,,,,
,,,,,,,,,,,,,,,,,,,,,,,
,,,,,,,,,,,,,,,,,,,,,,,
Y,0,0,0,0,0,0,0,0,0,0,0,0,0,0,0,0,0,0,0,0,0,0,0
,,,,,,,,,,,,,,,,,,,,,,,
,,,,,,,,,,,,,,,,,,,,,,,
Y,0,0,0,0,0,0,0,0,,0,0,0,0,0,0,0,0,0,0,0,,0,0
,,,,,,,,,,,,,,,,,,,,,,,
Y,769,739,769,769,769,769,749,769,769,649,669,699,769,769,699,769,719,659,769,669,769,659,769
,,,,,,,,,,,,,,,,,,,,,,,
,,,,,,,,,,,,,,,,,,,,,,,
,,,,,,,,,,,,,,,,,,,,,,,
Y,659,639,639,639,639,659,599,639,639,379,399,629,639,639,419,639,649,389,659,559,639,389,659
,,,,,,,,,,,,,,,,,,,,,,,
Y,169,169,179,179,169,169,169,179,179,169,169,169,179,179,169,179,169,169,169,169,179,169,169
,,,,,,,,,,,,,,,,,,,,,,,
Y,169,169,179,179,179,169,169,179,179,169,169,169,179,179,169,179,169,169,169,169,179,169,169
Y,169,169,179,179,169,169,169,179,179,169,169,169,179,179,169,179,169,169,169,169,179,169,169
,,,,,,,,,,,,,,,,,,,,,,,
,,,,,,,,,,,,,,,,,,,,,,,
,,,,,,,,,,,,,,,,,,,,,,,
,,,,,,,,,,,,,,,,,,,,,,,
,,,,,,,,,,,,,,,,,,,,,,,
,,,,,,,,,,,,,,,,,,,,,,,
,,,,,,,,,,,,,,,,,,,,,,,
,,,,,,,,,,,,,,,,,,,,,,,
,,,,,,,,,,,,,,,,,,,,,,,
,,,,,,,,,,,,,,,,,,,,,,,
,,,,,,,,,,,,,,,,,,,,,,,
,,,,,,,,,,,,,,,,,,,,,,,
,,,,,,,,,,,,,,,,,,,,,,,
,,,,,,,,,,,,,,,,,,,,,,,
,,,,,,,,,,,,,,,,,,,,,,,
,,,,,,,,,,,,,,,,,,,,,,,
,,,,,,,,,,,,,,,,,,,,,,,
,,,,,,,,,,,,,,,,,,,,,,,
,,,,,,,,,,,,,,,,,,,,,,,
,,,,,,,,,,,,,,,,,,,,,,,
,,,,,,,,,,,,,,,,,,,,,,,
,,,,,,,,,,,,,,,,,,,,,,,
,,,,,,,,,,,,,,,,,,,,,,,
,,,,,,,,,,,,,,,,,,,,,,,
Y,1200,1249,1200,1200,1229,1200,1249,1229,,1200,1200,1200,1229,1200,1200,1229,1200,1200,1200,1249,1229,1200,
,,,,,,,,,,,,,,,,,,,,,,,
Y,1200,1249,,,,1200,,,,,,,,1200,,,1200,,1200,1249,,,
,,,,,,,,,,,,,,,,,,,,,,,
,,,,,,,,,,,,,,,,,,,,,,,
,,,,,,,,,,,,,,,,,,,,,,,
,,,,,,,,,,,,,,,,,,,,,,,
,,,,,,,,,,,,,,,,,,,,,,,
,,,,,,,,,,,,,,,,,,,,,,,
,,,,,,,,,,,,,,,,,,,,,,,
,,,,,,,,,,,,,,,,,,,,,,,
,,,,,,,,,,,,,,,,,,,,,,,
,,,,,,,,,,,,,,,,,,,,,,,
,,,,,,,,,,,,,,,,,,,,,,,
,,,,,,,,,,,,,,,,,,,,,,,
Y,279,299,279,279,279,279,279,279,279,249,249,299,279,279,259,279,279,259,279,259,279,249,279
Y,199,199,199,199,199,199,179,199,199,139,139,,199,199,139,199,199,139,199,159,199,139,199
,,,,,,,,,,,,,,,,,,,,,,,
Y,199,199,199,199,199,199,189,199,199,139,139,199,199,199,139,199,199,139,199,159,199,139,199
,,,,,,,,,,,,,,,,,,,,,,,
,,,,,,,,,,,,,,,,,,,,,,,
,,,,,,,,,,,,,,,,,,,,,,,
Y,319,319,319,319,319,319,319,319,,319,319,319,319,319,319,319,319,319,319,319,,319,
,,,,,,,,,,,,,,,,,,,,,,,
,,,,,,,,,,,,,,,,,,,,,,,
,,,,,,,,,,,,,,,,,,,,,,,
,,,,,,,,,,,,,,,,,,,,,,,
Y,449,479,429,429,429,449,399,429,429,379,369,439,429,429,359,429,439,379,449,399,429,379,449
Y,509,509,489,489,489,509,499,489,489,399,399,479,489,489,399,489,479,399,509,439,489,399,509
Y,389,439,369,369,369,389,359,369,369,319,319,379,369,369,299,369,379,319,389,339,369,319,389
,,,,,,,,,,,,,,,,,,,,,,,
,,,,,,,,,,,,,,,,,,,,,,,
,,,,,,,,,,,,,,,,,,,,,,,
,,,,,,,,,,,,,,,,,,,,,,,
,,,,,,,,,,,,,,,,,,,,,,,
,,,,,,,,,,,,,,,,,,,,,,,
,,,,,,,,,,,,,,,,,,,,,,,
,,,,,,,,,,,,,,,,,,,,,,,
,,,,,,,,,,,,,,,,,,,,,,,
,,,,,,,,,,,,,,,,,,,,,,,
,,,,,,,,,,,,,,,,,,,,,,,
,,,,,,,,,,,,,,,,,,,,,,,
,,,,,,,,,,,,,,,,,,,,,,,
,,,,,,,,,,,,,,,,,,,,,,,
Y,339,349,319,319,319,339,339,319,319,349,349,329,319,319,349,319,329,349,339,339,319,349,339
Y,379,389,379,379,379,379,379,379,379,419,419,369,379,379,419,379,369,419,379,379,379,419,379
Y,299,309,279,279,279,299,289,279,279,279,279,289,279,279,279,279,289,279,299,289,279,279,299
,,,,,,,,,,,,,,,,,,,,,,,
Y,339,349,329,329,329,339,339,329,329,349,349,329,329,329,349,329,329,349,339,339,329,349,339
Y,379,389,379,379,379,379,379,379,379,419,419,369,379,379,419,379,369,419,379,379,379,419,379
Y,299,309,279,279,279,299,289,279,279,279,279,289,279,279,279,279,289,279,299,289,279,279,299
,,,,,,,,,,,,,,,,,,,,,,,
Y,339,349,329,329,329,339,339,329,329,349,349,329,329,329,349,329,329,349,339,339,329,,339
Y,379,389,379,379,379,379,379,379,379,419,419,369,379,379,419,379,369,419,379,379,379,,379
Y,299,309,279,279,279,299,289,279,279,279,279,289,279,279,279,279,289,279,299,289,279,,299
Y,289,289,289,289,289,289,289,289,289,289,289,289,289,289,289,289,289,289,289,289,289,289,289
Y,329,329,329,329,329,329,329,329,329,329,329,329,329,329,329,329,329,329,329,329,329,329,329
Y,249,249,249,249,249,249,249,249,249,249,249,249,249,249,249,249,249,249,249,249,249,249,249
,,,,,,,,,,,,,,,,,,,,,,,
,,,,,,,,,,,,,,,,,,,,,,,
,,,,,,,,,,,,,,,,,,,,,,,
,,,,,,,,,,,,,,,,,,,,,,,
,,,,,,,,,,,,,,,,,,,,,,,
Y,239,239,239,239,239,239,239,239,239,239,239,239,239,239,239,239,239,239,239,239,239,239,239
,,,,,,,,,,,,,,,,,,,,,,,
,,,,,,,,,,,,,,,,,,,,,,,
,,,,,,,,,,,,,,,,,,,,,,,
,,,,,,,,,,,,,,,,,,,,,,,
,,,,,,,,,,,,,,,,,,,,,,,
,,,,,,,,,,,,,,,,,,,,,,,
,,,,,,,,,,,,,,,,,,,,,,,
Y,30,39,30,30,30,30,30,30,30,30,30,39,30,30,30,30,39,30,30,30,30,30,30
,,,,,,,,,,,,,,,,,,,,,,,
,,,,,,,,,,,,,,,,,,,,,,,
,,,,,,,,,,,,,,,,,,,,,,,
,,,,,,,,,,,,,,,,,,,,,,,
,,,,,,,,,,,,,,,,,,,,,,,
,,,,,,,,,,,,,,,,,,,,,,,
,,,,,,,,,,,,,,,,,,,,,,,
,,,,,,,,,,,,,,,,,,,,,,,
,,,,,,,,,,,,,,,,,,,,,,,
,,,,,,,,,,,,,,,,,,,,,,,
,,,,,,,,,,,,,,,,,,,,,,,
,,,,,,,,,,,,,,,,,,,,,,,
,,,,,,,,,,,,,,,,,,,,,,,
,,,,,,,,,,,,,,,,,,,,,,,
,,,,,,,,,,,,,,,,,,,,,,,
,,,,,,,,,,,,,,,,,,,,,,,
,,,,,,,,,,,,,,,,,,,,,,,
,,,,,,,,,,,,,,,,,,,,,,,
,,,,,,,,,,,,,,,,,,,,,,,
,,,,,,,,,,,,,,,,,,,,,,,
,,,,,,,,,,,,,,,,,,,,,,,
,,,,,,,,,,,,,,,,,,,,,,,
Y,,159,,,,,,,,,,159,,,,,159,,,159,,,
,,,,,,,,,,,,,,,,,,,,,,,
Y,159,159,159,159,159,159,159,159,159,159,159,159,159,159,159,159,159,159,159,159,159,159,159
,,,,,,,,,,,,,,,,,,,,,,,
,,,,,,,,,,,,,,,,,,,,,,,
,,,,,,,,,,,,,,,,,,,,,,,
Y,,219,,,,,,,,,,219,,,,,219,,,219,,,
,,,,,,,,,,,,,,,,,,,,,,,
,,,,,,,,,,,,,,,,,,,,,,,
,,,,,,,,,,,,,,,,,,,,,,,
Y,30,39,30,30,30,30,30,30,30,30,30,39,30,30,30,30,39,30,30,30,30,30,30
,,,,,,,,,,,,,,,,,,,,,,,
,,,,,,,,,,,,,,,,,,,,,,,
,,,,,,,,,,,,,,,,,,,,,,,
,,,,,,,,,,,,,,,,,,,,,,,
,,,,,,,,,,,,,,,,,,,,,,,
Y,,,,,,,,,149,,,,,,,,,,,,149,,
,,,,,,,,,,,,,,,,,,,,,,,
,,,,,,,,,,,,,,,,,,,,,,,
,,,,,,,,,,,,,,,,,,,,,,,
,,,,,,,,,,,,,,,,,,,,,,,
,,,,,,,,,,,,,,,,,,,,,,,
,,,,,,,,,,,,,,,,,,,,,,,
,,,,,,,,,,,,,,,,,,,,,,,
,,,,,,,,,,,,,,,,,,,,,,,
,,,,,,,,,,,,,,,,,,,,,,,
,,,,,,,,,,,,,,,,,,,,,,,
,,,,,,,,,,,,,,,,,,,,,,,
,,,,,,,,,,,,,,,,,,,,,,,
,,,,,,,,,,,,,,,,,,,,,,,
,,,,,,,,,,,,,,,,,,,,,,,
,,,,,,,,,,,,,,,,,,,,,,,
,,,,,,,,,,,,,,,,,,,,,,,
,,,,,,,,,,,,,,,,,,,,,,,
,,,,,,,,,,,,,,,,,,,,,,,
,,,,,,,,,,,,,,,,,,,,,,,
,,,,,,,,,,,,,,,,,,,,,,,
,,,,,,,,,,,,,,,,,,,,,,,
,,,,,,,,,,,,,,,,,,,,,,,
,,,,,,,,,,,,,,,,,,,,,,,
,,,,,,,,,,,,,,,,,,,,,,,
,,,,,,,,,,,,,,,,,,,,,,,
,,,,,,,,,,,,,,,,,,,,,,,
,,,,,,,,,,,,,,,,,,,,,,,
,,,,,,,,,,,,,,,,,,,,,,,
,,,,,,,,,,,,,,,,,,,,,,,
,,,,,,,,,,,,,,,,,,,,,,,
,,,,,,,,,,,,,,,,,,,,,,,
,,,,,,,,,,,,,,,,,,,,,,,
,,,,,,,,,,,,,,,,,,,,,,,
,,,,,,,,,,,,,,,,,,,,,,,
,,,,,,,,,,,,,,,,,,,,,,,
,,,,,,,,,,,,,,,,,,,,,,,
Y,219,199,219,219,219,219,179,219,219,179,179,189,219,219,179,219,189,179,219,179,219,179,219
Y,599,529,599,599,599,599,529,599,599,479,479,499,599,599,479,599,499,479,599,479,599,479,599
,,,,,,,,,,,,,,,,,,,,,,,
,,,,,,,,,,,,,,,,,,,,,,,
Y,699,599,599,599,599,699,579,599,599,579,579,599,619,619,579,599,599,579,699,559,599,,699
Y,519,519,519,519,519,519,499,519,519,499,499,519,529,529,499,519,519,499,519,479,519,499,519
Y,519,519,519,519,519,519,499,519,,499,499,499,529,529,499,519,499,499,519,479,,,
Y,519,519,519,519,519,519,499,519,519,499,499,499,519,519,499,519,499,499,519,479,519,499,519
,,,,,,,,,,,,,,,,,,,,,,,
,,,,,,,,,,,,,,,,,,,,,,,
,,,,,,,,,,,,,,,,,,,,,,,
,,,,,,,,,,,,,,,,,,,,,,,
,,,,,,,,,,,,,,,,,,,,,,,
,,,,,,,,,,,,,,,,,,,,,,,
,,,,,,,,,,,,,,,,,,,,,,,
,,,,,,,,,,,,,,,,,,,,,,,
Y,369,369,369,369,369,369,369,369,369,369,369,369,369,369,369,369,369,369,369,369,369,,
Y,419,419,419,419,419,419,419,419,419,419,419,419,419,419,419,419,419,419,419,419,419,,
Y,329,329,329,329,329,329,329,329,329,329,329,329,329,329,329,329,329,329,329,329,329,,
,,,,,,,,,,,,,,,,,,,,,,,
,,,,,,,,,,,,,,,,,,,,,,,
Y,599,519,519,519,519,599,489,519,519,479,479,519,519,519,479,519,519,479,599,479,519,,599
Y,459,459,459,459,459,459,429,459,459,419,419,459,459,459,419,449,459,419,459,419,449,399,459
Y,459,459,459,459,459,459,429,459,,419,419,459,459,459,419,449,459,419,459,419,,,
Y,459,459,459,459,459,459,429,459,459,419,419,459,459,459,419,449,459,419,459,419,449,399,459
,,,,,,,,,,,,,,,,,,,,,,,
,,,,,,,,,,,,,,,,,,,,,,,
,,,,,,,,,,,,,,,,,,,,,,,
,,,,,,,,,,,,,,,,,,,,,,,
,,,,,,,,,,,,,,,,,,,,,,,
,,,,,,,,,,,,,,,,,,,,,,,
,,,,,,,,,,,,,,,,,,,,,,,
Y,0,0,0,0,0,0,0,0,,0,0,0,0,0,0,0,0,0,0,0,0,0,0
,,,,,,,,,,,,,,,,,,,,,,,
,,,,,,,,,,,,,,,,,,,,,,,
Y,200,200,200,200,200,200,200,200,200,200,200,200,200,200,200,200,200,200,200,200,200,200,200
,,,,,,,,,,,,,,,,,,,,,,,
,,,,,,,,,,,,,,,,,,,,,,,
,,,,,,,,,,,,,,,,,,,,,,,
Y,,15,15,15,15,,15,15,,,,15,15,15,,15,15,,,15,,,
,,,,,,,,,,,,,,,,,,,,,,,
,,,,,,,,,,,,,,,,,,,,,,,
,,,,,,,,,,,,,,,,,,,,,,,
,,,,,,,,,,,,,,,,,,,,,,,
,,,,,,,,,,,,,,,,,,,,,,,
,,,,,,,,,,,,,,,,,,,,,,,
Y,219,219,219,219,219,219,219,219,219,219,219,200,219,219,219,219,200,219,219,219,219,219,219
,,,,,,,,,,,,,,,,,,,,,,,
Y,219,219,219,219,219,219,219,219,219,219,219,200,219,219,219,219,200,219,219,219,219,219,219
,,,,,,,,,,,,,,,,,,,,,,,
Y,219,219,219,219,219,219,219,219,219,219,219,219,219,219,219,219,219,219,219,219,219,219,219
,,,,,,,,,,,,,,,,,,,,,,,
,,,,,,,,,,,,,,,,,,,,,,,
,,,,,,,,,,,,,,,,,,,,,,,
,,,,,,,,,,,,,,,,,,,,,,,
,,,,,,,,,,,,,,,,,,,,,,,
,,,,,,,,,,,,,,,,,,,,,,,
Y,60,60,60,60,60,60,60,60,,60,60,60,60,60,60,60,60,60,60,60,,,60
,,,,,,,,,,,,,,,,,,,,,,,
Y,80,75,75,75,75,80,75,75,,75,75,75,75,75,75,75,75,75,80,75,,90,80
Y,449,449,449,449,449,449,449,449,449,399,419,449,449,449,399,449,449,389,449,379,449,419,449
Y,449,449,449,449,449,449,449,449,,399,419,449,449,449,399,449,449,389,449,379,,,449
Y,549,549,549,549,549,549,539/549,549,549,459,479,529,549,549,459,549,529,449,549,439,549,499,549
Y,549,549,549,549,549,549,539/549,549,549,459,479,529,549,549,459,549,529,449,549,439,549,499,549
,,,,,,,,,,,,,,,,,,,,,,,
,,,,,,,,,,,,,,,,,,,,,,,
,,,,,,,,,,,,,,,,,,,,,,,
,,,,,,,,,,,,,,,,,,,,,,,
,,,,,,,,,,,,,,,,,,,,,,,
,,,,,,,,,,,,,,,,,,,,,,,
,,,,,,,,,,,,,,,,,,,,,,,
,,,,,,,,,,,,,,,,,,,,,,,
,,,,,,,,,,,,,,,,,,,,,,,
,,,,,,,,,,,,,,,,,,,,,,,
,,,,,,,,,,,,,,,,,,,,,,,
,,,,,,,,,,,,,,,,,,,,,,,
,,,,,,,,,,,,,,,,,,,,,,,
,,,,,,,,,,,,,,,,,,,,,,,
,,,,,,,,,,,,,,,,,,,,,,,
,,,,,,,,,,,,,,,,,,,,,,,
,,,,,,,,,,,,,,,,,,,,,,,
,,,,,,,,,,,,,,,,,,,,,,,
,,,,,,,,,,,,,,,,,,,,,,,
,,,,,,,,,,,,,,,,,,,,,,,
,,,,,,,,,,,,,,,,,,,,,,,
,,,,,,,,,,,,,,,,,,,,,,,
,,,,,,,,,,,,,,,,,,,,,,,
,,,,,,,,,,,,,,,,,,,,,,,
,,,,,,,,,,,,,,,,,,,,,,,
,,,,,,,,,,,,,,,,,,,,,,,
Y,369,369,369,369,369,369,369,369,369,369,369,369,369,369,369,369,369,369,369,369,369,,
Y,419,419,419,419,419,419,419,419,419,419,419,419,419,419,419,419,419,419,419,419,419,,
Y,329,329,329,329,329,329,329,329,329,329,329,329,329,329,329,329,329,329,329,329,329,,
,,,,,,,,,,,,,,,,,,,,,,,
,,,,,,,,,,,,,,,,,,,,,,,
,,,,,,,,,,,,,,,,,,,,,,,
,,,,,,,,,,,,,,,,,,,,,,,
,,,,,,,,,,,,,,,,,,,,,,,
,,,,,,,,,,,,,,,,,,,,,,,
,,,,,,,,,,,,,,,,,,,,,,,
,,,,,,,,,,,,,,,,,,,,,,,
,,,,,,,,,,,,,,,,,,,,,,,
,,,,,,,,,,,,,,,,,,,,,,,
,,,,,,,,,,,,,,,,,,,,,,,
,,,,,,,,,,,,,,,,,,,,,,,
,,,,,,,,,,,,,,,,,,,,,,,
,,,,,,,,,,,,,,,,,,,,,,,
,,,,,,,,,,,,,,,,,,,,,,,
,,,,,,,,,,,,,,,,,,,,,,,
,,,,,,,,,,,,,,,,,,,,,,,
,,,,,,,,,,,,,,,,,,,,,,,
,,,,,,,,,,,,,,,,,,,,,,,
,,,,,,,,,,,,,,,,,,,,,,,
,,,,,,,,,,,,,,,,,,,,,,,
,,,,,,,,,,,,,,,,,,,,,,,
,,,,,,,,,,,,,,,,,,,,,,,
Y,1019,989,939,939,939,1019,879,939,939,829,869,879,939,939,899,939,899,839,1019,829,939,839,1019
,,,,,,,,,,,,,,,,,,,,,,,
Y,219,219,219,219,219,219,229,219,,199,199,219,219,219,199,219,219,199,219,199,,,219
Y,939,889,919,919,919,939,849,919,899,849,859,939,919,899,839,899,939,839,939,799,899,869,939
,,,,,,,,,,,,,,,,,,,,,,,
,,,,,,,,,,,,,,,,,,,,,,,
Y,369,369,369,369,369,369,369,369,369,329,359,369,369,369,359,369,369,339,369,359,369,329,369
Y,499,499,479,479,479,499,479,479,479,419,419,499,479,479,419,479,499,419,499,479,479,419,499
,,,,,,,,,,,,,,,,,,,,,,,
,,,,,,,,,,,,,,,,,,,,,,,
,,,,,,,,,,,,,,,,,,,,,,,
,,,,,,,,,,,,,,,,,,,,,,,
,,,,,,,,,,,,,,,,,,,,,,,
Y,1049,1049,1049,1049,1049,1049,1019,1049,1049,999,999,999,1049,1049,1019,1049,999,1019,1049,919,1049,999,1049
Y,1169,1169,1149,1149,1149,1169,1049,1149,1149,1059,1059,1039,1149,1149,1079,1149,1039,1079,1169,999,1149,949,1169
,,,,,,,,,,,,,,,,,,,,,,,
,,,,,,,,,,,,,,,,,,,,,,,
Y,1049,1029,1029,1029,1029,1049,939,1029,1029,939,939,949,1029,1029,939,1029,949,939,1049,859,1029,939,1049
,,,,,,,,,,,,,,,,,,,,,,,
,,,,,,,,,,,,,,,,,,,,,,,
,,,,,,,,,,,,,,,,,,,,,,,
,,,,,,,,,,,,,,,,,,,,,,,
,,,,,,,,,,,,,,,,,,,,,,,
,,,,,,,,,,,,,,,,,,,,,,,
,,,,,,,,,,,,,,,,,,,,,,,
,,,,,,,,,,,,,,,,,,,,,,,
,,,,,,,,,,,,,,,,,,,,,,,
,,,,,,,,,,,,,,,,,,,,,,,
,,,,,,,,,,,,,,,,,,,,,,,
,,,,,,,,,,,,,,,,,,,,,,,
,,,,,,,,,,,,,,,,,,,,,,,
Y,299,299,299,299,299,299,299,299,299,299,299,309,299,299,299,299,309,299,299,299,299,299,299
,,,,,,,,,,,,,,,,,,,,,,,
,,,,,,,,,,,,,,,,,,,,,,,
,,,,,,,,,,,,,,,,,,,,,,,
,,,,,,,,,,,,,,,,,,,,,,,
,,,,,,,,,,,,,,,,,,,,,,,
,,,,,,,,,,,,,,,,,,,,,,,
,,,,,,,,,,,,,,,,,,,,,,,
,,,,,,,,,,,,,,,,,,,,,,,
,,,,,,,,,,,,,,,,,,,,,,,
,,,,,,,,,,,,,,,,,,,,,,,
,,,,,,,,,,,,,,,,,,,,,,,
,,,,,,,,,,,,,,,,,,,,,,,
,,,,,,,,,,,,,,,,,,,,,,,
,,,,,,,,,,,,,,,,,,,,,,,
,,,,,,,,,,,,,,,,,,,,,,,
,,,,,,,,,,,,,,,,,,,,,,,
,,,,,,,,,,,,,,,,,,,,,,,
,,,,,,,,,,,,,,,,,,,,,,,
,,,,,,,,,,,,,,,,,,,,,,,
,,,,,,,,,,,,,,,,,,,,,,,
,,,,,,,,,,,,,,,,,,,,,,,
,,,,,,,,,,,,,,,,,,,,,,,
,,,,,,,,,,,,,,,,,,,,,,,
,,,,,,,,,,,,,,,,,,,,,,,
,,,,,,,,,,,,,,,,,,,,,,,
,,,,,,,,,,,,,,,,,,,,,,,
,,,,,,,,,,,,,,,,,,,,,,,
,,,,,,,,,,,,,,,,,,,,,,,
,,,,,,,,,,,,,,,,,,,,,,,
,,,,,,,,,,,,,,,,,,,,,,,
,,,,,,,,,,,,,,,,,,,,,,,
,,,,,,,,,,,,,,,,,,,,,,,
,,,,,,,,,,,,,,,,,,,,,,,
,,,,,,,,,,,,,,,,,,,,,,,
,,,,,,,,,,,,,,,,,,,,,,,
,,,,,,,,,,,,,,,,,,,,,,,
,,,,,,,,,,,,,,,,,,,,,,,
,,,,,,,,,,,,,,,,,,,,,,,
,,,,,,,,,,,,,,,,,,,,,,,
,,,,,,,,,,,,,,,,,,,,,,,
,,,,,,,,,,,,,,,,,,,,,,,
,,,,,,,,,,,,,,,,,,,,,,,
,,,,,,,,,,,,,,,,,,,,,,,
Y,79/159,99/159,89/159,89/159,89/159,79/159,69/169,89/159,,79/139,79/139,149/159,89/159,89/159,79/139,89/159,149/159,79/139,79/159,79/139,,,79/159
Y,,199,199,199,199,,219,199,,199,199,,199,199,199,199,,199,,129,,,
,,,,,,,,,,,,,,,,,,,,,,,
,,,,,,,,,,,,,,,,,,,,,,,
,,,,,,,,,,,,,,,,,,,,,,,
Y,30,40,30,30,30,30,30,30,30,30,30,29,30,30,30,30,29,30,30,30,30,30,30
,,,,,,,,,,,,,,,,,,,,,,,
,,,,,,,,,,,,,,,,,,,,,,,
,,,,,,,,,,,,,,,,,,,,,,,
,,,,,,,,,,,,,,,,,,,,,,,
,,,,,,,,,,,,,,,,,,,,,,,
,,,,,,,,,,,,,,,,,,,,,,,
,,,,,,,,,,,,,,,,,,,,,,,
,,,,,,,,,,,,,,,,,,,,,,,
,,,,,,,,,,,,,,,,,,,,,,,
,,,,,,,,,,,,,,,,,,,,,,,
,,,,,,,,,,,,,,,,,,,,,,,
,,,,,,,,,,,,,,,,,,,,,,,
,,,,,,,,,,,,,,,,,,,,,,,
,,,,,,,,,,,,,,,,,,,,,,,
Y,270/669,250/689,270/619,270/619,270/619,270/669,249/619,270/619,270/619,250/599,240/619,239/639,270/619,270/599,240/599,270/619,239/639,240/599,270/669,249/599,270/619,270/599,270/669
,,,,,,,,,,,,,,,,,,,,,,,
,,,,,,,,,,,,,,,,,,,,,,,
,,,,,,,,,,,,,,,,,,,,,,,
,,,,,,,,,,,,,,,,,,,,,,,
,,,,,,,,,,,,,,,,,,,,,,,
,,,,,,,,,,,,,,,,,,,,,,,
,,,,,,,,,,,,,,,,,,,,,,,
,,,,,,,,,,,,,,,,,,,,,,,
,,,,,,,,,,,,,,,,,,,,,,,
,,,,,,,,,,,,,,,,,,,,,,,
,,,,,,,,,,,,,,,,,,,,,,,
,,,,,,,,,,,,,,,,,,,,,,,
,,,,,,,,,,,,,,,,,,,,,,,
,,,,,,,,,,,,,,,,,,,,,,,
,,,,,,,,,,,,,,,,,,,,,,,
,,,,,,,,,,,,,,,,,,,,,,,
,,,,,,,,,,,,,,,,,,,,,,,
,,,,,,,,,,,,,,,,,,,,,,,
Y,,529,539,539,539,549,519,539,539,509,509,529,539,539,509,539,529,519,549,519,539,509,
,,,,,,,,,,,,,,,,,,,,,,,
,,,,,,,,,,,,,,,,,,,,,,,
Y,519,519,549,549,549,519,499,549,549,499,499,519,549,549,499,549,519,499,519,519,549,499,519
,,,,,,,,,,,,,,,,,,,,,,,
Y,479,479,459,459,469,479,449,469,469,459,459,479,459,469,459,469,479,469,479,429,469,459,479
Y,289,289,289,289,289,289,200,289,289,289,289,299,289,289,289,289,299,289,289,289,289,289,289
,,,,,,,,,,,,,,,,,,,,,,,
Y,80,80,20,20,20,80,80,20,,80,80,80,20,20,80,20,80,80,80,80,,,
,,,,,,,,,,,,,,,,,,,,,,,
Y,65,65,60,60,60,65,89,60,60,75,75,65,60,60,79,60,65,75,65,89,60,79,65
,,,,,,,,,,,,,,,,,,,,,,,
Y,,80,,,,,,,,,,,80,,,,,,,,,,
,,,,,,,,,,,,,,,,,,,,,,,
,,,,,,,,,,,,,,,,,,,,,,,
,,,,,,,,,,,,,,,,,,,,,,,
Y,159,159,159,159,159,159,159,159,159,170,170,159,159,159,170,159,159,170,159,159,159,170,159
,,,,,,,,,,,,,,,,,,,,,,,
,,,,,,,,,,,,,,,,,,,,,,,
,,,,,,,,,,,,,,,,,,,,,,,
,,,,,,,,,,,,,,,,,,,,,,,
Y,65,40,30,30,30,65,49,30,30,30,30,99,35,30,30,30,99,30,65,40,30,30,65
,,,,,,,,,,,,,,,,,,,,,,,
,,,,,,,,,,,,,,,,,,,,,,,
,,,,,,,,,,,,,,,,,,,,,,,
,,,,,,,,,,,,,,,,,,,,,,,
,,,,,,,,,,,,,,,,,,,,,,,
,,,,,,,,,,,,,,,,,,,,,,,
,,,,,,,,,,,,,,,,,,,,,,,
,,,,,,,,,,,,,,,,,,,,,,,
,,,,,,,,,,,,,,,,,,,,,,,
Y,,494,489,489,489,,519,489,,,,499,489,489,,489,499,,,499,,,
,,,,,,,,,,,,,,,,,,,,,,,
,,,,,,,,,,,,,,,,,,,,,,,
,,,,,,,,,,,,,,,,,,,,,,,
,,,,,,,,,,,,,,,,,,,,,,,
,,,,,,,,,,,,,,,,,,,,,,,
Y,,494,489,489,489,,519,489,,,,499,489,489,,489,499,,,499,,,
,,,,,,,,,,,,,,,,,,,,,,,
,,,,,,,,,,,,,,,,,,,,,,,
,,,,,,,,,,,,,,,,,,,,,,,
,,,,,,,,,,,,,,,,,,,,,,,
,,,,,,,,,,,,,,,,,,,,,,,
,,,,,,,,,,,,,,,,,,,,,,,
,,,,,,,,,,,,,,,,,,,,,,,
,,,,,,,,,,,,,,,,,,,,,,,
,,,,,,,,,,,,,,,,,,,,,,,
,,,,,,,,,,,,,,,,,,,,,,,
,,,,,,,,,,,,,,,,,,,,,,,
,,,,,,,,,,,,,,,,,,,,,,,
,,,,,,,,,,,,,,,,,,,,,,,
,,,,,,,,,,,,,,,,,,,,,,,
,,,,,,,,,,,,,,,,,,,,,,,
,,,,,,,,,,,,,,,,,,,,,,,
,,,,,,,,,,,,,,,,,,,,,,,
,,,,,,,,,,,,,,,,,,,,,,,
,,,,,,,,,,,,,,,,,,,,,,,
,,,,,,,,,,,,,,,,,,,,,,,
,,,,,,,,,,,,,,,,,,,,,,,
,,,,,,,,,,,,,,,,,,,,,,,
,,,,,,,,,,,,,,,,,,,,,,,
,,,,,,,,,,,,,,,,,,,,,,,
,,,,,,,,,,,,,,,,,,,,,,,
,,,,,,,,,,,,,,,,,,,,,,,
,,,,,,,,,,,,,,,,,,,,,,,
,,,,,,,,,,,,,,,,,,,,,,,
,,,,,,,,,,,,,,,,,,,,,,,
,,,,,,,,,,,,,,,,,,,,,,,
,,,,,,,,,,,,,,,,,,,,,,,
,,,,,,,,,,,,,,,,,,,,,,,
,,,,,,,,,,,,,,,,,,,,,,,
,,,,,,,,,,,,,,,,,,,,,,,
,,,,,,,,,,,,,,,,,,,,,,,
,,,,,,,,,,,,,,,,,,,,,,,
,,,,,,,,,,,,,,,,,,,,,,,
,,,,,,,,,,,,,,,,,,,,,,,
Y,119,150,180,180,180,119,,180,180,60,60,100,180,180,60,180,100,60,119,129,180,60,240
,,,,,,,,,,,,,,,,,,,,,,,
Y,30,39,30,30,30,30,30,30,30,30,30,49,30,30,30,30,49,30,30,30,30,30,30
,,,,,,,,,,,,,,,,,,,,,,,
,,,,,,,,,,,,,,,,,,,,,,,
,,,,,,,,,,,,,,,,,,,,,,,
,,,,,,,,,,,,,,,,,,,,,,,
,,,,,,,,,,,,,,,,,,,,,,,
,,,,,,,,,,,,,,,,,,,,,,,
,,,,,,,,,,,,,,,,,,,,,,,
,,,,,,,,,,,,,,,,,,,,,,,
,,,,,,,,,,,,,,,,,,,,,,,
Y,0,0,0,0,0,0,0,0,0,0,0,0,0,0,0,0,0,0,0,0,0,0,0
Y,0,0,0,0,0,0,0,0,0,0,0,0,0,0,0,0,0,0,0,0,0,0,0
,,,,,,,,,,,,,,,,,,,,,,,
,,,,,,,,,,,,,,,,,,,,,,,
,,,,,,,,,,,,,,,,,,,,,,,
,,,,,,,,,,,,,,,,,,,,,,,
,,,,,,,,,,,,,,,,,,,,,,,
Y,299,319,329,329,329,299,319,329,,319,319,319,329,329,319,329,319,319,299,299,,,299
Y,459,449,439,449,459,459,499,459,449,399,399,439,449,439,399,449,439,399,459,439,449,399,459
Y,179,179,179,179,179,179,179,179,179,179,179,179,179,179,179,179,179,179,179,179,179,179,179
Y,219,239,229,229,229,219,239,229,229,269,269,219,229,229,269,229,219,269,219,219,229,269,219
,,,,,,,,,,,,,,,,,,,,,,,
Y,179,179,179,179,179,179,179,179,179,179,179,179,179,179,179,179,179,179,179,179,179,179,179
,,,,,,,,,,,,,,,,,,,,,,,
Y,219,239,229,229,229,219,239,229,229,269,269,209,229,229,269,229,209,269,219,219,229,,219
Y,169,169,169,169,169,169,169,169,169,159,159,169,169,169,159,169,169,159,169,169,169,159,169
,,,,,,,,,,,,,,,,,,,,,,,
Y,169,169,169,169,169,169,169,169,,159,159,169,169,169,159,169,169,159,169,169,,,
,,,,,,,,,,,,,,,,,,,,,,,
,,,,,,,,,,,,,,,,,,,,,,,
,,,,,,,,,,,,,,,,,,,,,,,
Y,419,419,429,429,429,419,429,429,,419,419,419,429,429,419,429,419,419,419,369,,,419
,,,,,,,,,,,,,,,,,,,,,,,
,,,,,,,,,,,,,,,,,,,,,,,
Y,459,449,439,449,459,459,499,459,,399,399,439,449,439,399,449,439,399,459,439,,399,
Y,519,499,519,519,519,519,419,519,,459,459,489,519,519,459,519,489,459,519,419,,,519
Y,159,159,159,159,159,159,159,159,159,159,159,159,159,159,159,159,159,159,159,159,159,159,159
Y,159,159,159,159,159,159,159,159,159,159,159,159,159,159,159,159,159,159,159,159,159,159,159
,,,,,,,,,,,,,,,,,,,,,,,
Y,159,159,159,159,159,159,159,159,159,159,159,159,159,159,159,159,159,159,159,159,159,159,159
,,,,,,,,,,,,,,,,,,,,,,,
Y,159,159,159,159,159,159,159,159,159,159,159,159,159,159,159,159,159,159,159,159,159,159,159
Y,159,159,159,159,159,159,159,159,159,159,159,159,159,159,159,159,159,159,159,159,159,159,159
,,,,,,,,,,,,,,,,,,,,,,,
Y,299,299,279,279,279,299,289,279,279,269,269,299,279,279,269,279,299,269,299,279,279,,299
Y,299,299,279,279,279,299,289,279,279,269,269,289,279,279,269,279,289,269,299,279,279,,299
Y,499,499,499,499,499,499,519,499,499,479,479,499,499,499,479,499,499,479,499,499,,,
Y,499,499,499,499,499,499,519,499,499,479,479,549,499,499,479,499,549,479,499,499,,,
Y,499,499,499,499,499,499,519,499,499,479,479,499,499,499,479,499,499,479,499,499,,,
Y,419,419,429,429,429,419,429,429,,419,419,419,429,429,419,429,419,419,419,369,,,419
,,,,,,,,,,,,,,,,,,,,,,,
Y,459,479,459,459,459,459,459,459,,439,439,469,459,459,439,459,469,439,459,389,,,459
,,,,,,,,,,,,,,,,,,,,,,,
,,,,,,,,,,,,,,,,,,,,,,,
Y,459,479,459,459,459,459,419,459,,439,439,439,459,459,439,459,439,439,459,389,,,459
,,,,,,,,,,,,,,,,,,,,,,,
Y,459,479,459,459,459,459,419,459,,439,439,439,459,459,439,459,439,439,459,389,,,
,,,,,,,,,,,,,,,,,,,,,,,
,,,,,,,,,,,,,,,,,,,,,,,
,,,,,,,,,,,,,,,,,,,,,,,
,,,,,,,,,,,,,,,,,,,,,,,
,,,,,,,,,,,,,,,,,,,,,,,
,,,,,,,,,,,,,,,,,,,,,,,
Y,207,239,219,219,219,207,219,219,219,207,217,239,219,219,207,219,239,207,207,219,219,207,207
Y,459,519,459,459,459,459,459,459,,429,429,459,459,459,429,459,459,429,459,399,,,459
,,,,,,,,,,,,,,,,,,,,,,,
Y,159,159,159,159,159,159,159,159,159,159,159,159,159,159,159,159,159,159,159,159,159,159,159
Y,449,479,459,469,469,449,469,459,489,399,399,449,469,459,399,469,449,399,449,519,489,439,449
Y,449,479,459,469,469,449,449,459,489,399,399,449,469,459,399,469,449,399,449,519,489,439,449
Y,449,479,459,469,469,449,469,459,489,399,399,449,469,459,399,469,449,399,449,519,489,439,449
Y,159,159,159,159,159,159,159,159,159,159,159,159,159,159,159,159,159,159,159,159,159,159,159
,,,,,,,,,,,,,,,,,,,,,,,
Y,,,175,175,175,,,175,175,,,,175,175,,175,,,,,175,,
,,,,,,,,,,,,,,,,,,,,,,,
,,,,,,,,,,,,,,,,,,,,,,,
Y,207,239,219,219,219,207,219,219,219,207,217,239,219,219,207,219,239,207,207,219,219,207,207
Y,,191,175,175,175,,149,175,175,154,154,151,175,175,154,175,151,154,,139,175,154,
Y,159,159,159,159,159,159,159,159,159,159,159,159,159,159,159,159,159,159,159,159,159,159,159
Y,,191,175,175,175,,149,175,175,154,154,151,175,175,154,175,151,154,,139,175,,
,,,,,,,,,,,,,,,,,,,,,,,
Y,207,239,219,219,219,207,219,219,219,207,217,239,219,219,207,219,239,207,207,219,219,207,207
Y,,191,175,175,175,,149,175,175,154,154,151,175,175,154,175,151,154,,139,175,154,
,,,,,,,,,,,,,,,,,,,,,,,
Y,207,239,219,219,219,207,219,219,219,207,217,239,219,219,207,219,239,207,207,219,219,207,207
,,,,,,,,,,,,,,,,,,,,,,,
Y,,191,175,175,175,,149,175,175,154,154,151,175,175,154,175,151,154,,139,175,154,
Y,219,239,229,229,229,219,239,229,229,269,269,219,229,229,269,229,219,269,219,219,229,219,219
,,,,,,,,,,,,,,,,,,,,,,,
,,,,,,,,,,,,,,,,,,,,,,,
,,,,,,,,,,,,,,,,,,,,,,,
,,,,,,,,,,,,,,,,,,,,,,,
Y,299,299,299,299,299,299,299,299,299,299,299,299,299,299,299,299,299,299,299,299,299,299,299
Y,339,339,339,339,339,339,339,339,339,339,339,339,339,339,339,339,339,339,339,339,339,339,339
Y,389,389,359/389,359/389,359/389,389,389,359/389,359/389,389,389,359/389,359/389,359/389,389,359/389,359/389,389,389,389,359/389,389,389
,,,,,,,,,,,,,,,,,,,,,,,
,,,,,,,,,,,,,,,,,,,,,,,
,,,,,,,,,,,,,,,,,,,,,,,
,,,,,,,,,,,,,,,,,,,,,,,
,,,,,,,,,,,,,,,,,,,,,,,
,,,,,,,,,,,,,,,,,,,,,,,
Y,119,119,119,119,119,119,99,119,119,99,99,99,119,119,99,119,99,99,119,99,119,99,119
Y,,,,,,,,,,,,,,,,,,,,,,139,
,,,,,,,,,,,,,,,,,,,,,,,
Y,,,,,,,,,,,,,,,,,,,,,,139,
,,,,,,,,,,,,,,,,,,,,,,,
,,,,,,,,,,,,,,,,,,,,,,,
,,,,,,,,,,,,,,,,,,,,,,,
,,,,,,,,,,,,,,,,,,,,,,,
,,,,,,,,,,,,,,,,,,,,,,,
,,,,,,,,,,,,,,,,,,,,,,,
,,,,,,,,,,,,,,,,,,,,,,,
,,,,,,,,,,,,,,,,,,,,,,,
,,,,,,,,,,,,,,,,,,,,,,,
,,,,,,,,,,,,,,,,,,,,,,,
,,,,,,,,,,,,,,,,,,,,,,,
,,,,,,,,,,,,,,,,,,,,,,,
,,,,,,,,,,,,,,,,,,,,,,,
,,,,,,,,,,,,,,,,,,,,,,,
,,,,,,,,,,,,,,,,,,,,,,,
,,,,,,,,,,,,,,,,,,,,,,,
,,,,,,,,,,,,,,,,,,,,,,,
,,,,,,,,,,,,,,,,,,,,,,,
,,,,,,,,,,,,,,,,,,,,,,,
,,,,,,,,,,,,,,,,,,,,,,,
,,,,,,,,,,,,,,,,,,,,,,,
,,,,,,,,,,,,,,,,,,,,,,,
,,,,,,,,,,,,,,,,,,,,,,,
,,,,,,,,,,,,,,,,,,,,,,,
,,,,,,,,,,,,,,,,,,,,,,,
,,,,,,,,,,,,,,,,,,,,,,,
,,,,,,,,,,,,,,,,,,,,,,,
,,,,,,,,,,,,,,,,,,,,,,,
,,,,,,,,,,,,,,,,,,,,,,,
,,,,,,,,,,,,,,,,,,,,,,,
Y,569,569,,569,569,569,,569,,569,569,569,,569,569,,569,569,569,,,569,569
Y,569,569,569,569,569,569,569,569,569,569,569,569,569,569,569,569,569,569,569,569,569,569,569
Y,569,569,569,569,569,569,569,569,569,569,569,569,569,569,569,569,569,569,569,569,569,569,569
,,,,,,,,,,,,,,,,,,,,,,,
,,,,,,,,,,,,,,,,,,,,,,,
,,,,,,,,,,,,,,,,,,,,,,,
,,,,,,,,,,,,,,,,,,,,,,,
,,,,,,,,,,,,,,,,,,,,,,,
,,,,,,,,,,,,,,,,,,,,,,,
,,,,,,,,,,,,,,,,,,,,,,,
,,,,,,,,,,,,,,,,,,,,,,,
Y,499,499,499,499,499,499,499,499,499,499,499,539,499,499,499,499,539,519,499,499,499,499,499
,,,,,,,,,,,,,,,,,,,,,,,
,,,,,,,,,,,,,,,,,,,,,,,
Y,499,499,499,499,499,499,499,499,499,499,499,539,499,499,499,499,539,519,499,499,499,499,499
,,,,,,,,,,,,,,,,,,,,,,,
Y,489,489,,489,489,489,,489,,489,489,469,,489,489,,469,519,489,,,489,489
Y,489,489,489,489,489,489,489,489,489,489,489,539,489,489,489,489,539,519,489,489,489,489,489
Y,489,489,489,489,489,489,489,489,489,489,489,469,489,489,489,489,469,519,489,489,489,489,489
,,,,,,,,,,,,,,,,,,,,,,,
Y,529,529,,529,529,529,,529,,529,529,539,,529,529,,539,549,529,,,529,529
Y,529,529,529,529,529,529,529,529,529,529,529,569,529,529,529,529,569,549,529,529,529,529,529
Y,529,529,529,529,529,529,529,529,529,529,529,539,529,529,529,529,539,549,529,529,529,529,529
,,,,,,,,,,,,,,,,,,,,,,,
,,,,,,,,,,,,,,,,,,,,,,,
,,,,,,,,,,,,,,,,,,,,,,,
,,,,,,,,,,,,,,,,,,,,,,,
,,,,,,,,,,,,,,,,,,,,,,,
,,,,,,,,,,,,,,,,,,,,,,,
,,,,,,,,,,,,,,,,,,,,,,,
,,,,,,,,,,,,,,,,,,,,,,,
,,,,,,,,,,,,,,,,,,,,,,,
,,,,,,,,,,,,,,,,,,,,,,,
,,,,,,,,,,,,,,,,,,,,,,,
Y,489,499,,489,489,489,,489,,489,489,499,,489,489,,489,519,489,,,469,489
Y,489,489,489,489,489,489,400,489,489,489,489,489,489,489,489,489,489,519,489,489,489,469,489
Y,489,489,489,489,489,489,489,489,489,489,489,489,489,489,489,489,489,519,489,489,489,469,489
,,,,,,,,,,,,,,,,,,,,,,,
Y,539,539,,539,539,539,,539,,539,539,549,,539,539,539,549,559,539,,,539,539
Y,539,539,539,539,539,539,539,539,539,539,539,539,539,539,539,539,539,559,539,539,539,539,539
Y,539,539,539,539,539,539,539,539,539,539,539,539,539,539,539,539,539,559,539,539,539,539,539
Y,539,539,,539,539,539,,539,,539,539,549,,539,539,,549,559,539,,,,
Y,539,539,539,539,539,539,539,539,,539,539,539,539,539,539,539,539,559,539,539,,,
Y,539,539,539,539,539,539,539,539,,539,539,539,539,539,539,539,539,559,539,539,,,
Y,489,489,,489,489,489,,489,,489,489,489,,489,489,,489,519,489,,,489,489
Y,489,489,489,489,489,489,489,489,489,489,489,489,489,489,489,489,489,519,489,489,489,489,489
Y,489,489,489,489,489,489,489,489,489,489,489,489,489,489,489,489,489,519,489,489,489,489,489
,,,,,,,,,,,,,,,,,,,,,,,
,,,,,,,,,,,,,,,,,,,,,,,
Y,399,399,379/399,379/399,379/399,399,399,379/399,379/399,379/399,379/399,379/399,379/399,379/399,379/399,379/399,379/399,379/399,399,399,379/399,399,399
,,,,,,,,,,,,,,,,,,,,,,,
,,,,,,,,,,,,,,,,,,,,,,,
,,,,,,,,,,,,,,,,,,,,,,,
,,,,,,,,,,,,,,,,,,,,,,,
,,,,,,,,,,,,,,,,,,,,,,,
,,,,,,,,,,,,,,,,,,,,,,,
,,,,,,,,,,,,,,,,,,,,,,,
,,,,,,,,,,,,,,,,,,,,,,,
Y,0,0,0,0,0,0,0,0,0,0,0,0,0,0,0,0,0,0,0,0,0,0,0
,,,,,,,,,,,,,,,,,,,,,,,
,,,,,,,,,,,,,,,,,,,,,,,
Y,1360,1869,1849,1849,1849,1909,1699,1849,1849,1819,1799,1789,1849,1849,1799,1849,1769,1799,1909,1719,1849,1819,1360
Y,1169,1159,1159,1159,1159,1169,1099,1159,,1119,1119,1149,1159,1159,1119,1159,1149,1119,1169,1079,,,1169
,,,,,,,,,,,,,,,,,,,,,,,
,,,,,,,,,,,,,,,,,,,,,,,
,,,,,,,,,,,,,,,,,,,,,,,
,,,,,,,,,,,,,,,,,,,,,,,
,,,,,,,,,,,,,,,,,,,,,,,
,,,,,,,,,,,,,,,,,,,,,,,
,,,,,,,,,,,,,,,,,,,,,,,
,,,,,,,,,,,,,,,,,,,,,,,
,,,,,,,,,,,,,,,,,,,,,,,
,,,,,,,,,,,,,,,,,,,,,,,
,,,,,,,,,,,,,,,,,,,,,,,
,,,,,,,,,,,,,,,,,,,,,,,
,,,,,,,,,,,,,,,,,,,,,,,
,,,,,,,,,,,,,,,,,,,,,,,
,,,,,,,,,,,,,,,,,,,,,,,
,,,,,,,,,,,,,,,,,,,,,,,
Y,50,30/50,35/59,35/59,35/59,50,49/50,35/59,59,30/50,30/50,30/49,35/59,35/59,30/50,35/59,30/49,30/50,50,50,59,50,50
,,,,,,,,,,,,,,,,,,,,,,,
,,,,,,,,,,,,,,,,,,,,,,,
,,,,,,,,,,,,,,,,,,,,,,,
,,,,,,,,,,,,,,,,,,,,,,,
,,,,,,,,,,,,,,,,,,,,,,,
,,,,,,,,,,,,,,,,,,,,,,,
,,,,,,,,,,,,,,,,,,,,,,,
,,,,,,,,,,,,,,,,,,,,,,,
,,,,,,,,,,,,,,,,,,,,,,,
,,,,,,,,,,,,,,,,,,,,,,,
,,,,,,,,,,,,,,,,,,,,,,,
,,,,,,,,,,,,,,,,,,,,,,,
,,,,,,,,,,,,,,,,,,,,,,,
,,,,,,,,,,,,,,,,,,,,,,,
,,,,,,,,,,,,,,,,,,,,,,,
,,,,,,,,,,,,,,,,,,,,,,,
,,,,,,,,,,,,,,,,,,,,,,,
,,,,,,,,,,,,,,,,,,,,,,,
,,,,,,,,,,,,,,,,,,,,,,,
,,,,,,,,,,,,,,,,,,,,,,,
,,,,,,,,,,,,,,,,,,,,,,,
,,,,,,,,,,,,,,,,,,,,,,,
,,,,,,,,,,,,,,,,,,,,,,,
,,,,,,,,,,,,,,,,,,,,,,,
,,,,,,,,,,,,,,,,,,,,,,,
,,,,,,,,,,,,,,,,,,,,,,,
,,,,,,,,,,,,,,,,,,,,,,,
,,,,,,,,,,,,,,,,,,,,,,,
,,,,,,,,,,,,,,,,,,,,,,,
,,,,,,,,,,,,,,,,,,,,,,,
,,,,,,,,,,,,,,,,,,,,,,,
,,,,,,,,,,,,,,,,,,,,,,,
,,,,,,,,,,,,,,,,,,,,,,,
,,,,,,,,,,,,,,,,,,,,,,,
,,,,,,,,,,,,,,,,,,,,,,,
,,,,,,,,,,,,,,,,,,,,,,,
,,,,,,,,,,,,,,,,,,,,,,,
,,,,,,,,,,,,,,,,,,,,,,,
,,,,,,,,,,,,,,,,,,,,,,,
,,,,,,,,,,,,,,,,,,,,,,,
,,,,,,,,,,,,,,,,,,,,,,,
,,,,,,,,,,,,,,,,,,,,,,,
,,,,,,,,,,,,,,,,,,,,,,,
,,,,,,,,,,,,,,,,,,,,,,,
,,,,,,,,,,,,,,,,,,,,,,,
,,,,,,,,,,,,,,,,,,,,,,,
,,,,,,,,,,,,,,,,,,,,,,,
,,,,,,,,,,,,,,,,,,,,,,,
,,,,,,,,,,,,,,,,,,,,,,,
,,,,,,,,,,,,,,,,,,,,,,,
,,,,,,,,,,,,,,,,,,,,,,,
,,,,,,,,,,,,,,,,,,,,,,,
,,,,,,,,,,,,,,,,,,,,,,,
,,,,,,,,,,,,,,,,,,,,,,,
,,,,,,,,,,,,,,,,,,,,,,,
,,,,,,,,,,,,,,,,,,,,,,,
,,,,,,,,,,,,,,,,,,,,,,,
,,,,,,,,,,,,,,,,,,,,,,,
,,,,,,,,,,,,,,,,,,,,,,,
,,,,,,,,,,,,,,,,,,,,,,,
,,,,,,,,,,,,,,,,,,,,,,,
,,,,,,,,,,,,,,,,,,,,,,,
,,,,,,,,,,,,,,,,,,,,,,,
,,,,,,,,,,,,,,,,,,,,,,,
,,,,,,,,,,,,,,,,,,,,,,,
,,,,,,,,,,,,,,,,,,,,,,,
,,,,,,,,,,,,,,,,,,,,,,,
,,,,,,,,,,,,,,,,,,,,,,,
,,,,,,,,,,,,,,,,,,,,,,,
,,,,,,,,,,,,,,,,,,,,,,,
Y,,319,,,,,329,,,319,319,200,,,319,,200,319,,279,,,
Y,,319,,,,,329,,,319,319,200,,,319,,200,319,,279,,,
Y,,319,,,,,329,,,319,319,299,,,319,,299,319,,279,,,
,,,,,,,,,,,,,,,,,,,,,,,
,,,,,,,,,,,,,,,,,,,,,,,
,,,,,,,,,,,,,,,,,,,,,,,
,,,,,,,,,,,,,,,,,,,,,,,
,,,,,,,,,,,,,,,,,,,,,,,
,,,,,,,,,,,,,,,,,,,,,,,
,,,,,,,,,,,,,,,,,,,,,,,
,,,,,,,,,,,,,,,,,,,,,,,
,,,,,,,,,,,,,,,,,,,,,,,
Y,,474,459,459,459,,469,459,,,,479,459,459,,459,479,,,449,,,
,,,,,,,,,,,,,,,,,,,,,,,
,,,,,,,,,,,,,,,,,,,,,,,
,,,,,,,,,,,,,,,,,,,,,,,
,,,,,,,,,,,,,,,,,,,,,,,
,,,,,,,,,,,,,,,,,,,,,,,
Y,,474,459,459,459,,469,459,,,,479,459,459,,459,479,,,449,,,
,,,,,,,,,,,,,,,,,,,,,,,
,,,,,,,,,,,,,,,,,,,,,,,
,,,,,,,,,,,,,,,,,,,,,,,
,,,,,,,,,,,,,,,,,,,,,,,
,,,,,,,,,,,,,,,,,,,,,,,
,,,,,,,,,,,,,,,,,,,,,,,
,,,,,,,,,,,,,,,,,,,,,,,
,,,,,,,,,,,,,,,,,,,,,,,
,,,,,,,,,,,,,,,,,,,,,,,
,,,,,,,,,,,,,,,,,,,,,,,
,,,,,,,,,,,,,,,,,,,,,,,
,,,,,,,,,,,,,,,,,,,,,,,
,,,,,,,,,,,,,,,,,,,,,,,
,,,,,,,,,,,,,,,,,,,,,,,
,,,,,,,,,,,,,,,,,,,,,,,
,,,,,,,,,,,,,,,,,,,,,,,
,,,,,,,,,,,,,,,,,,,,,,,
,,,,,,,,,,,,,,,,,,,,,,,
,,,,,,,,,,,,,,,,,,,,,,,
,,,,,,,,,,,,,,,,,,,,,,,
,,,,,,,,,,,,,,,,,,,,,,,
,,,,,,,,,,,,,,,,,,,,,,,
,,,,,,,,,,,,,,,,,,,,,,,
,,,,,,,,,,,,,,,,,,,,,,,
,,,,,,,,,,,,,,,,,,,,,,,
,,,,,,,,,,,,,,,,,,,,,,,
,,,,,,,,,,,,,,,,,,,,,,,
,,,,,,,,,,,,,,,,,,,,,,,
,,,,,,,,,,,,,,,,,,,,,,,
,,,,,,,,,,,,,,,,,,,,,,,
,,,,,,,,,,,,,,,,,,,,,,,
,,,,,,,,,,,,,,,,,,,,,,,
,,,,,,,,,,,,,,,,,,,,,,,
,,,,,,,,,,,,,,,,,,,,,,,
,,,,,,,,,,,,,,,,,,,,,,,
,,,,,,,,,,,,,,,,,,,,,,,
,,,,,,,,,,,,,,,,,,,,,,,
,,,,,,,,,,,,,,,,,,,,,,,
,,,,,,,,,,,,,,,,,,,,,,,
,,,,,,,,,,,,,,,,,,,,,,,
,,,,,,,,,,,,,,,,,,,,,,,
,,,,,,,,,,,,,,,,,,,,,,,
Y,699,699,699,699,699,699,649,699,699,599,599,649,699,699,599,699,649,599,699,629,699,599,699
Y,769,749,739,739,739,769,699,739,739,649,649,699,739,739,649,739,699,649,769,669,739,669,769
,,,,,,,,,,,,,,,,,,,,,,,
,,,,,,,,,,,,,,,,,,,,,,,
,,,,,,,,,,,,,,,,,,,,,,,
,,,,,,,,,,,,,,,,,,,,,,,
,,,,,,,,,,,,,,,,,,,,,,,
,,,,,,,,,,,,,,,,,,,,,,,
,,,,,,,,,,,,,,,,,,,,,,,
,,,,,,,,,,,,,,,,,,,,,,,
,,,,,,,,,,,,,,,,,,,,,,,
,,,,,,,,,,,,,,,,,,,,,,,
Y,499,499,469,469,469,499,489,469,,449,439,569,469,469,439,469,569,439,499,429,,,
,,,,,,,,,,,,,,,,,,,,,,,
Y,719,719,669,669,669,719,699,669,,649,669,679,669,669,669,669,669,669,719,679,,,
,,,,,,,,,,,,,,,,,,,,,,,
Y,849,849,859,859,859,849,779,859,859,749,749,819,859,859,749,859,819,749,849,719,859,779,849
,,,,,,,,,,,,,,,,,,,,,,,
Y,,879,,,,,,,,,,839,,,,,,,,,,,
,,,,,,,,,,,,,,,,,,,,,,,
Y,999,999,999,999,999,999,919,999,999,879,879,929,999,999,879,999,929,879,999,889,999,879,999
,,,,,,,,,,,,,,,,,,,,,,,
,,,,,,,,,,,,,,,,,,,,,,,
Y,,1049,,,,,,,,,,979,,,,,,,,,,,
Y,869,859,899,899,899,869,819,899,899,779,779,839,899,899,779,899,839,779,869,739,899,799,869
,,,,,,,,,,,,,,,,,,,,,,,
Y,1049,1029,1069,1069,1069,1049,949,1069,1069,909,909,979,1069,1069,909,1069,979,909,1049,889,1069,909,1049
,,,,,,,,,,,,,,,,,,,,,,,
,,,,,,,,,,,,,,,,,,,,,,,
Y,379,379,379,379,379,379,379,379,379,379,379,379,379,379,379,379,379,379,379,379,379,379,379
,,,,,,,,,,,,,,,,,,,,,,,
,,,,,,,,,,,,,,,,,,,,,,,
,,,,,,,,,,,,,,,,,,,,,,,
,,,,,,,,,,,,,,,,,,,,,,,
Y,,579,,,,,,,,579,,589,,,,,589,,,,,,
Y,,499,,,,,,,,479,,519,,,,,519,,,,,,
,,,,,,,,,,,,,,,,,,,,,,,
Y,699,599,599,599,599,699,579,599,599,579,579,599,599,599,579,599,599,579,699,559,599,579,699
Y,599,519,519,519,519,599,489,519,519,479,479,519,519,519,479,519,519,479,599,479,519,459,599
,,,,,,,,,,,,,,,,,,,,,,,
,,,,,,,,,,,,,,,,,,,,,,,
,,,,,,,,,,,,,,,,,,,,,,,
,,,,,,,,,,,,,,,,,,,,,,,
Y,439,439,459,439,439,439,419,439,439,419,419,439,439,459,419,439,439,419,439,399,439,419,439
Y,619,619,619,619,619,619,589,619,619,589,589,569,619,619,589,619,569,589,619,519,619,589,619
,,,,,,,,,,,,,,,,,,,,,,,
,,,,,,,,,,,,,,,,,,,,,,,
Y,599,599,579,579,579,599,579,579,,549,589,589,579,579,589,579,589,589,599,579,,,599
,,,,,,,,,,,,,,,,,,,,,,,
Y,669,669/689,639,639,619,669,619,639,619,619,639,659,619,639,639,639,659,639,669,619,619,639,649/669
,,,,,,,,,,,,,,,,,,,,,,,
Y,119,119,119,119,119,119,99,119,119,99,99,99,119,119,99,119,99,99,119,99,119,99,119
Y,119,119,119,119,119,119,99,119,119,99,99,99,119,119,99,119,99,99,119,99,119,99,119
Y,649,619,619,619,619,649,619,619,619,619,599,629,619,619,619,619,629,619,649,619,619,599,649
,,,,,,,,,,,,,,,,,,,,,,,
Y,679,649,649,649,649,679,639,649,649,639,629,659,649,649,639,649,659,639,679,639,649,629,679
,,,,,,,,,,,,,,,,,,,,,,,
,,,,,,,,,,,,,,,,,,,,,,,
,,,,,,,,,,,,,,,,,,,,,,,
,,,,,,,,,,,,,,,,,,,,,,,
,,,,,,,,,,,,,,,,,,,,,,,
,,,,,,,,,,,,,,,,,,,,,,,
,,,,,,,,,,,,,,,,,,,,,,,
,,,,,,,,,,,,,,,,,,,,,,,
,,,,,,,,,,,,,,,,,,,,,,,
,,,,,,,,,,,,,,,,,,,,,,,
,,,,,,,,,,,,,,,,,,,,,,,
Y,969,969,979,979,979,969,899,979,,729,699,899,979,979,739,979,899,739,969,799,,,
Y,969,969,979,979,979,969,899,979,,729,699,899,979,979,739,979,899,739,969,799,,,
,,,,,,,,,,,,,,,,,,,,,,,
,,,,,,,,,,,,,,,,,,,,,,,
Y,,969,979,979,979,,899,,,799,799,,979,,799,,899,799,,799,,,
,,,,,,,,,,,,,,,,,,,,,,,
Y,969,969,979,979,979,969,899,979,,799,779,929,979,979,779,979,929,779,969,799,,,
Y,969,969,979,979,979,969,899,979,,799,779,899,979,979,779,979,899,779,969,799,,,
Y,,969,979,979,979,,899,,,799,799,,979,,799,,899,799,,799,,,
,,,,,,,,,,,,,,,,,,,,,,,
,,,,,,,,,,,,,,,,,,,,,,,
,,,,,,,,,,,,,,,,,,,,,,,
,,,,,,,,,,,,,,,,,,,,,,,
,,,,,,,,,,,,,,,,,,,,,,,
,,,,,,,,,,,,,,,,,,,,,,,
,,,,,,,,,,,,,,,,,,,,,,,
,,,,,,,,,,,,,,,,,,,,,,,
,,,,,,,,,,,,,,,,,,,,,,,
,,,,,,,,,,,,,,,,,,,,,,,
,,,,,,,,,,,,,,,,,,,,,,,
,,,,,,,,,,,,,,,,,,,,,,,
,,,,,,,,,,,,,,,,,,,,,,,
,,,,,,,,,,,,,,,,,,,,,,,
,,,,,,,,,,,,,,,,,,,,,,,
,,,,,,,,,,,,,,,,,,,,,,,
,,,,,,,,,,,,,,,,,,,,,,,
,,,,,,,,,,,,,,,,,,,,,,,
,,,,,,,,,,,,,,,,,,,,,,,
,,,,,,,,,,,,,,,,,,,,,,,
,,,,,,,,,,,,,,,,,,,,,,,
,,,,,,,,,,,,,,,,,,,,,,,
,,,,,,,,,,,,,,,,,,,,,,,
,,,,,,,,,,,,,,,,,,,,,,,
,,,,,,,,,,,,,,,,,,,,,,,
,,,,,,,,,,,,,,,,,,,,,,,
,,,,,,,,,,,,,,,,,,,,,,,
,,,,,,,,,,,,,,,,,,,,,,,
,,,,,,,,,,,,,,,,,,,,,,,
,,,,,,,,,,,,,,,,,,,,,,,
,,,,,,,,,,,,,,,,,,,,,,,
,,,,,,,,,,,,,,,,,,,,,,,
,,,,,,,,,,,,,,,,,,,,,,,
,,,,,,,,,,,,,,,,,,,,,,,
,,,,,,,,,,,,,,,,,,,,,,,
,,,,,,,,,,,,,,,,,,,,,,,
Y,,39,,,,,,,,30,,49,,,,,49,,,,,,
,,,,,,,,,,,,,,,,,,,,,,,
,,,,,,,,,,,,,,,,,,,,,,,
,,,,,,,,,,,,,,,,,,,,,,,
Y,30,39,30,30,30,30,60,30,30,30,30,,30,30,30,30,,30,30,30,30,30,30
,,,,,,,,,,,,,,,,,,,,,,,
,,,,,,,,,,,,,,,,,,,,,,,
,,,,,,,,,,,,,,,,,,,,,,,
,,,,,,,,,,,,,,,,,,,,,,,
,,,,,,,,,,,,,,,,,,,,,,,
,,,,,,,,,,,,,,,,,,,,,,,
Y,279,279,289,289,289,279,279,289,,279,279,279,289,289,279,289,279,279,279,249,,,279
,,,,,,,,,,,,,,,,,,,,,,,
Y,399,419,399,399,399,399,399,399,419,379,369,399,399,399,359,399,399,379,399,399,399,379,399
Y,139,139,139,139,139,139,139,139,139,139,139,139,139,139,139,139,139,139,139,139,139,139,139
Y,179,199,179,179,179,179,189,179,179,199,199,179,179,179,199,179,179,199,179,179,179,199,179
Y,179,199,179,179,179,179,189,179,179,199,199,179,179,179,199,179,179,199,179,179,179,169,179
Y,139,139,139,139,139,139,139,139,139,139,139,139,139,139,139,139,139,139,139,139,139,139,139
,,,,,,,,,,,,,,,,,,,,,,,
Y,179,199,179,179,179,179,189,179,179,199,199,169,179,179,199,179,169,199,179,179,179,,179
Y,139,139,139,139,139,139,139,139,139,129,129,139,139,139,129,139,139,129,139,139,139,129,139
,,,,,,,,,,,,,,,,,,,,,,,
Y,139,139,139,139,139,139,139,139,,129,129,139,139,139,129,139,139,129,139,139,,,
,,,,,,,,,,,,,,,,,,,,,,,
,,,,,,,,,,,,,,,,,,,,,,,
,,,,,,,,,,,,,,,,,,,,,,,
Y,369,369,379,379,379,369,389,379,,369,369,369,379,379,369,379,369,369,369,339,,,369
,,,,,,,,,,,,,,,,,,,,,,,
Y,399,419,399,399,399,399,399,399,,379,369,399,399,399,359,399,399,379,399,399,,379,
Y,459,439,459,459,459,459,379,459,,439,419,459,459,459,439,459,459,439,459,399,,,459
Y,129,129,129,129,129,129,129,129,129,129,129,129,129,129,129,129,129,129,129,129,129,129,129
Y,129,129,129,129,129,129,129,129,129,129,129,129,129,129,129,129,129,129,129,129,129,129,129
,,,,,,,,,,,,,,,,,,,,,,,
Y,129,129,129,129,129,129,129,129,129,129,129,129,129,129,129,129,129,129,129,129,129,129,129
,,,,,,,,,,,,,,,,,,,,,,,
,,,,,,,,,,,,,,,,,,,,,,,
Y,129,129,129,129,129,129,129,129,129,129,129,129,129,129,129,129,129,129,129,129,129,129,129
Y,129,129,129,129,129,129,129,129,129,129,129,129,129,129,129,129,129,129,129,129,129,129,129
Y,249,249,249,249,249,249,259,249,249,249,249,259,249,249,249,249,259,249,249,259,249,,249
Y,249,249,249,249,249,249,259,249,249,249,249,259,249,249,249,249,259,249,249,259,249,,249
Y,479,459,459,459,459,479,459,459,459,439,439,459,459,459,439,459,459,439,479,459,,,
Y,479,459,459,459,459,479,459,459,459,439,439,479,459,459,439,459,479,439,479,459,,,
Y,479,459,459,459,459,479,459,459,459,439,439,459,459,459,439,459,459,439,479,459,,,
Y,369,369,379,379,379,369,389,379,,369,369,369,379,379,369,379,369,369,369,339,,,369
,,,,,,,,,,,,,,,,,,,,,,,
Y,419,429,419,419,419,419,399,419,,389,389,419,419,419,389,419,419,389,419,379,,,419
,,,,,,,,,,,,,,,,,,,,,,,
,,,,,,,,,,,,,,,,,,,,,,,
,,,,,,,,,,,,,,,,,,,,,,,
Y,419,429,419,419,419,419,369,419,,389,389,389,419,419,389,419,389,389,419,379,,,419
,,,,,,,,,,,,,,,,,,,,,,,
Y,419,429,419,419,419,419,369,419,,389,389,389,419,419,389,419,389,389,419,379,,,
,,,,,,,,,,,,,,,,,,,,,,,
,,,,,,,,,,,,,,,,,,,,,,,
,,,,,,,,,,,,,,,,,,,,,,,
,,,,,,,,,,,,,,,,,,,,,,,
,,,,,,,,,,,,,,,,,,,,,,,
,,,,,,,,,,,,,,,,,,,,,,,
,,,,,,,,,,,,,,,,,,,,,,,
,,,,,,,,,,,,,,,,,,,,,,,
Y,183,219,189,189,189,183,189,189,189,183,183,219,189,189,183,189,219,183,183,199,189,183,183
Y,419,459,419,419,419,419,419,419,,379,379,389,419,419,379,419,389,379,419,369,,,419
,,,,,,,,,,,,,,,,,,,,,,,
Y,129,129,129,129,129,129,129,129,129,129,129,129,129,129,129,129,129,129,129,129,129,129,129
Y,439,449,449,459,459,439,439,449,459,379,389,429,459,449,379,459,439,389,439,499,399,359,439
Y,439,449,449,459,459,439,419,449,459,379,389,429,459,449,379,459,439,389,439,499,399,359,439
Y,439,449,449,459,459,439,439,449,459,379,389,429,459,449,379,459,439,389,439,499,399,359,439
Y,129,129,129,129,129,129,129,129,129,129,129,129,129,129,129,129,129,129,129,129,129,129,129
,,,,,,,,,,,,,,,,,,,,,,,
Y,,,151,151,151,,,151,151,,,,151,151,,151,,,,,151,,
,,,,,,,,,,,,,,,,,,,,,,,
,,,,,,,,,,,,,,,,,,,,,,,
Y,183,219,189,189,189,183,189,189,189,183,183,219,189,189,183,189,219,183,183,199,189,183,183
Y,,175,151,151,151,,129,151,151,141,141,143,151,151,141,151,143,141,,129,151,141,
Y,129,129,129,129,129,129,129,129,129,129,129,129,129,129,129,129,129,129,129,129,129,129,129
Y,,175,151,151,151,,129,151,151,141,141,143,151,151,141,151,143,141,,129,151,,
,,,,,,,,,,,,,,,,,,,,,,,
Y,183,219,189,189,189,183,189,189,189,183,183,219,189,189,183,189,219,183,183,199,189,183,183
Y,,175,151,151,151,,129,151,151,141,141,143,151,151,141,151,143,141,,129,151,141,
,,,,,,,,,,,,,,,,,,,,,,,
Y,183,219,189,189,189,183,189,189,189,183,183,219,189,189,183,189,219,183,183,199,189,183,183
,,,,,,,,,,,,,,,,,,,,,,,
Y,,175,151,151,151,,129,151,151,141,141,143,151,151,141,151,143,141,,129,151,141,
,,,,,,,,,,,,,,,,,,,,,,,
,,,,,,,,,,,,,,,,,,,,,,,
,,,,,,,,,,,,,,,,,,,,,,,
Y,149,149,149,149,149,149,169,149,149,149,149,169,149,149,149,149,169,149,149,149,149,149,149
,,,,,,,,,,,,,,,,,,,,,,,
Y,239,239,239,239,239,239,239,239,239,239,239,239,239,239,239,239,239,239,239,239,239,239,239
Y,239,239,239,239,239,239,239,239,239,239,239,239,239,239,239,239,239,239,239,239,239,239,239
Y,239,239,239,239,239,239,239,239,,239,239,239,239,239,239,239,,239,239,239,,,
,,,,,,,,,,,,,,,,,,,,,,,
Y,239,239,239,239,239,239,239,239,,239,239,239,239,239,239,239,239,239,239,239,,,
Y,239,239,239,239,239,239,239,239,239,239,239,239,239,239,239,239,239,239,239,239,239,239,239
,,,,,,,,,,,,,,,,,,,,,,,
,,,,,,,,,,,,,,,,,,,,,,,
,,,,,,,,,,,,,,,,,,,,,,,
,,,,,,,,,,,,,,,,,,,,,,,
,,,,,,,,,,,,,,,,,,,,,,,
Y,30,39,30,30,30,30,30,30,30,30,30,49,30,30,30,30,49,30,30,30,30,30,30
,,,,,,,,,,,,,,,,,,,,,,,
,,,,,,,,,,,,,,,,,,,,,,,
,,,,,,,,,,,,,,,,,,,,,,,
,,,,,,,,,,,,,,,,,,,,,,,
,,,,,,,,,,,,,,,,,,,,,,,
,,,,,,,,,,,,,,,,,,,,,,,
,,,,,,,,,,,,,,,,,,,,,,,
Y,539,549,519,519,519,539,489,519,519,519,519,539,519,519,519,519,539,519,539,449,519,519,539
,,,,,,,,,,,,,,,,,,,,,,,
,,,,,,,,,,,,,,,,,,,,,,,
,,,,,,,,,,,,,,,,,,,,,,,
,,,,,,,,,,,,,,,,,,,,,,,
,,,,,,,,,,,,,,,,,,,,,,,
,,,,,,,,,,,,,,,,,,,,,,,
,,,,,,,,,,,,,,,,,,,,,,,
Y,129,130,220,220,220,129,130,220,220,130,130,169,220,220,130,220,169,130,129,130,220,130,129
,,,,,,,,,,,,,,,,,,,,,,,
,,,,,,,,,,,,,,,,,,,,,,,
,,,,,,,,,,,,,,,,,,,,,,,
,,,,,,,,,,,,,,,,,,,,,,,
,,,,,,,,,,,,,,,,,,,,,,,
,,,,,,,,,,,,,,,,,,,,,,,
,,,,,,,,,,,,,,,,,,,,,,,
,,,,,,,,,,,,,,,,,,,,,,,
,,,,,,,,,,,,,,,,,,,,,,,
,,,,,,,,,,,,,,,,,,,,,,,
,,,,,,,,,,,,,,,,,,,,,,,
,,,,,,,,,,,,,,,,,,,,,,,
,,,,,,,,,,,,,,,,,,,,,,,
,,,,,,,,,,,,,,,,,,,,,,,
,,,,,,,,,,,,,,,,,,,,,,,
,,,,,,,,,,,,,,,,,,,,,,,
Y,30,39,30,30,30,30,30,30,30,30,30,30,30,30,30,30,30,30,30,30,30,30,30
,,,,,,,,,,,,,,,,,,,,,,,
Y,,434,399,399,399,,419,399,,,,419,399,399,,399,419,,,399,,,
,,,,,,,,,,,,,,,,,,,,,,,
,,,,,,,,,,,,,,,,,,,,,,,
,,,,,,,,,,,,,,,,,,,,,,,
,,,,,,,,,,,,,,,,,,,,,,,
Y,,434,399,399,399,,419,399,,,,419,399,399,,399,419,,,399,,,
,,,,,,,,,,,,,,,,,,,,,,,
,,,,,,,,,,,,,,,,,,,,,,,
,,,,,,,,,,,,,,,,,,,,,,,
,,,,,,,,,,,,,,,,,,,,,,,
,,,,,,,,,,,,,,,,,,,,,,,
,,,,,,,,,,,,,,,,,,,,,,,
,,,,,,,,,,,,,,,,,,,,,,,
,,,,,,,,,,,,,,,,,,,,,,,
,,,,,,,,,,,,,,,,,,,,,,,
,,,,,,,,,,,,,,,,,,,,,,,
,,,,,,,,,,,,,,,,,,,,,,,
,,,,,,,,,,,,,,,,,,,,,,,
,,,,,,,,,,,,,,,,,,,,,,,
,,,,,,,,,,,,,,,,,,,,,,,
,,,,,,,,,,,,,,,,,,,,,,,
,,,,,,,,,,,,,,,,,,,,,,,
,,,,,,,,,,,,,,,,,,,,,,,
,,,,,,,,,,,,,,,,,,,,,,,
,,,,,,,,,,,,,,,,,,,,,,,
,,,,,,,,,,,,,,,,,,,,,,,
,,,,,,,,,,,,,,,,,,,,,,,
,,,,,,,,,,,,,,,,,,,,,,,
,,,,,,,,,,,,,,,,,,,,,,,
,,,,,,,,,,,,,,,,,,,,,,,
,,,,,,,,,,,,,,,,,,,,,,,
,,,,,,,,,,,,,,,,,,,,,,,
,,,,,,,,,,,,,,,,,,,,,,,
,,,,,,,,,,,,,,,,,,,,,,,
,,,,,,,,,,,,,,,,,,,,,,,
,,,,,,,,,,,,,,,,,,,,,,,
,,,,,,,,,,,,,,,,,,,,,,,
,,,,,,,,,,,,,,,,,,,,,,,
,,,,,,,,,,,,,,,,,,,,,,,
,,,,,,,,,,,,,,,,,,,,,,,
,,,,,,,,,,,,,,,,,,,,,,,
,,,,,,,,,,,,,,,,,,,,,,,
,,,,,,,,,,,,,,,,,,,,,,,
,,,,,,,,,,,,,,,,,,,,,,,
,,,,,,,,,,,,,,,,,,,,,,,
,,,,,,,,,,,,,,,,,,,,,,,
,,,,,,,,,,,,,,,,,,,,,,,
,,,,,,,,,,,,,,,,,,,,,,,
,,,,,,,,,,,,,,,,,,,,,,,
,,,,,,,,,,,,,,,,,,,,,,,
Y,269,249,189,199,189,269,189,189,,199,189,249,189,189,179,199,249,169,269,189,,,
,,,,,,,,,,,,,,,,,,,,,,,
,,,,,,,,,,,,,,,,,,,,,,,
,,,,,,,,,,,,,,,,,,,,,,,
,,,,,,,,,,,,,,,,,,,,,,,
,,,,,,,,,,,,,,,,,,,,,,,
,,,,,,,,,,,,,,,,,,,,,,,
,,,,,,,,,,,,,,,,,,,,,,,
Y,299,279,289,289,289,299,219,289,289,259,249,299,289,289,249,289,299,259,299,199,289,249,299
,,,,,,,,,,,,,,,,,,,,,,,
Y,125/250,125/210,125/260,125/260,125/260,125/250,119/219,125/260,125/260,115/210,115/210,100/239,125/260,125/260,115/210,125/260,100/239,115/210,125/250,119/219,125/260,115/210,125/250
,,,,,,,,,,,,,,,,,,,,,,,
Y,119,119,149,149,149,119,99,149,149,139,139,149,149,149,139,149,149,139,119,99,149,139,119
,,,,,,,,,,,,,,,,,,,,,,,
Y,250,250,250,250,250,250,250,250,250,250,250,250,250,250,250,250,250,250,250,250,250,250,250
,,,,,,,,,,,,,,,,,,,,,,,
,,,,,,,,,,,,,,,,,,,,,,,
,,,,,,,,,,,,,,,,,,,,,,,
,,,,,,,,,,,,,,,,,,,,,,,
Y,219,219,239,239,239,219,229,239,,219,219,219,239,239,219,239,219,219,219,199,,,219
,,,,,,,,,,,,,,,,,,,,,,,
Y,339,379,339,339,339,339,359,339,359,319,319,339,339,339,299,339,339,319,339,339,349,319,339
Y,100,100,100,100,100,100,100,100,100,100,100,100,100,100,100,100,100,100,100,100,100,100,100
Y,149,160,139,139,139,149,149,139,139,139,139,139,139,139,139,139,139,139,149,149,139,139,149
Y,149,160,139,139,139,149,149,139,139,139,139,139,139,139,139,139,139,139,149,149,139,139,149
Y,100,100,100,100,100,100,100,100,100,100,100,100,100,100,100,100,100,100,100,100,100,100,100
,,,,,,,,,,,,,,,,,,,,,,,
Y,149,160,139,139,139,149,149,139,139,139,139,139,139,139,139,139,139,139,149,149,139,,149
Y,100,100,100,100,100,100,100,100,100,100,100,100,100,100,100,100,100,100,100,100,100,100,100
,,,,,,,,,,,,,,,,,,,,,,,
,,,,,,,,,,,,,,,,,,,,,,,
Y,100,100,100,100,100,100,100,100,,100,100,100,100,100,100,100,100,100,100,100,,,
,,,,,,,,,,,,,,,,,,,,,,,
,,,,,,,,,,,,,,,,,,,,,,,
,,,,,,,,,,,,,,,,,,,,,,,
Y,319,299,329,329,329,319,319,329,,289,289,319,329,329,289,329,319,289,319,269,,,319
,,,,,,,,,,,,,,,,,,,,,,,
Y,339,379,339,339,339,339,359,339,,319,319,339,339,339,299,339,339,319,339,339,,319,
,,,,,,,,,,,,,,,,,,,,,,,
Y,379,379,379,379,379,379,339,379,,359,359,379,379,379,359,379,379,359,379,369,,,379
Y,100,100,100,100,100,100,100,100,100,100,100,100,100,100,100,100,100,100,100,100,100,100,100
Y,100,100,100,100,100,100,100,100,100,100,100,100,100,100,100,100,100,100,100,100,100,100,100
,,,,,,,,,,,,,,,,,,,,,,,
Y,100,100,100,100,100,100,100,100,100,100,100,100,100,100,100,100,100,100,100,100,100,100,100
,,,,,,,,,,,,,,,,,,,,,,,
,,,,,,,,,,,,,,,,,,,,,,,
Y,100,100,100,100,100,100,100,100,100,100,100,100,100,100,100,100,100,100,100,100,100,100,100
Y,100,100,100,100,100,100,100,100,100,100,100,100,100,100,100,100,100,100,100,100,100,100,100
,,,,,,,,,,,,,,,,,,,,,,,
,,,,,,,,,,,,,,,,,,,,,,,
Y,189,189,199,199,199,189,199,199,199,179,179,199,199,199,179,199,199,189,189,169,199,,189
Y,189,189,199,199,199,189,199,199,199,179,179,199,199,199,179,199,199,189,189,169,199,,189
Y,399,399,419,419,419,399,399,419,419,399,399,399,419,419,399,419,399,399,399,389,,,
Y,399,399,419,419,419,399,399,419,419,399,399,419,419,419,399,419,419,399,399,389,,,
Y,399,399,419,419,419,399,399,419,419,399,399,399,419,419,399,419,399,399,399,389,,,
Y,319,299,329,329,329,319,299,329,,289,289,319,329,329,289,329,319,289,319,269,,,319
,,,,,,,,,,,,,,,,,,,,,,,
,,,,,,,,,,,,,,,,,,,,,,,
Y,359,359,359,359,359,359,359,359,,309,309,369,359,359,309,359,369,309,359,289,,,359
,,,,,,,,,,,,,,,,,,,,,,,
,,,,,,,,,,,,,,,,,,,,,,,
,,,,,,,,,,,,,,,,,,,,,,,
,,,,,,,,,,,,,,,,,,,,,,,
,,,,,,,,,,,,,,,,,,,,,,,
,,,,,,,,,,,,,,,,,,,,,,,
Y,359,359,359,359,359,359,319,359,,309,309,329,359,359,309,359,329,309,359,289,,,359
,,,,,,,,,,,,,,,,,,,,,,,
Y,359,359,359,359,359,359,319,369,,309,309,329,359,359,309,359,329,309,359,289,,,
,,,,,,,,,,,,,,,,,,,,,,,
,,,,,,,,,,,,,,,,,,,,,,,
,,,,,,,,,,,,,,,,,,,,,,,
,,,,,,,,,,,,,,,,,,,,,,,
,,,,,,,,,,,,,,,,,,,,,,,
,,,,,,,,,,,,,,,,,,,,,,,
,,,,,,,,,,,,,,,,,,,,,,,
,,,,,,,,,,,,,,,,,,,,,,,
Y,159,180,169,169,169,159,159,169,169,159,159,179,169,169,159,169,179,159,159,169,169,159,159
Y,349,399,349,349,349,349,349,349,,319,319,349,349,349,319,349,349,319,349,299,,,349
,,,,,,,,,,,,,,,,,,,,,,,
,,,,,,,,,,,,,,,,,,,,,,,
,,,,,,,,,,,,,,,,,,,,,,,
,,,,,,,,,,,,,,,,,,,,,,,
,,,,,,,,,,,,,,,,,,,,,,,
,,,,,,,,,,,,,,,,,,,,,,,
,,,,,,,,,,,,,,,,,,,,,,,
,,,,,,,,,,,,,,,,,,,,,,,
,,,,,,,,,,,,,,,,,,,,,,,
Y,100,100,100,100,100,100,100,100,100,100,100,100,100,100,100,100,100,100,100,100,100,100,100
Y,379,379,379,399,399,379,359,399,399,359,319,369,399,369,319,399,389,319,379,399,389,339,379
Y,379,379,379,399,399,379,339,399,399,359,319,329,399,369,319,399,389,319,379,399,389,339,379
Y,379,379,379,399,399,379,359,399,399,359,319,379,399,369,319,399,389,319,379,399,389,339,379
Y,100,100,100,100,100,100,100,100,100,100,100,100,100,100,100,100,100,100,100,100,100,100,100
,,,,,,,,,,,,,,,,,,,,,,,
Y,,,135,135,135,,,135,135,,,,135,135,,135,,,,,135,,
,,,,,,,,,,,,,,,,,,,,,,,
,,,,,,,,,,,,,,,,,,,,,,,
Y,159,180,169,169,169,159,159,169,169,159,159,179,169,169,159,169,179,159,159,169,169,159,159
Y,,144,135,135,135,,119,135,135,123,123,129,135,135,123,135,129,123,,119,135,123,
Y,100,100,100,100,100,100,100,100,100,100,100,100,100,100,100,100,100,100,100,100,100,100,100
Y,,144,135,135,135,,119,135,135,123,123,129,135,135,123,135,129,123,,119,135,,
,,,,,,,,,,,,,,,,,,,,,,,
Y,159,180,169,169,169,159,159,169,169,159,159,179,169,169,159,169,179,159,159,169,169,159,159
Y,,144,135,135,135,,119,135,135,123,123,129,135,135,123,135,129,123,,119,135,123,
,,,,,,,,,,,,,,,,,,,,,,,
Y,159,180,169,169,169,159,159,169,169,159,159,179,169,169,159,169,179,159,159,169,169,159,159
,,,,,,,,,,,,,,,,,,,,,,,
Y,,144,135,135,135,,119,135,135,123,123,129,135,135,123,135,129,123,,119,135,123,
,,,,,,,,,,,,,,,,,,,,,,,
,,,,,,,,,,,,,,,,,,,,,,,
,,,,,,,,,,,,,,,,,,,,,,,
,,,,,,,,,,,,,,,,,,,,,,,
,,,,,,,,,,,,,,,,,,,,,,,
,,,,,,,,,,,,,,,,,,,,,,,
,,,,,,,,,,,,,,,,,,,,,,,
,,,,,,,,,,,,,,,,,,,,,,,
,,,,,,,,,,,,,,,,,,,,,,,
,,,,,,,,,,,,,,,,,,,,,,,
,,,,,,,,,,,,,,,,,,,,,,,
,,,,,,,,,,,,,,,,,,,,,,,
,,,,,,,,,,,,,,,,,,,,,,,
,,,,,,,,,,,,,,,,,,,,,,,
,,,,,,,,,,,,,,,,,,,,,,,
Y,150,150,150,150,150,150,159,150,150,100,100,175,150,150,100,150,175,100,150,159,150,100,150
,,,,,,,,,,,,,,,,,,,,,,,
Y,300,300,300,300,300,300,299,300,300,200,200,350,300,300,200,300,350,200,300,299,300,200,300
,,,,,,,,,,,,,,,,,,,,,,,
Y,300,300,300,300,300,300,299,300,,200,200,350,300,300,200,300,350,200,300,299,,,
Y,0,0,0,0,0,0,0,0,0,0,0,0,0,0,0,0,0,0,0,,0,0,0
,,,,,,,,,,,,,,,,,,,,,,,
,,,,,,,,,,,,,,,,,,,,,,,
,,,,,,,,,,,,,,,,,,,,,,,
,,,,,,,,,,,,,,,,,,,,,,,
Y,150,150,150,150,150,150,159,150,,100,100,175,150,150,100,150,175,100,150,159,,,
,,,,,,,,,,,,,,,,,,,,,,,
,,,,,,,,,,,,,,,,,,,,,,,
Y,130/230,110/200,150/230,150/230,150/230,130/230,159/219,150/230,150/230,150/160,150/160,179/250,150/230,150/230,150/160,150/230,179/250,150/160,130/230,159/219,150/230,140/175,130/230
,,,,,,,,,,,,,,,,,,,,,,,
,,,,,,,,,,,,,,,,,,,,,,,
,,,,,,,,,,,,,,,,,,,,,,,
,,,,,,,,,,,,,,,,,,,,,,,
Y,,819,,,,849,789,,,749,769,799,,,779,,799,759,,789,,759,
,,,,,,,,,,,,,,,,,,,,,,,
,,,,,,,,,,,,,,,,,,,,,,,
,,,,,,,,,,,,,,,,,,,,,,,
,,,,,,,,,,,,,,,,,,,,,,,
,,,,,,,,,,,,,,,,,,,,,,,
,,,,,,,,,,,,,,,,,,,,,,,
,,,,,,,,,,,,,,,,,,,,,,,
,,,,,,,,,,,,,,,,,,,,,,,
Y,439,419,399,459,389,439,379,399,,439,419,439,459,399,419,399,419,399,439,319,,,
Y,439,419,439,439,439,439,439,439,439,459,459,479,439,439,459,439,479,459,439,419,439,459,439
,,,,,,,,,,,,,,,,,,,,,,,
,,,,,,,,,,,,,,,,,,,,,,,
Y,619,599,619,619,619,619,589,619,619,599,599,619,619,619,589,619,619,589,619,599,619,589,619
,,,,,,,,,,,,,,,,,,,,,,,
,,,,,,,,,,,,,,,,,,,,,,,
,,,,,,,,,,,,,,,,,,,,,,,
Y,,,,,,,,,,,,,799,,,,,,,,,,
,,,,,,,,,,,,,,,,,,,,,,,
,,,,,,,,,,,,,,,,,,,,,,,
Y,,,,,,,,,,,,,799,,,,,,,,,,
,,,,,,,,,,,,,,,,,,,,,,,
,,,,,,,,,,,,,,,,,,,,,,,
,,,,,,,,,,,,,,,,,,,,,,,
,,,,,,,,,,,,,,,,,,,,,,,
,,,,,,,,,,,,,,,,,,,,,,,
,,,,,,,,,,,,,,,,,,,,,,,
,,,,,,,,,,,,,,,,,,,,,,,
,,,,,,,,,,,,,,,,,,,,,,,
Y,859,859,839,839,839,859,819,839,839,849,819,879,839,839,819,839,859,839,859,799,839,819,859
Y,969,969,969,969,969,969,899,969,969,929,899,939,969,969,879,969,919,899,969,839,969,879,969
Y,859,819,819,819,819,859,749,819,819,739,739,779,819,819,739,819,779,739,859,679,819,739,859
,,,,,,,,,,,,,,,,,,,,,,,
,,,,,,,,,,,,,,,,,,,,,,,
,,,,,,,,,,,,,,,,,,,,,,,
,,,,,,,,,,,,,,,,,,,,,,,
,,,,,,,,,,,,,,,,,,,,,,,
,,,,,,,,,,,,,,,,,,,,,,,
,,,,,,,,,,,,,,,,,,,,,,,
,,,,,,,,,,,,,,,,,,,,,,,
,,,,,,,,,,,,,,,,,,,,,,,
,,,,,,,,,,,,,,,,,,,,,,,
,,,,,,,,,,,,,,,,,,,,,,,
,,,,,,,,,,,,,,,,,,,,,,,
,,,,,,,,,,,,,,,,,,,,,,,
,,,,,,,,,,,,,,,,,,,,,,,
,,,,,,,,,,,,,,,,,,,,,,,
,,,,,,,,,,,,,,,,,,,,,,,
,,,,,,,,,,,,,,,,,,,,,,,
,,,,,,,,,,,,,,,,,,,,,,,
,,,,,,,,,,,,,,,,,,,,,,,
,,,,,,,,,,,,,,,,,,,,,,,
,,,,,,,,,,,,,,,,,,,,,,,
,,,,,,,,,,,,,,,,,,,,,,,
,,,,,,,,,,,,,,,,,,,,,,,
,,,,,,,,,,,,,,,,,,,,,,,
,,,,,,,,,,,,,,,,,,,,,,,
,,,,,,,,,,,,,,,,,,,,,,,
,,,,,,,,,,,,,,,,,,,,,,,
,,,,,,,,,,,,,,,,,,,,,,,
,,,,,,,,,,,,,,,,,,,,,,,
Y,1174,1144,1144,1144,1144,1174,1194,1144,1144,1134,1134,1114,1144,1144,1124,1144,1114,1134,1174,1034,1144,1094,1174
Y,1624,1554,1674,1674,1674,1624,1444,1674,1674,1374,1374,1464,1674,1674,1374,1674,1444,1374,1624,1454,1674,1374,1624
Y,875,875,875,875,875,875,875,875,875,875,875,875,875,875,875,875,875,875,875,875,875,875,875
,,,,,,,,,,,,,,,,,,,,,,,
,,,,,,,,,,,,,,,,,,,,,,,
,,,,,,,,,,,,,,,,,,,,,,,
,,,,,,,,,,,,,,,,,,,,,,,
,,,,,,,,,,,,,,,,,,,,,,,
,,,,,,,,,,,,,,,,,,,,,,,
,,,,,,,,,,,,,,,,,,,,,,,
,,,,,,,,,,,,,,,,,,,,,,,
,,,,,,,,,,,,,,,,,,,,,,,
,,,,,,,,,,,,,,,,,,,,,,,
,,,,,,,,,,,,,,,,,,,,,,,
,,,,,,,,,,,,,,,,,,,,,,,
,,,,,,,,,,,,,,,,,,,,,,,
,,,,,,,,,,,,,,,,,,,,,,,
,,,,,,,,,,,,,,,,,,,,,,,
,,,,,,,,,,,,,,,,,,,,,,,
,,,,,,,,,,,,,,,,,,,,,,,
,,,,,,,,,,,,,,,,,,,,,,,
,,,,,,,,,,,,,,,,,,,,,,,
,,,,,,,,,,,,,,,,,,,,,,,
,,,,,,,,,,,,,,,,,,,,,,,
Y,49,0,0,0,0,49,50,0,0,30,30,39,0,0,30,0,39,30,49,50,0,30,49
Y,0,0,0,0,0,0,0,0,0,0,0,0,0,0,0,0,0,0,0,0,0,0,0
Y,0,0,0,0,0,0,0,0,0,0,0,0,0,0,0,0,0,0,0,0,0,0,0
,,,,,,,,,,,,,,,,,,,,,,,
Y,0,0,0,0,0,0,0,0,0,0,0,0,0,0,0,0,0,0,0,0,0,0,0
,,,,,,,,,,,,,,,,,,,,,,,
,,,,,,,,,,,,,,,,,,,,,,,
,,,,,,,,,,,,,,,,,,,,,,,
,,,,,,,,,,,,,,,,,,,,,,,
,,,,,,,,,,,,,,,,,,,,,,,
,,,,,,,,,,,,,,,,,,,,,,,
,,,,,,,,,,,,,,,,,,,,,,,
,,,,,,,,,,,,,,,,,,,,,,,
,,,,,,,,,,,,,,,,,,,,,,,
,,,,,,,,,,,,,,,,,,,,,,,
,,,,,,,,,,,,,,,,,,,,,,,
,,,,,,,,,,,,,,,,,,,,,,,
,,,,,,,,,,,,,,,,,,,,,,,
,,,,,,,,,,,,,,,,,,,,,,,
,,,,,,,,,,,,,,,,,,,,,,,
,,,,,,,,,,,,,,,,,,,,,,,
,,,,,,,,,,,,,,,,,,,,,,,
,,,,,,,,,,,,,,,,,,,,,,,
,,,,,,,,,,,,,,,,,,,,,,,
,,,,,,,,,,,,,,,,,,,,,,,
,,,,,,,,,,,,,,,,,,,,,,,
,,,,,,,,,,,,,,,,,,,,,,,
,,,,,,,,,,,,,,,,,,,,,,,
,,,,,,,,,,,,,,,,,,,,,,,
,,,,,,,,,,,,,,,,,,,,,,,
,,,,,,,,,,,,,,,,,,,,,,,
,,,,,,,,,,,,,,,,,,,,,,,
,,,,,,,,,,,,,,,,,,,,,,,
,,,,,,,,,,,,,,,,,,,,,,,
Y,0,0,0,0,0,0,0,0,,0,0,0,0,0,0,0,0,0,0,0,,0,
,,,,,,,,,,,,,,,,,,,,,,,
,,,,,,,,,,,,,,,,,,,,,,,
,,,,,,,,,,,,,,,,,,,,,,,
,,,,,,,,,,,,,,,,,,,,,,,
,,,,,,,,,,,,,,,,,,,,,,,
,,,,,,,,,,,,,,,,,,,,,,,
Y,849,849,859,859,859,849,819,859,,719,719,819,859,859,719,859,819,719,849,719,,,
,,,,,,,,,,,,,,,,,,,,,,,
Y,999,999,999,999,999,999,919,999,,889,889,949,999,999,889,999,949,889,999,869,,,
,,,,,,,,,,,,,,,,,,,,,,,
Y,869,859,899,899,899,869,819,899,,749,749,839,899,899,749,899,839,749,869,739,,,
Y,1049,1029,1069,1069,1069,1049,999,1069,,919,919,979,1069,1069,919,1069,979,919,1049,869,,,
,,,,,,,,,,,,,,,,,,,,,,,
,,,,,,,,,,,,,,,,,,,,,,,
Y,369,369,369,369,369,369,369,369,369,369,369,369,369,369,369,369,369,369,369,369,369,369,369
,,,,,,,,,,,,,,,,,,,,,,,
,,,,,,,,,,,,,,,,,,,,,,,
,,,,,,,,,,,,,,,,,,,,,,,
,,,,,,,,,,,,,,,,,,,,,,,
,,,,,,,,,,,,,,,,,,,,,,,
,,,,,,,,,,,,,,,,,,,,,,,
,,,,,,,,,,,,,,,,,,,,,,,
,,,,,,,,,,,,,,,,,,,,,,,
,,,,,,,,,,,,,,,,,,,,,,,
,,,,,,,,,,,,,,,,,,,,,,,
,,,,,,,,,,,,,,,,,,,,,,,
,,,,,,,,,,,,,,,,,,,,,,,
,,,,,,,,,,,,,,,,,,,,,,,
,,,,,,,,,,,,,,,,,,,,,,,
,,,,,,,,,,,,,,,,,,,,,,,
,,,,,,,,,,,,,,,,,,,,,,,
,,,,,,,,,,,,,,,,,,,,,,,
,,,,,,,,,,,,,,,,,,,,,,,
,,,,,,,,,,,,,,,,,,,,,,,
,,,,,,,,,,,,,,,,,,,,,,,
,,,,,,,,,,,,,,,,,,,,,,,
,,,,,,,,,,,,,,,,,,,,,,,
,,,,,,,,,,,,,,,,,,,,,,,
,,,,,,,,,,,,,,,,,,,,,,,
,,,,,,,,,,,,,,,,,,,,,,,
,,,,,,,,,,,,,,,,,,,,,,,
,,,,,,,,,,,,,,,,,,,,,,,
,,,,,,,,,,,,,,,,,,,,,,,
Y,,0,,,,,,,,,,,,,,,,,,,,,
,,,,,,,,,,,,,,,,,,,,,,,
,,,,,,,,,,,,,,,,,,,,,,,
,,,,,,,,,,,,,,,,,,,,,,,
,,,,,,,,,,,,,,,,,,,,,,,
,,,,,,,,,,,,,,,,,,,,,,,
,,,,,,,,,,,,,,,,,,,,,,,
,,,,,,,,,,,,,,,,,,,,,,,
Y,50/59,40/50,50/59,50/59,50/59,50/59,50/59,50/59,50/59,30/50,30/50,49/59,50/59,50/59,30/50,50/59,49/59,30/50,50/59,50/59,50/59,30/50,50/59
,,,,,,,,,,,,,,,,,,,,,,,
,,,,,,,,,,,,,,,,,,,,,,,
,,,,,,,,,,,,,,,,,,,,,,,
,,,,,,,,,,,,,,,,,,,,,,,
,,,,,,,,,,,,,,,,,,,,,,,
,,,,,,,,,,,,,,,,,,,,,,,
,,,,,,,,,,,,,,,,,,,,,,,
,,,,,,,,,,,,,,,,,,,,,,,
Y,30,40,,,,30,30,,,,,39,,,,,39,,30,30,,,30
,,,,,,,,,,,,,,,,,,,,,,,
,,,,,,,,,,,,,,,,,,,,,,,
,,,,,,,,,,,,,,,,,,,,,,,
,,,,,,,,,,,,,,,,,,,,,,,
,,,,,,,,,,,,,,,,,,,,,,,
,,,,,,,,,,,,,,,,,,,,,,,
,,,,,,,,,,,,,,,,,,,,,,,
,,,,,,,,,,,,,,,,,,,,,,,
,,,,,,,,,,,,,,,,,,,,,,,
,,,,,,,,,,,,,,,,,,,,,,,
,,,,,,,,,,,,,,,,,,,,,,,
Y,49,40,40,40,40,49,39,40,,30,30,49,35,40,30,40,49,30,49,30,,30,49
,,,,,,,,,,,,,,,,,,,,,,,
,,,,,,,,,,,,,,,,,,,,,,,
,,,,,,,,,,,,,,,,,,,,,,,
,,,,,,,,,,,,,,,,,,,,,,,
Y,60,60,50,50,50,60,60,50,50,60,60,49,50,50,60,50,49,60,60,60,50,60,
,,,,,,,,,,,,,,,,,,,,,,,
,,,,,,,,,,,,,,,,,,,,,,,
,,,,,,,,,,,,,,,,,,,,,,,
Y,50,50,60,60,60,50,50,60,,50,50,49,60,60,50,60,49,50,50,50,,,50
Y,50,40/50,25/50,25/50,25/50,50,50/79,25/50,25/50,20/50,20/50,50,25/50,25/50,30/50,25/50,50,30/50,50,50,25/50,30/50,50
,,,,,,,,,,,,,,,,,,,,,,,
,,,,,,,,,,,,,,,,,,,,,,,
,,,,,,,,,,,,,,,,,,,,,,,
,,,,,,,,,,,,,,,,,,,,,,,
Y,60,60,50,50,50,60,60,50,50,60,60,49,50,50,60,50,49,60,60,60,50,60,60
,,,,,,,,,,,,,,,,,,,,,,,
Y,49,49,49,49,49,49,39,49,49,30,30,39,49,49,30,49,39,30,49,39,49,,49
,,,,,,,,,,,,,,,,,,,,,,,
,,,,,,,,,,,,,,,,,,,,,,,
,,,,,,,,,,,,,,,,,,,,,,,
Y,,,,,,,,25,,,,,30,,,,,,,,,,
,,,,,,,,,,,,,,,,,,,,,,,
Y,79,99,79,99,99,79,79,99,99,79,59,79,99,79,59,99,79,79,79,99,99,79,79
,,,,,,,,,,,,,,,,,,,,,,,
,,,,,,,,,,,,,,,,,,,,,,,
Y,49,49,25,25,25,49,50,25,25,30,30,50,25,25,30,25,50,30,49,40,25,30,49
,,,,,,,,,,,,,,,,,,,,,,,
,,,,,,,,,,,,,,,,,,,,,,,
Y,389,439,369,369,369,389,389,369,,439,419,439,369,369,399,369,439,419,389,419,,,
Y,589,589,549,549,549,589,549,549,,519,499,549,549,549,499,549,549,499,589,479,,,
Y,299,299,299,299,299,299,299,299,299,299,299,299,299,299,299,299,299,299,299,299,299,299,299
Y,539,549,519,519,519,539,519,519,519,499,539,539/549,519,519,539,519,529/549,539,539,519,519,539,539
,,,,,,,,,,,,,,,,,,,,,,,
,,,,,,,,,,,,,,,,,,,,,,,
,,,,,,,,,,,,,,,,,,,,,,,
Y,199,239,249,269,249,199,199,249,,189,189,259,269,249,189,269,259,189,199,189,,,
,,,,,,,,,,,,,,,,,,,,,,,
,,,,,,,,,,,,,,,,,,,,,,,
,,,,,,,,,,,,,,,,,,,,,,,
,,,,,,,,,,,,,,,,,,,,,,,
,,,,,,,,,,,,,,,,,,,,,,,
,,,,,,,,,,,,,,,,,,,,,,,
,,,,,,,,,,,,,,,,,,,,,,,
,,,,,,,,,,,,,,,,,,,,,,,
Y,40/50,60,30/40/50,30/40/50,30/40/50,40/50,39/40/49/59,30/40/50,30,30/60/90,30/60/90,30/40,30/40/50,30/40/50,30/60/90,30/40/50,30/40,30/60/90,40/50,39/40,30,30,40/50
,,,,,,,,,,,,,,,,,,,,,,,
,,,,,,,,,,,,,,,,,,,,,,,
,,,,,,,,,,,,,,,,,,,,,,,
,,,,,,,,,,,,,,,,,,,,,,,
,,,,,,,,,,,,,,,,,,,,,,,
,,,,,,,,,,,,,,,,,,,,,,,
Y,50,60,50,50,50,50,50,50,50,50,50,50,50,50,50,50,50,50,50,50,50,50,50
,,,,,,,,,,,,,,,,,,,,,,,
Y,50,60,30/40/50,30/40/50,30/40/50,50,39/49,30/40/50,30,30/60/90,30/60/90,40,30/40/50,30/40/50,30/60/90,30/40/50,40,30/60/90,50,39/49,30,30,50
Y,40,60,40,40,40,40,40,40,,30,30,40,40,40,30,40,40,30,40,39,,,40
Y,,39,,,,,,,,30,,39,,,,,39,,,,,,
,,,,,,,,,,,,,,,,,,,,,,,
,,,,,,,,,,,,,,,,,,,,,,,
,,,,,,,,,,,,,,,,,,,,,,,
,,,,,,,,,,,,,,,,,,,,,,,
Y,50,60,30/40/50,30/40/50,30/40/50,50,39/40/50/59,30/40/50,30,30/60/90,30/60/90,30/40,30/40/50,30/40/50,30/60/90,30/40/50,30/40,30/60/90,50,39/40,30,,50
Y,30,39,25,25,25,30,39,25,,30,30,30,25,25,30,25,30,30,30,39,,,
,,,,,,,,,,,,,,,,,,,,,,,
,,,,,,,,,,,,,,,,,,,,,,,
,,,,,,,,,,,,,,,,,,,,,,,
,,,,,,,,,,,,,,,,,,,,,,,
,,,,,,,,,,,,,,,,,,,,,,,
,,,,,,,,,,,,,,,,,,,,,,,
,,,,,,,,,,,,,,,,,,,,,,,
,,,,,,,,,,,,,,,,,,,,,,,
,,,,,,,,,,,,,,,,,,,,,,,
,,,,,,,,,,,,,,,,,,,,,,,
,,,,,,,,,,,,,,,,,,,,,,,
,,,,,,,,,,,,,,,,,,,,,,,
,,,,,,,,,,,,,,,,,,,,,,,
,,,,,,,,,,,,,,,,,,,,,,,
,,,,,,,,,,,,,,,,,,,,,,,
Y,369,369,369,369,369,369,369,369,369,369,369,369,369,369,369,369,369,369,369,369,369,369,369
Y,419,419,419,419,419,419,419,419,419,419,419,419,419,419,419,419,419,419,419,419,419,419,419
Y,329,329,329,329,329,329,329,329,329,329,329,329,329,329,329,329,329,329,329,329,329,329,329
,,,,,,,,,,,,,,,,,,,,,,,
Y,369,369,369,369,369,369,369,369,369,369,369,369,369,369,369,369,369,369,369,369,369,369,369
Y,419,419,419,419,419,419,419,419,419,419,419,419,419,419,419,419,419,419,419,419,419,419,419
Y,329,329,329,329,329,329,329,329,329,329,329,329,329,329,329,329,329,329,329,329,329,329,329
,,,,,,,,,,,,,,,,,,,,,,,
Y,369,369,369,369,369,369,369,369,369,369,369,369,369,369,369,369,369,369,369,369,369,369,369
Y,329,329,329,329,329,329,329,329,329,329,329,329,329,329,329,329,329,329,329,329,329,329,329
Y,419,419,419,419,419,419,419,419,419,419,419,419,419,419,419,419,419,419,419,419,419,419,419
,,,,,,,,,,,,,,,,,,,,,,,
,,,,,,,,,,,,,,,,,,,,,,,
,,,,,,,,,,,,,,,,,,,,,,,
Y,369,369,369,369,369,369,369,369,369,369,369,369,369,369,369,369,369,369,369,369,369,,
Y,419,419,419,419,419,419,419,419,419,419,419,419,419,419,419,419,419,419,419,419,419,,
Y,329,329,329,329,329,329,329,329,329,329,329,329,329,329,329,329,329,329,329,329,329,,
,,,,,,,,,,,,,,,,,,,,,,,
,,,,,,,,,,,,,,,,,,,,,,,
,,,,,,,,,,,,,,,,,,,,,,,
,,,,,,,,,,,,,,,,,,,,,,,
,,,,,,,,,,,,,,,,,,,,,,,
,,,,,,,,,,,,,,,,,,,,,,,
,,,,,,,,,,,,,,,,,,,,,,,
,,,,,,,,,,,,,,,,,,,,,,,
,,,,,,,,,,,,,,,,,,,,,,,
,,,,,,,,,,,,,,,,,,,,,,,
,,,,,,,,,,,,,,,,,,,,,,,
,,,,,,,,,,,,,,,,,,,,,,,
,,,,,,,,,,,,,,,,,,,,,,,
,,,,,,,,,,,,,,,,,,,,,,,
,,,,,,,,,,,,,,,,,,,,,,,
,,,,,,,,,,,,,,,,,,,,,,,
,,,,,,,,,,,,,,,,,,,,,,,
,,,,,,,,,,,,,,,,,,,,,,,
,,,,,,,,,,,,,,,,,,,,,,,
,,,,,,,,,,,,,,,,,,,,,,,
,,,,,,,,,,,,,,,,,,,,,,,
,,,,,,,,,,,,,,,,,,,,,,,
,,,,,,,,,,,,,,,,,,,,,,,
,,,,,,,,,,,,,,,,,,,,,,,
,,,,,,,,,,,,,,,,,,,,,,,
,,,,,,,,,,,,,,,,,,,,,,,
,,,,,,,,,,,,,,,,,,,,,,,
,,,,,,,,,,,,,,,,,,,,,,,
,,,,,,,,,,,,,,,,,,,,,,,
,,,,,,,,,,,,,,,,,,,,,,,
,,,,,,,,,,,,,,,,,,,,,,,
,,,,,,,,,,,,,,,,,,,,,,,
,,,,,,,,,,,,,,,,,,,,,,,
,,,,,,,,,,,,,,,,,,,,,,,
,,,,,,,,,,,,,,,,,,,,,,,
,,,,,,,,,,,,,,,,,,,,,,,
,,,,,,,,,,,,,,,,,,,,,,,
,,,,,,,,,,,,,,,,,,,,,,,
,,,,,,,,,,,,,,,,,,,,,,,
,,,,,,,,,,,,,,,,,,,,,,,
,,,,,,,,,,,,,,,,,,,,,,,
,,,,,,,,,,,,,,,,,,,,,,,
,,,,,,,,,,,,,,,,,,,,,,,
,,,,,,,,,,,,,,,,,,,,,,,
,,,,,,,,,,,,,,,,,,,,,,,
,,,,,,,,,,,,,,,,,,,,,,,
,,,,,,,,,,,,,,,,,,,,,,,
,,,,,,,,,,,,,,,,,,,,,,,
,,,,,,,,,,,,,,,,,,,,,,,
,,,,,,,,,,,,,,,,,,,,,,,
,,,,,,,,,,,,,,,,,,,,,,,
,,,,,,,,,,,,,,,,,,,,,,,
,,,,,,,,,,,,,,,,,,,,,,,
,,,,,,,,,,,,,,,,,,,,,,,
,,,,,,,,,,,,,,,,,,,,,,,
,,,,,,,,,,,,,,,,,,,,,,,
,,,,,,,,,,,,,,,,,,,,,,,
,,,,,,,,,,,,,,,,,,,,,,,
,,,,,,,,,,,,,,,,,,,,,,,
,,,,,,,,,,,,,,,,,,,,,,,
,,,,,,,,,,,,,,,,,,,,,,,
,,,,,,,,,,,,,,,,,,,,,,,
,,,,,,,,,,,,,,,,,,,,,,,
,,,,,,,,,,,,,,,,,,,,,,,
,,,,,,,,,,,,,,,,,,,,,,,
,,,,,,,,,,,,,,,,,,,,,,,
,,,,,,,,,,,,,,,,,,,,,,,
,,,,,,,,,,,,,,,,,,,,,,,
,,,,,,,,,,,,,,,,,,,,,,,
,,,,,,,,,,,,,,,,,,,,,,,
,,,,,,,,,,,,,,,,,,,,,,,
,,,,,,,,,,,,,,,,,,,,,,,
,,,,,,,,,,,,,,,,,,,,,,,
,,,,,,,,,,,,,,,,,,,,,,,
,,,,,,,,,,,,,,,,,,,,,,,
,,,,,,,,,,,,,,,,,,,,,,,
,,,,,,,,,,,,,,,,,,,,,,,
,,,,,,,,,,,,,,,,,,,,,,,
,,,,,,,,,,,,,,,,,,,,,,,
,,,,,,,,,,,,,,,,,,,,,,,
,,,,,,,,,,,,,,,,,,,,,,,
,,,,,,,,,,,,,,,,,,,,,,,
Y,75,50,50,50,50,75,75,50,50,50,50,50,50,50,50,50,50,50,75,75,50,50,75
,,,,,,,,,,,,,,,,,,,,,,,
,,,,,,,,,,,,,,,,,,,,,,,
,,,,,,,,,,,,,,,,,,,,,,,
,,,,,,,,,,,,,,,,,,,,,,,
,,,,,,,,,,,,,,,,,,,,,,,
,,,,,,,,,,,,,,,,,,,,,,,
,,,,,,,,,,,,,,,,,,,,,,,
,,,,,,,,,,,,,,,,,,,,,,,
,,,,,,,,,,,,,,,,,,,,,,,
,,,,,,,,,,,,,,,,,,,,,,,
,,,,,,,,,,,,,,,,,,,,,,,
,,,,,,,,,,,,,,,,,,,,,,,
,,,,,,,,,,,,,,,,,,,,,,,
,,,,,,,,,,,,,,,,,,,,,,,
,,,,,,,,,,,,,,,,,,,,,,,
,,,,,,,,,,,,,,,,,,,,,,,
,,,,,,,,,,,,,,,,,,,,,,,
,,,,,,,,,,,,,,,,,,,,,,,
Y,,1639,,,,,,,,,,1549,,,,,,,,,,,
,,,,,,,,,,,,,,,,,,,,,,,
,,,,,,,,,,,,,,,,,,,,,,,
,,,,,,,,,,,,,,,,,,,,,,,
,,,,,,,,,,,,,,,,,,,,,,,
,,,,,,,,,,,,,,,,,,,,,,,
,,,,,,,,,,,,,,,,,,,,,,,
Y,199,199,199,199,199,199,159,199,199,199,199,159,199,199,199,199,159,199,199,159,199,199,199
,,,,,,,,,,,,,,,,,,,,,,,
,,,,,,,,,,,,,,,,,,,,,,,
Y,199,199,199,199,199,199,199,199,199,189,189,199,199,199,189,199,199,189,199,199,199,189,199
,,,,,,,,,,,,,,,,,,,,,,,
Y,199,199,199,199,199,199,199,199,,189,189,199,199,199,189,199,199,189,199,199,,,
,,,,,,,,,,,,,,,,,,,,,,,
,,,,,,,,,,,,,,,,,,,,,,,
,,,,,,,,,,,,,,,,,,,,,,,
Y,235,269,239,239,239,235,249,239,239,235,235,269,239,239,235,239,269,235,235,239,239,,235
,,,,,,,,,,,,,,,,,,,,,,,
Y,,,191,191,191,,,191,191,,,,191,191,,191,,,,,191,,
,,,,,,,,,,,,,,,,,,,,,,,
,,,,,,,,,,,,,,,,,,,,,,,
Y,235,269,239,239,239,235,249,239,239,235,235,269,239,239,235,239,269,235,235,239,239,235,235
Y,,215,191,191,191,,169,191,191,175,175,175,191,191,175,191,175,175,,159,191,175,
Y,,215,191,191,191,,169,191,191,175,175,175,191,191,175,191,175,175,,159,191,,
Y,235,269,239,239,239,235,249,239,239,235,235,269,239,239,235,239,269,235,235,239,239,235,235
,,,,,,,,,,,,,,,,,,,,,,,
Y,,215,191,191,191,,159,191,191,175,175,175,191,191,175,191,175,175,,143,191,175,
Y,,,191,191,191,,,191,191,,,,191,191,,191,,,,,191,,
,,,,,,,,,,,,,,,,,,,,,,,
Y,235,269,239,239,239,235,249,239,239,235,235,269,239,239,235,239,269,235,235,239,239,235,235
,,,,,,,,,,,,,,,,,,,,,,,
Y,,215,191,191,191,,169,191,191,175,175,175,191,191,175,191,175,175,,159,191,175,
,,,,,,,,,,,,,,,,,,,,,,,
Y,1599,1569,1539,1539,1539,1599,1449,1539,1539,1519,1499,1489,1539,1539,1499,1539,1469,1499,1599,1459,1539,1519,1599
Y,819,819,819,819,819,819,1019,819,,819,819,979,819,819,819,819,979,819,819,799,,819,
Y,,,,,,,939,,,,,,,,,,,,,939,,,
Y,,,,,,,999,,,,,,,,,,,,,999,,,
Y,,2099,,,,,1999,,,,,,,,,,,,,1959,,,
Y,1259,1249,1299,1299,1299,1259,1129,1299,1299,1149,1159,1219,1299,1279,1099,1299,1199,1149,1259,1139,1299,1099,1259
,,,,,,,,,,,,,,,,,,,,,,,
Y,919,919,899,899,899,919,919,899,,819,799,849,899,899,799,899,829,799,919,739,,,
Y,859,859,849,849,849,859,749/869,849,849,839,839,839/849,849,849,839,849,839/849,839,859,699,849,839,859
,,,,,,,,,,,,,,,,,,,,,,,
,,,,,,,,,,,,,,,,,,,,,,,
Y,989,989,939,969,939,989,969,939,,899,849,929,939,939,879,939,899,899,989,739,,,
Y,989,989,939,969,939,989,969,939,,899,849,929,939,939,879,939,899,899,989,739,,,
,,,,,,,,,,,,,,,,,,,,,,,
Y,1069,1039,1029,1029,1029,1069,1019,1029,,929,929,979,1029,1029,929,1019,979,919,1069,789,,,
,,,,,,,,,,,,,,,,,,,,,,,
Y,989,989,939,969,939,989,969,939,,899,849,929,939,939,879,939,899,899,989,739,,,
Y,1069,1039,1029,1029,1029,1069,1019,1029,,929,929,979,1029,1029,929,1019,979,919,1069,789,,,
Y,989,989,939,969,939,989,969,939,,899,849,929,939,939,879,939,899,899,989,739,,,
Y,989,989,939,969,939,989,969,939,,899,849,929,939,939,879,939,899,899,989,739,,,
Y,989,989,939,969,939,989,969,939,,899,849,929,939,939,879,939,899,899,989,739,,,
Y,1069,1039,1029,1029,1029,1069,1019,1029,,929,929,979,1029,1029,929,1019,979,919,1069,789,,,
,,,,,,,,,,,,,,,,,,,,,,,
,,,,,,,,,,,,,,,,,,,,,,,
Y,1259,1229,1299,1299,1299,1259,1199,1299,1299,1119,1159,1249,1299,1299,1099,1299,1229,1119,1259,1159,1299,1099,1259
Y,1159,1129,1149,1149,1119,1159,1079,1149,1099,839,869,1139,1149,1149,829,1099,1129,849,1159,979,1099,819,1159
Y,,,,,,,919,,,,,849,,,,,849,,,689,,,
Y,,,,,,,819,,,,,709/769,,,,,709/769,,,659,,,
Y,,,,,,,919,,,,,799/849,,,,,799/849,,,689,,,
Y,,,,,,,,,,,,799,,,,,799,,,689,,,
Y,1779,1729,1719,1719,1719,1779,1599,1719,1729,1599,1639,1589,1719,1719,1599,1719,1569,1599,1779,1489,1729,1539,1779
,,,,,,,,,,,,,,,,,,,,,,,
Y,1499,1479,1429,1429,1429,1499,1399,1429,1429,1369,1369,1409,1429,1429,1299,1429,1389,1349,1499,1299,1429,1319,1499
Y,1499,1279,1369,1369,1369,1499,1249,1369,1369,1219,1199,1319,1369,1349,1199,1369,1299,1229,1499,1219,1369,1219,1499
Y,500,619,500,500,500,500,599,500,500,579,579,839,500,500,579,500,849,579,500,579,500,579,500
Y,1069,1049,1049,1049,1049,1069,919,1049,1049,999,1019,1079,1049,1049,999,1049,1059,1019,1069,919,1049,979,1069
,,,,,,,,,,,,,,,,,,,,,,,
Y,1599,1599,1599,1599,1599,1599,1499,1599,1599,1549,1549,1559,1599,1599,1549,1599,1539,1559,1599,1469,1599,1529,1599
,,,,,,,,,,,,,,,,,,,,,,,
Y,1599,1599,1579,1579,1579,1599,1479,1579,1579,1499,1469,1499,1579,1579,1499,1579,1479,1589,1599,1379,1579,1489,1599
Y,1249,1079,1279,1279,1279,1249,1019,1279,1279,999,999,1069,1279,1279,999,1279,1049,999,1249,1029,1279,999,1249
Y,949,959,898,898,898,949,809,908,918,749,759,959,898,898,769,898,949,769,949,789,918,749,949
,,,,,,,,,,,,,,,,,,,,,,,
Y,999,969,929,929,929,999,899,939,959,919,899,939,949,929,919,929,929,899,999,789,939,1029,999
Y,1249,1179,1299,1299,1299,1249,1069,1299,1299,999,999,1089,1299,1299,999,1299,1069,999,1249,1079,1299,999,1249
Y,1299,1229,1319,1319,1319,1299,1119,1319,1319,1049,1049,1139,1319,1319,1049,1319,1119,1049,1299,1099,1319,1049,1299
,,,,,,,,,,,,,,,,,,,,,,,
Y,839,839,849,849,849,839,869,849,,759,759,819,849,849,759,849,819,759,839,639,,,
Y,1039,1039,1019,1019,1019,1039,1019,1019,,969,969,999,1019,1019,969,1019,999,969,1039,899,,,
Y,1399,1379,1429,1429,1429,1399,1269,1429,1439,1249,1279,1339,1429,1429,1279,1429,1319,1279,1399,1199,1419,1279,1399
Y,,1449,,,,,,,,,,1399,,,,,,,,,,,
Y,1549,1549,1549,1559,1549,1549,1439,1559,1559,1409,1409,1489,1559,1549,1409,1559,1469,1409,1549,1379,1559,1389,1549
Y,1599,1579,1599,1589,1599,1599,1469,1599,1599,1439,1439,1519,1599,1599,1439,1599,1499,1439,1599,1389,1599,1409,1599
Y,1449,1419,1459,1459,1459,1449,1299,1459,1459,1309,1309,1369,1459,1459,1309,1459,1349,1309,1449,1239,1459,1309,1449
,,,,,,,,,,,,,,,,,,,,,,,
,,,,,,,,,,,,,,,,,,,,,,,
Y,759,779,729,729,729,759,699/769,729,729,719,719,689/739,729,729,719,729,689/739,719,759,679,729,719,759
Y,989,949,959,959,959,989,1009,959,959,889,889,879,959,959,889,959,879,889,989,779,959,859,989
Y,919,909,909,909,909,919,849,909,,869,869,899,909,909,869,909,899,869,919,829,,,919
Y,989,989,939,939,939,989,899/919,939,939,939,939,919/959,939,899/939,939,939,919/959,929/939,989,799/839,939,939,989
,,,,,,,,,,,,,,,,,,,,,,,
Y,500,500,500,500,500,500,520,500,,500,500,500,500,500,500,500,500,500,500,500,,500,
Y,500,500,500,500,500,500,520,500,,500,500,500,500,500,500,500,500,500,500,500,,500,
Y,500,500,500,500,500,500,520,500,,500,500,500,500,500,500,500,500,500,500,500,,500,
Y,500,500,500,500,500,500,520,500,,500,500,500,500,500,500,500,500,500,500,500,,500,
,,,,,,,,,,,,,,,,,,,,,,,
Y,500,500,500,500,500,500,500,500,500,500,500,500,500,500,500,500,500,500,500,500,500,500,500
Y,500,500,500,500,500,500,500,500,500,500,500,500,500,500,500,500,500,500,500,500,500,500,500
Y,500,500,500,500,500,500,520,500,,500,500,500,500,500,500,500,500,500,500,500,,500,
Y,500,500,500,500,500,500,500/520,500,500,500,500,500,500,500,500,500,500,500,500,500,500,500,500
Y,500,500,500,500,500,500,500,500,500,500,500,500,500,500,500,500,500,500,500,500,500,500,500
Y,500,500,500,500,500,500,500,500,500,500,500,500,500,500,500,500,500,500,500,500,500,500,500
Y,500,500,500,500,500,500,500,500,,500,500,500,500,500,500,500,500,500,500,500,,,
Y,500,500,500,500,500,500,500,500,,500,500,500,500,500,500,500,500,500,500,500,,,
Y,1149,1119,1139,1139,1139,1149,1049,1139,1139,999,999,1099,1139,1139,999,1139,1079,999,1149,1039,1139,1019,1149
,,,,,,,,,,,,,,,,,,,,,,,
Y,1199,1149,1169,1169,1169,1199,1069,1169,1169,1029,1029,1129,1169,1169,1029,1169,1119,1029,1199,1069,1169,1049,1199
,,,,,,,,,,,,,,,,,,,,,,,
,,,,,,,,,,,,,,,,,,,,,,,
,,,,,,,,,,,,,,,,,,,,,,,
,,,,,,,,,,,,,,,,,,,,,,,
,,,,,,,,,,,,,,,,,,,,,,,
Y,1579,1549,1529,1529,1529,1579,1399,1529,,1289,1249,1519,1529,1529,1249,1529,1499,1289,1579,1299,,,
Y,1579,1549,1529,1529,1529,1579,1399,1529,,1289,1249,1519,1529,1529,1249,1529,1499,1289,1579,1299,,,
,,,,,,,,,,,,,,,,,,,,,,,
,,,,,,,,,,,,,,,,,,,,,,,
Y,,1549,1529,1529,1529,,1399,,,1311,1311,,1529,,1311,,1449,1311,,1289,,,
,,,,,,,,,,,,,,,,,,,,,,,
Y,1579,1549,1529,1529,1529,1579,1399,1529,,1289,1289,1469,1529,1529,1289,1529,1449,1289,1579,1279,,,
Y,1579,1549,1529,1529,1529,1579,1399,1529,,1289,1289,1469,1529,1529,1289,1529,1449,1289,1579,1279,,,
Y,,1549,1529,1529,1529,,1399,,,1311,1311,,1529,,1311,,1449,1311,,1289,,,
,,,,,,,,,,,,,,,,,,,,,,,
,,,,,,,,,,,,,,,,,,,,,,,
Y,859,859,849,849,849,859,699/819,849,849,819,819,749/839,849,849,819,849,749/839,819,859,689,849,819,859
Y,989,949,959,959,959,989,889,959,,889,889,849,959,959,889,959,849,889,989,779,,,989
Y,,1319,,,,1349,1299,,,1199,1229,1319,,,1199,,1299,1219,,1299,,1199,
,,,,,,,,,,,,,,,,,,,,,,,
,,,,,,,,,,,,,,,,,,,,,,,
Y,799,789,779,779,779,799,819,779,,719,719,789,779,769,719,779,769,719,799,559,,,
,,,,,,,,,,,,,,,,,,,,,,,
,,,,,,,,,,,,,,,,,,,,,,,
Y,799,769,769,769,769,799,819,769,769,759,759,739,769,769,719,769,739,759,799,659,769,719,799
Y,1579,1529,1559,1559,1559,1579,1399,1559,,1469,1419,1479,1559,1559,1469,1559,1459,1469,1579,1419,,,
,,,,,,,,,,,,,,,,,,,,,,,
Y,,,,,,,,,1559,,,,,,,,,,,,1559,1429,1579
Y,1429,1429,1399,1399,1399,1429,1349,1399,1399,1349,1349,1449,1399,1399,1369,1399,1429,1399,1429,1339,1399,1329,1429
,,,,,,,,,,,,,,,,,,,,,,,
Y,1429,1389,1399,1399,1399,1429,1279,1379,1399,1289,1289,1389,1399,1399,1289,1399,1369,1319,1429,1199,1399,1269,1429
,,,,,,,,,,,,,,,,,,,,,,,
,,,,,,,,,,,,,,,,,,,,,,,
,,,,,,,,,,,,,,,,,,,,,,,
,,,,,,,,,,,,,,,,,,,,,,,
,,,,,,,,,,,,,,,,,,,,,,,
Y,1399,1379,1429,1429,1429,1399,1319,1429,,1249,1249,1339,1429,1429,1249,1429,1319,1249,1399,1199,,,
Y,1549,1549,1559,1559,1555,1549,1419,1559,,1419,1419,1489,1559,1549,1419,1559,1469,1419,1549,1369,,,
Y,1449,1419,1439,1439,1439,1449,1319,1439,,1279,1279,1369,1439,1429,1279,1439,1349,1279,1449,1239,,,
Y,1599,1579,1599,1589,1599,1599,1499,1599,,1449,1449,1529,1599,1599,1449,1599,1519,1449,1599,1369,,,
,,,,,,,,,,,,,,,,,,,,,,,
Y,919,919,899,899,899,919,919,899,,819,799,849,899,899,799,899,829,799,919,739,,,
,,,,,,,,,,,,,,,,,,,,,,,
Y,859,859,849,849,849,859,759/879,849,849,839,839,839/849,849,849,839,849,839/849,839,859,699,849,839,859
,,,,,,,,,,,,,,,,,,,,,,,
Y,899,899,899,899,899,899,919,899,899,709,709,879,899,899,709,899,879,709,899,759,899,709,899
Y,999,999,999,999,999,999,1019,999,999,809,809,999,999,999,809,999,999,809,999,859,999,809,999
Y,899,899,899,899,899,899,919,899,899,689,689,859,899,899,689,899,859,689,899,739,899,689,899
,,,,,,,,,,,,,,,,,,,,,,,
,,,,,,,,,,,,,,,,,,,,,,,
,,,,,,,,,,,,,,,,,,,,,,,
,,,,,,,,,,,,,,,,,,,,,,,
,,,,,,,,,,,,,,,,,,,,,,,
,,,,,,,,,,,,,,,,,,,,,,,
,,,,,,,,,,,,,,,,,,,,,,,
,,,,,,,,,,,,,,,,,,,,,,,
,,,,,,,,,,,,,,,,,,,,,,,
,,,,,,,,,,,,,,,,,,,,,,,
,,,,,,,,,,,,,,,,,,,,,,,
,,,,,,,,,,,,,,,,,,,,,,,
,,,,,,,,,,,,,,,,,,,,,,,
,,,,,,,,,,,,,,,,,,,,,,,
,,,,,,,,,,,,,,,,,,,,,,,
,,,,,,,,,,,,,,,,,,,,,,,
Y,0,0,0,0,0,0,0,0,0,0,0,0,0,0,0,0,0,0,0,0,0,0,0
,,,,,,,,,,,,,,,,,,,,,,,
,,,,,,,,,,,,,,,,,,,,,,,
,,,,,,,,,,,,,,,,,,,,,,,
Y,100,100,100,100,100,100,100,100,100,100,100,500,100,100,100,100,500,100,100,500,100,100,100
,,,,,,,,,,,,,,,,,,,,,,,
,,,,,,,,,,,,,,,,,,,,,,,
,,,,,,,,,,,,,,,,,,,,,,,
,,,,,,,,,,,,,,,,,,,,,,,
Y,599,599,599,599,599,599,529,599,599,499,499,529,599,599,499,599,529,499,599,499,599,499,599
Y,699,699,699,699,699,699,649,699,699,599,599,649,699,699,599,699,649,599,699,599,699,599,699
Y,599,599,599,599,599,599,499,599,599,479,479,529,599,599,479,599,529,479,599,479,599,479,599
,,,,,,,,,,,,,,,,,,,,,,,
Y,389,389,389,389,389,389,389,389,389,389,389,389,389,389,389,389,389,389,389,389,389,389,389
Y,389,389,389,389,389,389,389,389,389,389,389,389,389,389,389,389,389,389,389,389,389,389,389
Y,389,389,389,389,389,389,389,389,,389,389,389,389,389,389,389,389,389,389,389,,,
Y,389,389,389,389,389,389,389,389,,389,389,389,389,389,389,389,389,389,389,389,,,
,,,,,,,,,,,,,,,,,,,,,,,
,,,,,,,,,,,,,,,,,,,,,,,
,,,,,,,,,,,,,,,,,,,,,,,
,,,,,,,,,,,,,,,,,,,,,,,
,,,,,,,,,,,,,,,,,,,,,,,
,,,,,,,,,,,,,,,,,,,,,,,
,,,,,,,,,,,,,,,,,,,,,,,
,,,,,,,,,,,,,,,,,,,,,,,
,,,,,,,,,,,,,,,,,,,,,,,
,,,,,,,,,,,,,,,,,,,,,,,
,,,,,,,,,,,,,,,,,,,,,,,
,,,,,,,,,,,,,,,,,,,,,,,
,,,,,,,,,,,,,,,,,,,,,,,
,,,,,,,,,,,,,,,,,,,,,,,
,,,,,,,,,,,,,,,,,,,,,,,
,,,,,,,,,,,,,,,,,,,,,,,
,,,,,,,,,,,,,,,,,,,,,,,
,,,,,,,,,,,,,,,,,,,,,,,
,,,,,,,,,,,,,,,,,,,,,,,
,,,,,,,,,,,,,,,,,,,,,,,
