any,1331,1332,1371,3983,10822,29022,29044,29169,40032,40315,40577,40734,40779,40902
,,,,,,,,,,,,,,
,,,,,,,,,,,,,,
,,,,,,,,,,,,,,
,,,,,,,,,,,,,,
,,,,,,,,,,,,,,
,,,,,,,,,,,,,,
,,,,,,,,,,,,,,
,,,,,,,,,,,,,,
,,,,,,,,,,,,,,
,,,,,,,,,,,,,,
,,,,,,,,,,,,,,
,,,,,,,,,,,,,,
Y,779,789,799,819,799,799,859,799,859,839,849,859,859,859
Y,1389,1389,1389,1389,1389,1389,1389,1389,1389,1389,1389,1389,1389,1389
,,,,,,,,,,,,,,
,,,,,,,,,,,,,,
,,,,,,,,,,,,,,
,,,,,,,,,,,,,,
,,,,,,,,,,,,,,
,,,,,,,,,,,,,,
Y,299,299,299,299,299,299,299,299,299,299,299,299,299,299
,,,,,,,,,,,,,,
,,,,,,,,,,,,,,
,,,,,,,,,,,,,,
Y,499,519,519,539,499,519,,,519,519,529,519,519,519
,,,,,,,,,,,,,,
,,,,,,,,,,,,,,
Y,,,219,219,,,219,219,,,,,,
,,,,,,,,,,,,,,
Y,219,219,219,219,219,219,219,219,219,219,219,219,219,219
,,,,,,,,,,,,,,
,,,,,,,,,,,,,,
,,,,,,,,,,,,,,
,,,,,,,,,,,,,,
,,,,,,,,,,,,,,
,,,,,,,,,,,,,,
,,,,,,,,,,,,,,
,,,,,,,,,,,,,,
,,,,,,,,,,,,,,
,,,,,,,,,,,,,,
,,,,,,,,,,,,,,
,,,,,,,,,,,,,,
,,,,,,,,,,,,,,
,,,,,,,,,,,,,,
,,,,,,,,,,,,,,
,,,,,,,,,,,,,,
,,,,,,,,,,,,,,
,,,,,,,,,,,,,,
,,,,,,,,,,,,,,
,,,,,,,,,,,,,,
,,,,,,,,,,,,,,
,,,,,,,,,,,,,,
,,,,,,,,,,,,,,
,,,,,,,,,,,,,,
,,,,,,,,,,,,,,
,,,,,,,,,,,,,,
,,,,,,,,,,,,,,
,,,,,,,,,,,,,,
,,,,,,,,,,,,,,
,,,,,,,,,,,,,,
,,,,,,,,,,,,,,
,,,,,,,,,,,,,,
,,,,,,,,,,,,,,
,,,,,,,,,,,,,,
,,,,,,,,,,,,,,
,,,,,,,,,,,,,,
,,,,,,,,,,,,,,
,,,,,,,,,,,,,,
,,,,,,,,,,,,,,
Y,1359,1329,1329,1299,1299,1329,1299,1329,1299,1289,1339,1299,1299,1309
,,,,,,,,,,,,,,
,,,,,,,,,,,,,,
,,,,,,,,,,,,,,
,,,,,,,,,,,,,,
,,,,,,,,,,,,,,
,,,,,,,,,,,,,,
,,,,,,,,,,,,,,
,,,,,,,,,,,,,,
,,,,,,,,,,,,,,
,,,,,,,,,,,,,,
,,,,,,,,,,,,,,
,,,,,,,,,,,,,,
,,,,,,,,,,,,,,
,,,,,,,,,,,,,,
,,,,,,,,,,,,,,
,,,,,,,,,,,,,,
,,,,,,,,,,,,,,
,,,,,,,,,,,,,,
,,,,,,,,,,,,,,
,,,,,,,,,,,,,,
,,,,,,,,,,,,,,
,,,,,,,,,,,,,,
,,,,,,,,,,,,,,
,,,,,,,,,,,,,,
,,,,,,,,,,,,,,
,,,,,,,,,,,,,,
,,,,,,,,,,,,,,
,,,,,,,,,,,,,,
,,,,,,,,,,,,,,
,,,,,,,,,,,,,,
,,,,,,,,,,,,,,
,,,,,,,,,,,,,,
,,,,,,,,,,,,,,
,,,,,,,,,,,,,,
,,,,,,,,,,,,,,
,,,,,,,,,,,,,,
,,,,,,,,,,,,,,
,,,,,,,,,,,,,,
,,,,,,,,,,,,,,
,,,,,,,,,,,,,,
,,,,,,,,,,,,,,
,,,,,,,,,,,,,,
,,,,,,,,,,,,,,
,,,,,,,,,,,,,,
,,,,,,,,,,,,,,
,,,,,,,,,,,,,,
,,,,,,,,,,,,,,
,,,,,,,,,,,,,,
,,,,,,,,,,,,,,
,,,,,,,,,,,,,,
,,,,,,,,,,,,,,
,,,,,,,,,,,,,,
,,,,,,,,,,,,,,
,,,,,,,,,,,,,,
,,,,,,,,,,,,,,
,,,,,,,,,,,,,,
Y,739,739,739,739,739,739,739,739,739,739,739,739,739,739
,,,,,,,,,,,,,,
,,,,,,,,,,,,,,
,,,,,,,,,,,,,,
,,,,,,,,,,,,,,
,,,,,,,,,,,,,,
,,,,,,,,,,,,,,
,,,,,,,,,,,,,,
,,,,,,,,,,,,,,
Y,899,899,899,899,899,699,599/699,699,699,799,899,699,699,729
Y,899,899,919,899,899,699,699,699,699,799,849,699,699,729
Y,649,619,599,579,569,619,649,599,649,619,669,649,649,659
,,,,,,,,,,,,,,
,,,,,,,,,,,,,,
,,,,,,,,,,,,,,
,,,,,,,,,,,,,,
,,,,,,,,,,,,,,
,,,,,,,,,,,,,,
,,,,,,,,,,,,,,
,,,,,,,,,,,,,,
,,,,,,,,,,,,,,
,,,,,,,,,,,,,,
,,,,,,,,,,,,,,
,,,,,,,,,,,,,,
,,,,,,,,,,,,,,
,,,,,,,,,,,,,,
,,,,,,,,,,,,,,
,,,,,,,,,,,,,,
,,,,,,,,,,,,,,
,,,,,,,,,,,,,,
,,,,,,,,,,,,,,
,,,,,,,,,,,,,,
,,,,,,,,,,,,,,
,,,,,,,,,,,,,,
Y,,40,50,50,,50,50,50,50,50,50,50,50,40
,,,,,,,,,,,,,,
,,,,,,,,,,,,,,
,,,,,,,,,,,,,,
,,,,,,,,,,,,,,
,,,,,,,,,,,,,,
,,,,,,,,,,,,,,
,,,,,,,,,,,,,,
,,,,,,,,,,,,,,
,,,,,,,,,,,,,,
,,,,,,,,,,,,,,
,,,,,,,,,,,,,,
,,,,,,,,,,,,,,
,,,,,,,,,,,,,,
,,,,,,,,,,,,,,
,,,,,,,,,,,,,,
,,,,,,,,,,,,,,
Y,189,179,179,189,189,159,179,149,179,159,189,179,179,179
,,,,,,,,,,,,,,
Y,99,99,99,99,99,99,99,99,99,89,129,99,99,99
,,,,,,,,,,,,,,
Y,439,399,439,459,459,459,,,439,,439,439,439,439
,,,,,,,,,,,,,,
,,,,,,,,,,,,,,
Y,469,469,459,449,459,459,469,469,469,479,459,469,469,459
,,,,,,,,,,,,,,
,,,,,,,,,,,,,,
,,,,,,,,,,,,,,
,,,,,,,,,,,,,,
,,,,,,,,,,,,,,
,,,,,,,,,,,,,,
,,,,,,,,,,,,,,
,,,,,,,,,,,,,,
,,,,,,,,,,,,,,
,,,,,,,,,,,,,,
,,,,,,,,,,,,,,
,,,,,,,,,,,,,,
,,,,,,,,,,,,,,
,,,,,,,,,,,,,,
,,,,,,,,,,,,,,
,,,,,,,,,,,,,,
,,,,,,,,,,,,,,
,,,,,,,,,,,,,,
,,,,,,,,,,,,,,
,,,,,,,,,,,,,,
,,,,,,,,,,,,,,
,,,,,,,,,,,,,,
,,,,,,,,,,,,,,
,,,,,,,,,,,,,,
,,,,,,,,,,,,,,
,,,,,,,,,,,,,,
Y,199,169,199,189,189,199,,,189,,219,189,189,189
,,,,,,,,,,,,,,
Y,519,499,559,519,539,559,,,519,,519,519,519,559
,,,,,,,,,,,,,,
Y,519,499,559,519,539,559,,,519,,519,519,519,559
,,,,,,,,,,,,,,
Y,319,319,319,319,319,319,,,319,,329,319,319,319
,,,,,,,,,,,,,,
,,,,,,,,,,,,,,
,,,,,,,,,,,,,,
,,,,,,,,,,,,,,
,,,,,,,,,,,,,,
Y,599,529,549,549,549,589,,,539,,599,539,539,539
,,,,,,,,,,,,,,
,,,,,,,,,,,,,,
,,,,,,,,,,,,,,
,,,,,,,,,,,,,,
,,,,,,,,,,,,,,
,,,,,,,,,,,,,,
,,,,,,,,,,,,,,
,,,,,,,,,,,,,,
Y,199,169,199,189,189,199,,,189,,219,189,189,189
Y,319,319,319,319,319,319,,,319,,329,319,319,319
Y,519,499,559,519,539,559,,,519,,519,519,519,559
Y,599,529,549,549,549,589,,,539,,599,539,539,539
,,,,,,,,,,,,,,
,,,,,,,,,,,,,,
Y,519,499,559,519,539,559,,,519,,519,519,519,559
,,,,,,,,,,,,,,
,,,,,,,,,,,,,,
Y,519,499,559,519,539,559,,,519,,519,519,519,559
,,,,,,,,,,,,,,
Y,519,499,559,519,539,559,,,519,,519,519,519,559
,,,,,,,,,,,,,,
,,,,,,,,,,,,,,
Y,599,529,549,549,549,589,,,539,,599,539,539,539
,,,,,,,,,,,,,,
,,,,,,,,,,,,,,
,,,,,,,,,,,,,,
,,,,,,,,,,,,,,
,,,,,,,,,,,,,,
Y,319,319,319,319,319,319,,,319,,329,319,319,319
,,,,,,,,,,,,,,
,,,,,,,,,,,,,,
,,,,,,,,,,,,,,
,,,,,,,,,,,,,,
,,,,,,,,,,,,,,
,,,,,,,,,,,,,,
,,,,,,,,,,,,,,
,,,,,,,,,,,,,,
Y,0,0,0,0,0,0,0,0,0,0,0,0,0,0
,,,,,,,,,,,,,,
,,,,,,,,,,,,,,
Y,30,0,0,30,0,35,35,35,0,0,30,35,35,0
,,,,,,,,,,,,,,
Y,699,639,649,619,639,599,659,669,659,699,699,659,659,769
,,,,,,,,,,,,,,
,,,,,,,,,,,,,,
,,,,,,,,,,,,,,
Y,529,499,539,479,519,489,519,519,519,519,549,519,519,519
,,,,,,,,,,,,,,
Y,169,169,169,169,169,169,169,169,169,169,169,169,169,169
,,,,,,,,,,,,,,
Y,169,169,169,169,169,169,169,169,169,169,169,169,169,169
Y,169,169,169,169,169,169,169,169,169,169,169,169,169,169
,,,,,,,,,,,,,,
,,,,,,,,,,,,,,
,,,,,,,,,,,,,,
,,,,,,,,,,,,,,
,,,,,,,,,,,,,,
,,,,,,,,,,,,,,
,,,,,,,,,,,,,,
,,,,,,,,,,,,,,
,,,,,,,,,,,,,,
,,,,,,,,,,,,,,
,,,,,,,,,,,,,,
,,,,,,,,,,,,,,
,,,,,,,,,,,,,,
,,,,,,,,,,,,,,
,,,,,,,,,,,,,,
,,,,,,,,,,,,,,
,,,,,,,,,,,,,,
,,,,,,,,,,,,,,
,,,,,,,,,,,,,,
,,,,,,,,,,,,,,
,,,,,,,,,,,,,,
,,,,,,,,,,,,,,
,,,,,,,,,,,,,,
,,,,,,,,,,,,,,
Y,1500,1200,1400,1200,1200,1200,,,1200,,1400,1200,1200,1200
,,,,,,,,,,,,,,
Y,1500,1200,1400,1200,1200,,,,1200,,,,,
,,,,,,,,,,,,,,
,,,,,,,,,,,,,,
,,,,,,,,,,,,,,
,,,,,,,,,,,,,,
,,,,,,,,,,,,,,
,,,,,,,,,,,,,,
,,,,,,,,,,,,,,
,,,,,,,,,,,,,,
,,,,,,,,,,,,,,
,,,,,,,,,,,,,,
,,,,,,,,,,,,,,
,,,,,,,,,,,,,,
Y,299,239,279,259,259,259,259,259,259,239,289,259,259,249
Y,199,149,159,139,149,149,142,149,142,179,199,142,142,142
,,,,,,,,,,,,,,
Y,199,149,159,149,149,149,149,149,149,179,199,149,149,142
,,,,,,,,,,,,,,
,,,,,,,,,,,,,,
,,,,,,,,,,,,,,
Y,319,319,319,319,319,319,,,319,319,319,319,319,319
,,,,,,,,,,,,,,
,,,,,,,,,,,,,,
,,,,,,,,,,,,,,
,,,,,,,,,,,,,,
Y,389,379,389,409,379,389,379,389,379,389,389,389,419,389
Y,429,419,429,419,399,439,409,439,409,429,429,409,439,439
Y,339,319,339,329,319,329,319,329,319,339,339,329,339,329
,,,,,,,,,,,,,,
,,,,,,,,,,,,,,
,,,,,,,,,,,,,,
,,,,,,,,,,,,,,
,,,,,,,,,,,,,,
,,,,,,,,,,,,,,
,,,,,,,,,,,,,,
,,,,,,,,,,,,,,
,,,,,,,,,,,,,,
,,,,,,,,,,,,,,
,,,,,,,,,,,,,,
,,,,,,,,,,,,,,
,,,,,,,,,,,,,,
,,,,,,,,,,,,,,
Y,329,329,329,329,329,329,329,319,329,329,329,329,329,329
Y,369,369,369,369,369,369,369,359,369,369,369,369,369,369
Y,289,289,289,289,289,289,289,279,289,289,289,289,289,289
,,,,,,,,,,,,,,
Y,329,329,329,329,329,329,329,319,329,329,329,329,329,329
Y,369,369,369,369,369,369,369,359,369,369,369,369,369,369
Y,289,289,289,289,289,289,289,279,289,289,289,289,289,289
,,,,,,,,,,,,,,
Y,329,329,329,329,329,329,329,319,329,329,329,329,329,329
Y,369,369,369,369,369,369,369,359,369,369,369,369,369,369
Y,289,289,289,289,289,289,289,279,289,289,289,289,289,289
Y,289,289,289,289,289,289,289,289,289,289,289,289,289,289
Y,329,329,329,329,329,329,329,329,329,329,329,329,329,329
Y,249,219,249,249,249,249,249,249,249,249,249,249,249,219
,,,,,,,,,,,,,,
,,,,,,,,,,,,,,
,,,,,,,,,,,,,,
,,,,,,,,,,,,,,
,,,,,,,,,,,,,,
Y,239,239,239,239,239,239,239,239,239,239,239,239,239,239
,,,,,,,,,,,,,,
,,,,,,,,,,,,,,
,,,,,,,,,,,,,,
,,,,,,,,,,,,,,
,,,,,,,,,,,,,,
,,,,,,,,,,,,,,
,,,,,,,,,,,,,,
Y,40,30,40,30,30,30,30,30,30,30,40,30,30,30
,,,,,,,,,,,,,,
,,,,,,,,,,,,,,
,,,,,,,,,,,,,,
,,,,,,,,,,,,,,
,,,,,,,,,,,,,,
,,,,,,,,,,,,,,
,,,,,,,,,,,,,,
,,,,,,,,,,,,,,
,,,,,,,,,,,,,,
,,,,,,,,,,,,,,
,,,,,,,,,,,,,,
,,,,,,,,,,,,,,
,,,,,,,,,,,,,,
,,,,,,,,,,,,,,
,,,,,,,,,,,,,,
,,,,,,,,,,,,,,
,,,,,,,,,,,,,,
,,,,,,,,,,,,,,
,,,,,,,,,,,,,,
,,,,,,,,,,,,,,
,,,,,,,,,,,,,,
,,,,,,,,,,,,,,
Y,,,159,149,,,149,149,,,,,,
,,,,,,,,,,,,,,
Y,159,149,159,149,149,149,149,149,149,149,159,149,149,149
,,,,,,,,,,,,,,
,,,,,,,,,,,,,,
,,,,,,,,,,,,,,
Y,,,219,219,,,219,219,,,,,,
,,,,,,,,,,,,,,
,,,,,,,,,,,,,,
,,,,,,,,,,,,,,
Y,40,30,40,30,30,30,30,30,30,30,40,30,30,30
,,,,,,,,,,,,,,
,,,,,,,,,,,,,,
,,,,,,,,,,,,,,
,,,,,,,,,,,,,,
,,,,,,,,,,,,,,
Y,,,,,,,189,189,,349,,,,
,,,,,,,,,,,,,,
,,,,,,,,,,,,,,
,,,,,,,,,,,,,,
,,,,,,,,,,,,,,
,,,,,,,,,,,,,,
,,,,,,,,,,,,,,
,,,,,,,,,,,,,,
,,,,,,,,,,,,,,
,,,,,,,,,,,,,,
,,,,,,,,,,,,,,
,,,,,,,,,,,,,,
,,,,,,,,,,,,,,
,,,,,,,,,,,,,,
,,,,,,,,,,,,,,
,,,,,,,,,,,,,,
,,,,,,,,,,,,,,
,,,,,,,,,,,,,,
,,,,,,,,,,,,,,
,,,,,,,,,,,,,,
,,,,,,,,,,,,,,
,,,,,,,,,,,,,,
,,,,,,,,,,,,,,
,,,,,,,,,,,,,,
,,,,,,,,,,,,,,
,,,,,,,,,,,,,,
,,,,,,,,,,,,,,
,,,,,,,,,,,,,,
,,,,,,,,,,,,,,
,,,,,,,,,,,,,,
,,,,,,,,,,,,,,
,,,,,,,,,,,,,,
,,,,,,,,,,,,,,
,,,,,,,,,,,,,,
,,,,,,,,,,,,,,
,,,,,,,,,,,,,,
,,,,,,,,,,,,,,
Y,179,179,179,179,179,179,179,179,179,179,189,179,179,179
Y,479,479,479,479,479,479,479,479,479,479,479,479,479,479
,,,,,,,,,,,,,,
,,,,,,,,,,,,,,
Y,479,479,459,469,459,469,,,499,499,479,499,499,499
Y,399,399,379,389,379,379,379,379,379,419,399,379,419,419
Y,399,399,379,389,379,379,,,379,,399,379,419,419
Y,399,399,379,389,379,379,379,379,379,419,399,379,379,419
,,,,,,,,,,,,,,
,,,,,,,,,,,,,,
,,,,,,,,,,,,,,
,,,,,,,,,,,,,,
,,,,,,,,,,,,,,
,,,,,,,,,,,,,,
,,,,,,,,,,,,,,
,,,,,,,,,,,,,,
Y,369,369,369,369,369,369,,,369,,369,369,369,369
Y,419,419,419,419,419,419,,,419,,419,419,419,419
Y,329,329,329,329,329,329,,,329,,329,329,329,329
,,,,,,,,,,,,,,
,,,,,,,,,,,,,,
Y,439,419,419,399,419,409,,,409,399,439,409,419,429
Y,379,349,359,339,359,349,349,349,349,339,379,349,349,369
Y,379,349,359,339,359,349,,,349,,379,349,349,369
Y,379,349,359,339,359,349,349,349,349,339,379,349,349,369
,,,,,,,,,,,,,,
,,,,,,,,,,,,,,
,,,,,,,,,,,,,,
,,,,,,,,,,,,,,
,,,,,,,,,,,,,,
,,,,,,,,,,,,,,
,,,,,,,,,,,,,,
Y,0,0,0,0,0,0,0,0,0,0,0,0,0,0
,,,,,,,,,,,,,,
,,,,,,,,,,,,,,
Y,200,200,200,200,200,200,200,200,200,200,200,200,200,200
,,,,,,,,,,,,,,
,,,,,,,,,,,,,,
,,,,,,,,,,,,,,
Y,15,15,20,15,15,15,,,15,,50,15,15,15
,,,,,,,,,,,,,,
,,,,,,,,,,,,,,
,,,,,,,,,,,,,,
,,,,,,,,,,,,,,
,,,,,,,,,,,,,,
,,,,,,,,,,,,,,
Y,219,219,219,219,219,219,219,219,219,219,219,219,219,219
,,,,,,,,,,,,,,
Y,219,219,219,219,219,219,219,219,219,219,219,219,219,219
,,,,,,,,,,,,,,
Y,219,219,219,219,219,219,219,219,219,219,219,219,219,219
,,,,,,,,,,,,,,
,,,,,,,,,,,,,,
,,,,,,,,,,,,,,
,,,,,,,,,,,,,,
,,,,,,,,,,,,,,
,,,,,,,,,,,,,,
Y,60,60,60,60,60,60,,,60,,80/100,60,60,60
,,,,,,,,,,,,,,
Y,75,75,80,75,75,75,,,75,,100,75,75,75
Y,389,369,359,399,349,429,419,439,419,459,399,419,419,419
Y,389,369,359,399,349,429,419,,419,,399,419,419,419
Y,419,399,389,419,379,449,439,459,439,479,449,439,439,439
Y,419,399,389,419,379,449,439,459,439,479,449,439,439,439
,,,,,,,,,,,,,,
,,,,,,,,,,,,,,
,,,,,,,,,,,,,,
,,,,,,,,,,,,,,
,,,,,,,,,,,,,,
,,,,,,,,,,,,,,
,,,,,,,,,,,,,,
,,,,,,,,,,,,,,
,,,,,,,,,,,,,,
,,,,,,,,,,,,,,
,,,,,,,,,,,,,,
,,,,,,,,,,,,,,
,,,,,,,,,,,,,,
,,,,,,,,,,,,,,
,,,,,,,,,,,,,,
,,,,,,,,,,,,,,
,,,,,,,,,,,,,,
,,,,,,,,,,,,,,
,,,,,,,,,,,,,,
,,,,,,,,,,,,,,
,,,,,,,,,,,,,,
,,,,,,,,,,,,,,
,,,,,,,,,,,,,,
,,,,,,,,,,,,,,
,,,,,,,,,,,,,,
,,,,,,,,,,,,,,
Y,369,369,369,369,369,369,,,369,,369,369,369,369
Y,419,419,419,419,419,419,,,419,,419,419,419,419
Y,329,329,329,329,329,329,,,329,,329,329,329,329
,,,,,,,,,,,,,,
,,,,,,,,,,,,,,
,,,,,,,,,,,,,,
,,,,,,,,,,,,,,
,,,,,,,,,,,,,,
,,,,,,,,,,,,,,
,,,,,,,,,,,,,,
,,,,,,,,,,,,,,
,,,,,,,,,,,,,,
,,,,,,,,,,,,,,
,,,,,,,,,,,,,,
,,,,,,,,,,,,,,
,,,,,,,,,,,,,,
,,,,,,,,,,,,,,
,,,,,,,,,,,,,,
,,,,,,,,,,,,,,
,,,,,,,,,,,,,,
,,,,,,,,,,,,,,
,,,,,,,,,,,,,,
,,,,,,,,,,,,,,
,,,,,,,,,,,,,,
,,,,,,,,,,,,,,
,,,,,,,,,,,,,,
Y,799,779,789,769,789,639,729,719,729,749,799,729,729,889
,,,,,,,,,,,,,,
Y,199,199,199,199,199,199,,,199,,199,199,199,199
Y,819,769,819,819,819,799,819,789,819,799,799,819,819,799
,,,,,,,,,,,,,,
,,,,,,,,,,,,,,
Y,349,339,339,349,369,329,359,359,359,329,339,359,359,369
Y,439,429,429,449,429,439,419,419,419,419,439,419,419,419
,,,,,,,,,,,,,,
,,,,,,,,,,,,,,
,,,,,,,,,,,,,,
,,,,,,,,,,,,,,
,,,,,,,,,,,,,,
Y,939,949,949,949,929,899,929,849,929,819,949,929,929,919
Y,969,989,989,989,989,919,899,899,949,859,959,949,949,969
,,,,,,,,,,,,,,
,,,,,,,,,,,,,,
Y,839,819,819,819,839,839,849,789,849,779,799,849,849,849
,,,,,,,,,,,,,,
,,,,,,,,,,,,,,
,,,,,,,,,,,,,,
,,,,,,,,,,,,,,
,,,,,,,,,,,,,,
,,,,,,,,,,,,,,
,,,,,,,,,,,,,,
,,,,,,,,,,,,,,
,,,,,,,,,,,,,,
,,,,,,,,,,,,,,
,,,,,,,,,,,,,,
,,,,,,,,,,,,,,
,,,,,,,,,,,,,,
Y,299,299,299,299,299,299,299,299,299,299,299,299,299,299
Y,299,299,299,299,299,,,,,299,299,,,299
,,,,,,,,,,,,,,
,,,,,,,,,,,,,,
,,,,,,,,,,,,,,
,,,,,,,,,,,,,,
,,,,,,,,,,,,,,
,,,,,,,,,,,,,,
,,,,,,,,,,,,,,
,,,,,,,,,,,,,,
,,,,,,,,,,,,,,
,,,,,,,,,,,,,,
,,,,,,,,,,,,,,
,,,,,,,,,,,,,,
,,,,,,,,,,,,,,
,,,,,,,,,,,,,,
,,,,,,,,,,,,,,
,,,,,,,,,,,,,,
,,,,,,,,,,,,,,
,,,,,,,,,,,,,,
,,,,,,,,,,,,,,
,,,,,,,,,,,,,,
,,,,,,,,,,,,,,
,,,,,,,,,,,,,,
,,,,,,,,,,,,,,
,,,,,,,,,,,,,,
,,,,,,,,,,,,,,
,,,,,,,,,,,,,,
,,,,,,,,,,,,,,
,,,,,,,,,,,,,,
,,,,,,,,,,,,,,
,,,,,,,,,,,,,,
,,,,,,,,,,,,,,
,,,,,,,,,,,,,,
,,,,,,,,,,,,,,
,,,,,,,,,,,,,,
,,,,,,,,,,,,,,
,,,,,,,,,,,,,,
,,,,,,,,,,,,,,
,,,,,,,,,,,,,,
,,,,,,,,,,,,,,
,,,,,,,,,,,,,,
,,,,,,,,,,,,,,
,,,,,,,,,,,,,,
Y,69/100,99/100,69/100,69/100,69/100,69/100,,,69/100,,79/100,69/100,69/100,69/100
Y,129,239,,139,129,129,,,129,,129,129,129,129
,,,,,,,,,,,,,,
,,,,,,,,,,,,,,
,,,,,,,,,,,,,,
Y,50,30,50,50,30,30,30,30,30,50,50,30,30,30
,,,,,,,,,,,,,,
,,,,,,,,,,,,,,
,,,,,,,,,,,,,,
,,,,,,,,,,,,,,
,,,,,,,,,,,,,,
,,,,,,,,,,,,,,
,,,,,,,,,,,,,,
,,,,,,,,,,,,,,
,,,,,,,,,,,,,,
,,,,,,,,,,,,,,
,,,,,,,,,,,,,,
,,,,,,,,,,,,,,
,,,,,,,,,,,,,,
,,,,,,,,,,,,,,
Y,219/639,200/619,200/659,200/649,200/649,210/599,200/599,239/599,200/599,240/619,250/619,200/599,200/599,200/639
,,,,,,,,,,,,,,
,,,,,,,,,,,,,,
,,,,,,,,,,,,,,
,,,,,,,,,,,,,,
,,,,,,,,,,,,,,
,,,,,,,,,,,,,,
,,,,,,,,,,,,,,
,,,,,,,,,,,,,,
,,,,,,,,,,,,,,
,,,,,,,,,,,,,,
,,,,,,,,,,,,,,
,,,,,,,,,,,,,,
,,,,,,,,,,,,,,
,,,,,,,,,,,,,,
,,,,,,,,,,,,,,
,,,,,,,,,,,,,,
,,,,,,,,,,,,,,
,,,,,,,,,,,,,,
Y,,488,499,489,,469,469,469,479,499,499,469,469,488
,,,,,,,,,,,,,,
,,,,,,,,,,,,,,
Y,499,479,469,469,469,459,459,459,459,469,499,459,459,459
,,,,,,,,,,,,,,
Y,449,439,419,439,439,419,419,419,429,439,449,419,419,439
Y,299,289,299,289,289,289,289,289,289,299,299,289,289,289
,,,,,,,,,,,,,,
Y,80,80,80,80,80,80,,,80,,89,80,80,80
,,,,,,,,,,,,,,
Y,70,65,65,65,65,65,65,65,65,65,89,65,65,65
,,,,,,,,,,,,,,
Y,,,,,,80,,,,,,,80,
,,,,,,,,,,,,,,
,,,,,,,,,,,,,,
,,,,,,,,,,,,,,
Y,179,,159,159,159,169,169,169,169,169,199,169,169,169
,,,,,,,,,,,,,,
,,,,,,,,,,,,,,
,,,,,,,,,,,,,,
,,,,,,,,,,,,,,
Y,50,50,50,50,50,50,50,50,50,50,50,50,50,50
,,,,,,,,,,,,,,
,,,,,,,,,,,,,,
,,,,,,,,,,,,,,
,,,,,,,,,,,,,,
,,,,,,,,,,,,,,
,,,,,,,,,,,,,,
,,,,,,,,,,,,,,
,,,,,,,,,,,,,,
,,,,,,,,,,,,,,
Y,479,444,449,444,444,449,,,449,,449,449,449,444
,,,,,,,,,,,,,,
,,,,,,,,,,,,,,
,,,,,,,,,,,,,,
,,,,,,,,,,,,,,
,,,,,,,,,,,,,,
Y,479,444,449,444,444,449,,,449,,449,449,449,444
,,,,,,,,,,,,,,
,,,,,,,,,,,,,,
,,,,,,,,,,,,,,
,,,,,,,,,,,,,,
,,,,,,,,,,,,,,
,,,,,,,,,,,,,,
,,,,,,,,,,,,,,
,,,,,,,,,,,,,,
,,,,,,,,,,,,,,
,,,,,,,,,,,,,,
,,,,,,,,,,,,,,
,,,,,,,,,,,,,,
,,,,,,,,,,,,,,
,,,,,,,,,,,,,,
,,,,,,,,,,,,,,
,,,,,,,,,,,,,,
,,,,,,,,,,,,,,
,,,,,,,,,,,,,,
,,,,,,,,,,,,,,
,,,,,,,,,,,,,,
,,,,,,,,,,,,,,
,,,,,,,,,,,,,,
,,,,,,,,,,,,,,
,,,,,,,,,,,,,,
,,,,,,,,,,,,,,
,,,,,,,,,,,,,,
,,,,,,,,,,,,,,
,,,,,,,,,,,,,,
,,,,,,,,,,,,,,
,,,,,,,,,,,,,,
,,,,,,,,,,,,,,
,,,,,,,,,,,,,,
,,,,,,,,,,,,,,
,,,,,,,,,,,,,,
,,,,,,,,,,,,,,
,,,,,,,,,,,,,,
,,,,,,,,,,,,,,
,,,,,,,,,,,,,,
Y,100,100,100,100,100,50,50,30,50,30,100,50,50,50
,,,,,,,,,,,,,,
Y,30,30,30,30,30,30,30,30,30,30,40,30,30,30
,,,,,,,,,,,,,,
,,,,,,,,,,,,,,
,,,,,,,,,,,,,,
,,,,,,,,,,,,,,
,,,,,,,,,,,,,,
,,,,,,,,,,,,,,
,,,,,,,,,,,,,,
,,,,,,,,,,,,,,
,,,,,,,,,,,,,,
Y,0,0,0,0,0,0,0,0,0,0,0,0,0,0
Y,,,0,,0,0,,,0,0,,,,0
,,,,,,,,,,,,,,
,,,,,,,,,,,,,,
,,,,,,,,,,,,,,
,,,,,,,,,,,,,,
,,,,,,,,,,,,,,
Y,269,289,289,289,269,299,,,329,,269,329,329,329
Y,369,379,369,389,369,399,399,399,399,399,389,399,399,399
Y,179,179,179,179,179,179,179,179,179,179,179,179,179,179
Y,219,219,219,219,219,219,219,219,219,219,229,219,219,219
,,,,,,,,,,,,,,
Y,179,179,179,179,179,179,179,179,179,179,179,179,179,179
,,,,,,,,,,,,,,
Y,219,219,219,219,219,219,,,219,219,219,219,219,219
Y,150,150,150,150,150,150,150,150,150,150,150,150,150,150
,,,,,,,,,,,,,,
Y,150,150,150,150,150,150,150,150,150,,150,150,150,150
,,,,,,,,,,,,,,
,,,,,,,,,,,,,,
,,,,,,,,,,,,,,
Y,399,369,369,369,369,419,,,409,,379,409,409,369
,,,,,,,,,,,,,,
,,,,,,,,,,,,,,
Y,389,379,389,389,369,399,,,399,389,389,399,399,399
Y,459,469,459,439,439,419,,,399,,459,399,399,419
Y,159,159,159,159,159,159,159,159,159,159,159,159,159,159
Y,159,159,159,159,159,159,159,159,159,159,159,159,159,159
,,,,,,,,,,,,,,
Y,159,159,159,159,159,159,159,159,159,159,159,159,159,159
,,,,,,,,,,,,,,
Y,159,159,159,159,159,159,159,159,159,159,159,159,159,159
Y,159,159,159,159,159,159,159,159,159,159,159,159,159,159
,,,,,,,,,,,,,,
Y,299,259,259,239,259,259,259,259,259,269,259,259,259,239
Y,299,259,259,239,259,259,259,259,259,269,259,259,259,239
Y,429,449,429,429,429,449,,439,459,439,439,459,459,459
Y,429,449,429,429,429,449,,439,459,439,439,459,459,459
Y,429,449,429,429,429,449,,439,459,439,439,459,459,459
Y,399,369,369,369,369,399,,,409,,379,409,409,369
,,,,,,,,,,,,,,
Y,439,379,439,439,439,449,,,439,,449,439,439,439
,,,,,,,,,,,,,,
,,,,,,,,,,,,,,
Y,439,379,439,439,439,449,,,439,,439,419,439,439
,,,,,,,,,,,,,,
Y,439,379,439,439,439,449,,,439,,449,439,439,439
,,,,,,,,,,,,,,
,,,,,,,,,,,,,,
,,,,,,,,,,,,,,
,,,,,,,,,,,,,,
,,,,,,,,,,,,,,
,,,,,,,,,,,,,,
Y,209,219,219,219,219,179,199,189,199,193,219,199,199,196
Y,399,399,399,399,399,399,,,439,,419,439,439,399
,,,,,,,,,,,,,,
Y,159,159,159,159,159,159,159,159,159,159,159,159,159,159
Y,429,399,419,419,399,399,419,459,419,419,399,419,419,419
Y,429,399,419,419,399,399,419,459,419,419,399,419,419,419
Y,429,399,419,419,399,399,419,459,419,419,399,419,419,419
Y,159,159,159,159,159,159,159,159,159,159,159,159,159,159
,,,,,,,,,,,,,,
,,,,,,,,,,,,,,
,,,,,,,,,,,,,,
,,,,,,,,,,,,,,
Y,209,219,219,219,219,179,199,189,199,193,219,199,199,196
Y,119,119,119,119,119,129,129,120,129,120,119,129,129,129
Y,159,159,159,159,159,159,159,159,159,159,159,159,159,159
Y,119,119,119,119,119,129,129,120,129,120,119,129,129,129
,,,,,,,,,,,,,,
Y,209,219,219,219,219,179,199,189,199,193,219,199,199,196
Y,119,119,119,119,119,129,129,120,129,120,119,129,129,129
,,,,,,,,,,,,,,
Y,209,219,219,219,219,179,199,189,199,193,219,199,199,196
,,,,,,,,,,,,,,
Y,119,119,119,119,119,129,129,120,129,120,119,129,129,129
Y,219,219,219,219,219,219,219,219,219,219,229,219,219,219
,,,,,,,,,,,,,,
,,,,,,,,,,,,,,
,,,,,,,,,,,,,,
,,,,,,,,,,,,,,
Y,299,299,299,299,299,299,299,299,299,299,299,299,299,299
Y,339,339,339,339,339,339,339,339,339,339,339,339,339,339
Y,359/389,349/359,349/369,349/369,349/369,359/389,359/389,359/389,349/389,389,359/389,389/459,359/389,389
,,,,,,,,,,,,,,
,,,,,,,,,,,,,,
,,,,,,,,,,,,,,
,,,,,,,,,,,,,,
,,,,,,,,,,,,,,
,,,,,,,,,,,,,,
Y,99,99,99,99,99,99,99,99,99,99,99,99,99,99
,,,,,,,,,,,,,,
,,,,,,,,,,,,,,
,,,,,,,,,,,,,,
,,,,,,,,,,,,,,
,,,,,,,,,,,,,,
,,,,,,,,,,,,,,
,,,,,,,,,,,,,,
,,,,,,,,,,,,,,
,,,,,,,,,,,,,,
,,,,,,,,,,,,,,
,,,,,,,,,,,,,,
,,,,,,,,,,,,,,
,,,,,,,,,,,,,,
,,,,,,,,,,,,,,
,,,,,,,,,,,,,,
,,,,,,,,,,,,,,
,,,,,,,,,,,,,,
,,,,,,,,,,,,,,
,,,,,,,,,,,,,,
,,,,,,,,,,,,,,
,,,,,,,,,,,,,,
,,,,,,,,,,,,,,
,,,,,,,,,,,,,,
,,,,,,,,,,,,,,
,,,,,,,,,,,,,,
,,,,,,,,,,,,,,
,,,,,,,,,,,,,,
,,,,,,,,,,,,,,
,,,,,,,,,,,,,,
,,,,,,,,,,,,,,
,,,,,,,,,,,,,,
,,,,,,,,,,,,,,
,,,,,,,,,,,,,,
Y,,,,,,569,569,569,,,599,569,569,
Y,589,569,569,569,569,569,569,569,569,569,599,569,569,569
Y,589,569,569,569,569,569,569,569,569,569,599,569,569,569
,,,,,,,,,,,,,,
,,,,,,,,,,,,,,
,,,,,,,,,,,,,,
,,,,,,,,,,,,,,
,,,,,,,,,,,,,,
,,,,,,,,,,,,,,
,,,,,,,,,,,,,,
,,,,,,,,,,,,,,
Y,519,479,449,449,449,499,499,499,499,499,529,499,499,499
,,,,,,,,,,,,,,
,,,,,,,,,,,,,,
Y,519,479,449,449,449,499,499,499,499,499,529,499,499,499
,,,,,,,,,,,,,,
Y,,,,,,489,489,489,,,519,489,489,
Y,509,489,489,489,489,489,489,489,489,489,519,489,489,489
Y,509,489,489,489,489,489,489,489,489,489,519,489,489,489
,,,,,,,,,,,,,,
Y,,,,,,529,529,529,,,559,529,529,
Y,549,529,529,529,529,529,529,529,529,529,559,529,529,529
Y,549,529,529,529,529,529,529,529,529,529,559,529,529,529
,,,,,,,,,,,,,,
,,,,,,,,,,,,,,
,,,,,,,,,,,,,,
,,,,,,,,,,,,,,
,,,,,,,,,,,,,,
,,,,,,,,,,,,,,
,,,,,,,,,,,,,,
,,,,,,,,,,,,,,
,,,,,,,,,,,,,,
,,,,,,,,,,,,,,
,,,,,,,,,,,,,,
Y,519,469,509,509,509,489,489,489,489,,519,489,489,
Y,509,489,489,489,489,489,489,489,489,489,519,489,489,489
Y,509,489,489,489,489,489,489,489,489,489,519,489,489,489
,,,,,,,,,,,,,,
Y,,,,,,539,539,539,,,569,539,539,
Y,559,539,539,539,539,539,539,539,539,539,569,539,539,539
Y,559,539,539,539,539,539,539,539,539,539,569,539,539,539
Y,,,,,,539,539,539,,,569,539,539,
Y,559,539,539,539,539,539,539,539,539,,569,539,539,539
Y,559,539,539,539,539,539,539,539,539,,569,539,539,539
Y,509,489,489,489,489,489,489,489,489,,519,489,489,
Y,509,489,489,489,489,489,489,489,489,489,519,489,489,489
Y,509,489,489,489,489,489,489,489,489,489,519,489,489,489
,,,,,,,,,,,,,,
,,,,,,,,,,,,,,
Y,379/399,369/379,369/389,369/379,369/379,379/399,379/399,379/399,369/399,379/399,399,379/399,379/399,379/399
,,,,,,,,,,,,,,
,,,,,,,,,,,,,,
,,,,,,,,,,,,,,
,,,,,,,,,,,,,,
,,,,,,,,,,,,,,
,,,,,,,,,,,,,,
,,,,,,,,,,,,,,
,,,,,,,,,,,,,,
Y,0,0,0,0,0,0,0,0,0,0,0,0,0,0
,,,,,,,,,,,,,,
,,,,,,,,,,,,,,
Y,1220,1618,1699,1599,1110,1579,1579,1579,1599,1659,1709,1609,1629,1618
Y,1049,1019,1039,1009,1009,1029,989,989,1029,1059,1049,999,1019,1019
,,,,,,,,,,,,,,
,,,,,,,,,,,,,,
,,,,,,,,,,,,,,
,,,,,,,,,,,,,,
,,,,,,,,,,,,,,
,,,,,,,,,,,,,,
,,,,,,,,,,,,,,
,,,,,,,,,,,,,,
,,,,,,,,,,,,,,
,,,,,,,,,,,,,,
,,,,,,,,,,,,,,
,,,,,,,,,,,,,,
,,,,,,,,,,,,,,
,,,,,,,,,,,,,,
,,,,,,,,,,,,,,
,,,,,,,,,,,,,,
Y,40/50,25/50,50,20/50,20/50,50,50,50,40/50,50,50,40/50,40/50,40/50
,,,,,,,,,,,,,,
,,,,,,,,,,,,,,
,,,,,,,,,,,,,,
,,,,,,,,,,,,,,
,,,,,,,,,,,,,,
,,,,,,,,,,,,,,
,,,,,,,,,,,,,,
,,,,,,,,,,,,,,
,,,,,,,,,,,,,,
,,,,,,,,,,,,,,
,,,,,,,,,,,,,,
,,,,,,,,,,,,,,
,,,,,,,,,,,,,,
,,,,,,,,,,,,,,
,,,,,,,,,,,,,,
,,,,,,,,,,,,,,
,,,,,,,,,,,,,,
,,,,,,,,,,,,,,
,,,,,,,,,,,,,,
,,,,,,,,,,,,,,
,,,,,,,,,,,,,,
,,,,,,,,,,,,,,
,,,,,,,,,,,,,,
,,,,,,,,,,,,,,
,,,,,,,,,,,,,,
,,,,,,,,,,,,,,
,,,,,,,,,,,,,,
,,,,,,,,,,,,,,
,,,,,,,,,,,,,,
,,,,,,,,,,,,,,
,,,,,,,,,,,,,,
,,,,,,,,,,,,,,
,,,,,,,,,,,,,,
,,,,,,,,,,,,,,
,,,,,,,,,,,,,,
,,,,,,,,,,,,,,
,,,,,,,,,,,,,,
,,,,,,,,,,,,,,
,,,,,,,,,,,,,,
,,,,,,,,,,,,,,
,,,,,,,,,,,,,,
,,,,,,,,,,,,,,
,,,,,,,,,,,,,,
,,,,,,,,,,,,,,
,,,,,,,,,,,,,,
,,,,,,,,,,,,,,
,,,,,,,,,,,,,,
,,,,,,,,,,,,,,
,,,,,,,,,,,,,,
,,,,,,,,,,,,,,
,,,,,,,,,,,,,,
,,,,,,,,,,,,,,
,,,,,,,,,,,,,,
,,,,,,,,,,,,,,
,,,,,,,,,,,,,,
,,,,,,,,,,,,,,
,,,,,,,,,,,,,,
,,,,,,,,,,,,,,
,,,,,,,,,,,,,,
,,,,,,,,,,,,,,
,,,,,,,,,,,,,,
,,,,,,,,,,,,,,
,,,,,,,,,,,,,,
,,,,,,,,,,,,,,
,,,,,,,,,,,,,,
,,,,,,,,,,,,,,
,,,,,,,,,,,,,,
,,,,,,,,,,,,,,
,,,,,,,,,,,,,,
,,,,,,,,,,,,,,
Y,299,249,249,200,200,249,,249,249,249,299,249,249,249
Y,299,249,249,200,200,249,,249,249,249,299,249,249,249
Y,299,249,249,200,200,249,,249,249,249,299,249,249,249
,,,,,,,,,,,,,,
,,,,,,,,,,,,,,
,,,,,,,,,,,,,,
,,,,,,,,,,,,,,
,,,,,,,,,,,,,,
,,,,,,,,,,,,,,
,,,,,,,,,,,,,,
,,,,,,,,,,,,,,
,,,,,,,,,,,,,,
Y,439,404,404,404,404,419,,,419,,419,419,419,414
,,,,,,,,,,,,,,
,,,,,,,,,,,,,,
,,,,,,,,,,,,,,
,,,,,,,,,,,,,,
,,,,,,,,,,,,,,
Y,439,404,404,404,404,419,,,419,,419,419,419,414
,,,,,,,,,,,,,,
,,,,,,,,,,,,,,
,,,,,,,,,,,,,,
,,,,,,,,,,,,,,
,,,,,,,,,,,,,,
,,,,,,,,,,,,,,
,,,,,,,,,,,,,,
,,,,,,,,,,,,,,
,,,,,,,,,,,,,,
,,,,,,,,,,,,,,
,,,,,,,,,,,,,,
,,,,,,,,,,,,,,
,,,,,,,,,,,,,,
,,,,,,,,,,,,,,
,,,,,,,,,,,,,,
,,,,,,,,,,,,,,
,,,,,,,,,,,,,,
,,,,,,,,,,,,,,
,,,,,,,,,,,,,,
,,,,,,,,,,,,,,
,,,,,,,,,,,,,,
,,,,,,,,,,,,,,
,,,,,,,,,,,,,,
,,,,,,,,,,,,,,
,,,,,,,,,,,,,,
,,,,,,,,,,,,,,
,,,,,,,,,,,,,,
,,,,,,,,,,,,,,
,,,,,,,,,,,,,,
,,,,,,,,,,,,,,
,,,,,,,,,,,,,,
,,,,,,,,,,,,,,
,,,,,,,,,,,,,,
,,,,,,,,,,,,,,
,,,,,,,,,,,,,,
,,,,,,,,,,,,,,
,,,,,,,,,,,,,,
,,,,,,,,,,,,,,
,,,,,,,,,,,,,,
,,,,,,,,,,,,,,
,,,,,,,,,,,,,,
,,,,,,,,,,,,,,
Y,629,599,629,599,599,599,599,599,599,599,629,599,599,599
Y,649,599,639,599,599,599,599,599,599,619,649,599,599,629
,,,,,,,,,,,,,,
,,,,,,,,,,,,,,
,,,,,,,,,,,,,,
,,,,,,,,,,,,,,
,,,,,,,,,,,,,,
,,,,,,,,,,,,,,
,,,,,,,,,,,,,,
,,,,,,,,,,,,,,
,,,,,,,,,,,,,,
,,,,,,,,,,,,,,
Y,479,409,449,449,449,449,,,429,,479,429,429,429
,,,,,,,,,,,,,,
Y,599,539,549,529,539,539,,,539,,579,539,539,559
,,,,,,,,,,,,,,
Y,669,649,659,649,659,689,689,699,689,699,669,689,689,659
,,,,,,,,,,,,,,
Y,719,699,,,,,,749,,749,,739,,
,,,,,,,,,,,,,,
Y,819,819,829,819,819,839,859,839,859,829,829,859,859,829
,,,,,,,,,,,,,,
,,,,,,,,,,,,,,
Y,869,869,,,,,,889,,879,,909,,
Y,689,679,689,679,679,719,719,719,719,719,699,719,719,689
,,,,,,,,,,,,,,
Y,839,829,829,829,829,849,869,849,869,859,849,869,869,839
,,,,,,,,,,,,,,
,,,,,,,,,,,,,,
Y,379,379,379,379,379,379,379,379,379,379,379,379,379,379
,,,,,,,,,,,,,,
,,,,,,,,,,,,,,
,,,,,,,,,,,,,,
,,,,,,,,,,,,,,
Y,479,,479,,,,459,459,,,,459,499,
Y,439,,439,,,,399,399,,,,,399,
,,,,,,,,,,,,,,
Y,479,479,479,469,459,459,459,459,459,479,479,459,459,499
Y,439,409,439,399,419,409,409,409,409,439,439,409,409,429
,,,,,,,,,,,,,,
,,,,,,,,,,,,,,
,,,,,,,,,,,,,,
,,,,,,,,,,,,,,
Y,429,399,429,399,419,399,399,389,399,389,399,399,399,399
Y,479,459,469,459,459,469,449,459,459,469,479,459,459,469
,,,,,,,,,,,,,,
,,,,,,,,,,,,,,
Y,519,519,519,499,509,509,,,509,519,519,509,519,509
,,,,,,,,,,,,,,
Y,559/569,559,569,549,559,559,569,569,569,579,539/549,569,569,559
,,,,,,,,,,,,,,
Y,99,99,99,99,99,99,99,99,99,99,99,99,99,99
Y,99,99,99,99,99,99,99,99,99,99,99,99,99,99
Y,629,619,629,599,619,619,619,619,619,599,619,619,619,619
,,,,,,,,,,,,,,
Y,649,649,649,629,639,639,639,639,639,629,639,639,639,639
,,,,,,,,,,,,,,
,,,,,,,,,,,,,,
,,,,,,,,,,,,,,
,,,,,,,,,,,,,,
,,,,,,,,,,,,,,
,,,,,,,,,,,,,,
,,,,,,,,,,,,,,
,,,,,,,,,,,,,,
,,,,,,,,,,,,,,
,,,,,,,,,,,,,,
,,,,,,,,,,,,,,
Y,729,699,699,729,719,799,,,799,,719,799,799,799
Y,729,699,699,729,719,799,,,799,,719,799,799,799
,,,,,,,,,,,,,,
,,,,,,,,,,,,,,
Y,,799,779,799,799,,,,799,,,799,799,799
,,,,,,,,,,,,,,
Y,789,759,779,769,789,799,,,799,,769,799,799,799
Y,789,759,779,769,789,799,,,799,,769,799,799,799
Y,,799,779,799,799,,,,799,,,799,799,799
,,,,,,,,,,,,,,
,,,,,,,,,,,,,,
,,,,,,,,,,,,,,
,,,,,,,,,,,,,,
,,,,,,,,,,,,,,
,,,,,,,,,,,,,,
,,,,,,,,,,,,,,
,,,,,,,,,,,,,,
,,,,,,,,,,,,,,
,,,,,,,,,,,,,,
,,,,,,,,,,,,,,
,,,,,,,,,,,,,,
,,,,,,,,,,,,,,
,,,,,,,,,,,,,,
,,,,,,,,,,,,,,
,,,,,,,,,,,,,,
,,,,,,,,,,,,,,
,,,,,,,,,,,,,,
,,,,,,,,,,,,,,
,,,,,,,,,,,,,,
,,,,,,,,,,,,,,
,,,,,,,,,,,,,,
,,,,,,,,,,,,,,
,,,,,,,,,,,,,,
,,,,,,,,,,,,,,
,,,,,,,,,,,,,,
,,,,,,,,,,,,,,
,,,,,,,,,,,,,,
,,,,,,,,,,,,,,
,,,,,,,,,,,,,,
,,,,,,,,,,,,,,
,,,,,,,,,,,,,,
,,,,,,,,,,,,,,
,,,,,,,,,,,,,,
,,,,,,,,,,,,,,
,,,,,,,,,,,,,,
Y,30,,,,,,50,50,,,,,50,
,,,,,,,,,,,,,,
,,,,,,,,,,,,,,
,,,,,,,,,,,,,,
Y,30,30,40,30,30,30,30,30,30,30,50,30,30,30
,,,,,,,,,,,,,,
,,,,,,,,,,,,,,
,,,,,,,,,,,,,,
,,,,,,,,,,,,,,
,,,,,,,,,,,,,,
,,,,,,,,,,,,,,
Y,239,259,259,259,239,279,,,279,,239,279,279,299
,,,,,,,,,,,,,,
Y,349,339,349,379,349,349,379,379,379,379,339,379,379,349
Y,139,139,139,139,139,139,139,139,139,139,139,139,139,139
Y,179,179,179,179,179,179,179,179,179,179,189,179,179,179
Y,179,179,179,179,179,179,179,179,179,179,189,179,179,179
Y,139,139,139,139,139,139,139,139,139,139,139,139,139,139
,,,,,,,,,,,,,,
Y,179,179,179,179,179,179,,,179,179,169,179,179,179
Y,125,125,125,125,125,125,125,125,125,125,125,125,125,125
,,,,,,,,,,,,,,
Y,125,125,125,125,125,125,125,125,125,,125,125,125,125
,,,,,,,,,,,,,,
,,,,,,,,,,,,,,
,,,,,,,,,,,,,,
Y,349,339,339,339,339,379,,,369,,349,369,369,339
,,,,,,,,,,,,,,
Y,349,339,349,379,349,349,,,379,349,349,379,379,349
Y,439,439,419,419,399,399,,,379,,439,379,379,399
Y,129,129,129,129,129,129,129,129,129,129,129,129,129,129
Y,129,129,129,129,129,129,129,129,129,129,129,129,129,129
,,,,,,,,,,,,,,
Y,129,129,129,129,129,129,129,129,129,129,129,129,129,129
,,,,,,,,,,,,,,
,,,,,,,,,,,,,,
Y,129,129,129,129,129,129,129,129,129,129,129,129,129,129
Y,129,129,129,129,129,129,129,129,129,129,129,129,129,129
Y,259,239,229,219,239,239,239,239,239,269,239,239,239,219
Y,259,239,229,219,239,239,239,239,239,269,239,239,239,219
Y,389,399,399,379,399,399,,369,399,359,389,399,399,399
Y,389,399,399,379,399,399,,369,399,359,389,399,399,399
Y,389,399,399,379,399,399,,369,399,359,389,399,399,399
Y,349,339,339,339,339,379,,,369,,349,369,369,339
,,,,,,,,,,,,,,
Y,399,369,379,379,379,399,,,389,,379,389,389,379
,,,,,,,,,,,,,,
,,,,,,,,,,,,,,
,,,,,,,,,,,,,,
Y,399,369,379,379,379,399,,,379,,399,379,389,379
,,,,,,,,,,,,,,
Y,399,369,379,379,379,399,,,389,,379,389,389,379
,,,,,,,,,,,,,,
,,,,,,,,,,,,,,
,,,,,,,,,,,,,,
,,,,,,,,,,,,,,
,,,,,,,,,,,,,,
,,,,,,,,,,,,,,
,,,,,,,,,,,,,,
,,,,,,,,,,,,,,
Y,179,179,179,179,179,173,173,173,173,173,189,173,173,173
Y,399,379,379,379,379,379,,,389,,389,389,389,349
,,,,,,,,,,,,,,
Y,129,129,129,129,129,129,129,129,129,129,129,129,129,129
Y,419,379,399,399,389,389,379,359,379,359,399,379,379,399
Y,419,379,399,399,389,389,379,359,379,359,399,379,379,399
Y,419,379,399,399,389,389,379,359,379,359,399,379,379,399
Y,129,129,129,129,129,129,129,129,129,129,129,129,129,129
,,,,,,,,,,,,,,
,,,,,,,,,,,,,,
,,,,,,,,,,,,,,
,,,,,,,,,,,,,,
Y,179,179,179,179,179,173,173,173,173,173,189,173,173,173
Y,119,119,119,119,119,119,119,110,119,110,129,119,119,119
Y,129,129,129,129,129,129,129,129,129,129,129,129,129,129
Y,119,119,119,119,119,119,119,110,119,110,129,119,119,119
,,,,,,,,,,,,,,
Y,179,179,179,179,179,173,173,173,173,173,189,173,173,173
Y,119,119,119,119,119,119,119,110,119,110,129,119,119,119
,,,,,,,,,,,,,,
Y,179,179,179,179,179,173,173,173,173,173,189,173,173,173
,,,,,,,,,,,,,,
Y,119,119,119,119,119,119,119,110,119,110,129,119,119,119
,,,,,,,,,,,,,,
,,,,,,,,,,,,,,
,,,,,,,,,,,,,,
Y,149,149,149,149,149,149,149,149,149,149,149,149,149,149
,,,,,,,,,,,,,,
Y,239,239,239,239,239,239,239,239,239,239,239,239,239,239
Y,239,239,239,239,239,239,239,239,239,239,239,239,239,239
Y,239,239,239,,,239,,239,239,,239,239,239,239
,,,,,,,,,,,,,,
Y,239,239,239,239,239,239,239,,239,,239,239,239,239
Y,239,239,239,239,239,239,239,239,239,239,239,239,239,239
,,,,,,,,,,,,,,
,,,,,,,,,,,,,,
,,,,,,,,,,,,,,
,,,,,,,,,,,,,,
,,,,,,,,,,,,,,
Y,50,30,50,30,30,30,30,30,30,50,50,30,30,30
,,,,,,,,,,,,,,
,,,,,,,,,,,,,,
,,,,,,,,,,,,,,
,,,,,,,,,,,,,,
,,,,,,,,,,,,,,
,,,,,,,,,,,,,,
,,,,,,,,,,,,,,
Y,469,459,469,449,449,459,449,449,449,429,449,449,449,459
,,,,,,,,,,,,,,
,,,,,,,,,,,,,,
,,,,,,,,,,,,,,
,,,,,,,,,,,,,,
,,,,,,,,,,,,,,
,,,,,,,,,,,,,,
,,,,,,,,,,,,,,
Y,130,130,130,130,130,130,130,129,130,130,150,130,130,130
,,,,,,,,,,,,,,
,,,,,,,,,,,,,,
,,,,,,,,,,,,,,
,,,,,,,,,,,,,,
,,,,,,,,,,,,,,
,,,,,,,,,,,,,,
,,,,,,,,,,,,,,
,,,,,,,,,,,,,,
,,,,,,,,,,,,,,
,,,,,,,,,,,,,,
,,,,,,,,,,,,,,
,,,,,,,,,,,,,,
,,,,,,,,,,,,,,
,,,,,,,,,,,,,,
,,,,,,,,,,,,,,
,,,,,,,,,,,,,,
Y,50,30,40,30,30,30,30,30,30,30,50,30,30,30
,,,,,,,,,,,,,,
Y,379,344,344,344,344,349,,,349,,349,349,349,344
,,,,,,,,,,,,,,
,,,,,,,,,,,,,,
,,,,,,,,,,,,,,
,,,,,,,,,,,,,,
Y,379,344,344,344,344,349,,,349,,349,349,349,344
,,,,,,,,,,,,,,
,,,,,,,,,,,,,,
,,,,,,,,,,,,,,
,,,,,,,,,,,,,,
,,,,,,,,,,,,,,
,,,,,,,,,,,,,,
,,,,,,,,,,,,,,
,,,,,,,,,,,,,,
,,,,,,,,,,,,,,
,,,,,,,,,,,,,,
,,,,,,,,,,,,,,
,,,,,,,,,,,,,,
,,,,,,,,,,,,,,
,,,,,,,,,,,,,,
,,,,,,,,,,,,,,
,,,,,,,,,,,,,,
,,,,,,,,,,,,,,
,,,,,,,,,,,,,,
,,,,,,,,,,,,,,
,,,,,,,,,,,,,,
,,,,,,,,,,,,,,
,,,,,,,,,,,,,,
,,,,,,,,,,,,,,
,,,,,,,,,,,,,,
,,,,,,,,,,,,,,
,,,,,,,,,,,,,,
,,,,,,,,,,,,,,
,,,,,,,,,,,,,,
,,,,,,,,,,,,,,
,,,,,,,,,,,,,,
,,,,,,,,,,,,,,
,,,,,,,,,,,,,,
,,,,,,,,,,,,,,
,,,,,,,,,,,,,,
,,,,,,,,,,,,,,
,,,,,,,,,,,,,,
,,,,,,,,,,,,,,
,,,,,,,,,,,,,,
,,,,,,,,,,,,,,
,,,,,,,,,,,,,,
,,,,,,,,,,,,,,
,,,,,,,,,,,,,,
,,,,,,,,,,,,,,
,,,,,,,,,,,,,,
Y,139,139,139,139,139,139,,,139,,139,139,139,139
,,,,,,,,,,,,,,
,,,,,,,,,,,,,,
,,,,,,,,,,,,,,
,,,,,,,,,,,,,,
,,,,,,,,,,,,,,
,,,,,,,,,,,,,,
,,,,,,,,,,,,,,
Y,259,249,249,239,239,249,249,249,249,269,259,249,249,269
,,,,,,,,,,,,,,
Y,150/229,100/210,100/210,100/210,100/210,100/210,100/210,100/210,100/210,100/210,129/250,100/210,100/210,100/210
,,,,,,,,,,,,,,
Y,99,99,99,99,99,89,89,99,89,99,150,89,89,89
,,,,,,,,,,,,,,
Y,250,250,250,250,250,250,250,250,250,250,250,250,250,250
,,,,,,,,,,,,,,
,,,,,,,,,,,,,,
,,,,,,,,,,,,,,
,,,,,,,,,,,,,,
Y,219,219,239,239,219,249,,,229,,219,229,229,269
,,,,,,,,,,,,,,
Y,289,279,289,299,289,289,299,319,299,319,299,299,299,289
Y,100,100,100,100,100,100,100,100,100,100,100,100,100,100
Y,149,149,149,149,149,149,149,139,149,149,159,149,149,149
Y,149,149,149,149,149,149,149,149,149,149,159,149,149,149
Y,100,100,100,100,100,100,100,100,100,100,100,100,100,100
,,,,,,,,,,,,,,
Y,149,149,149,149,149,149,,,149,149,159,149,149,149
Y,100,100,100,100,100,100,100,100,100,100,100,100,100,100
,,,,,,,,,,,,,,
,,,,,,,,,,,,,,
Y,100,100,100,100,100,100,100,100,100,,100,100,100,100
,,,,,,,,,,,,,,
,,,,,,,,,,,,,,
,,,,,,,,,,,,,,
Y,299,269,269,269,269,339,,,309,,279,309,309,299
,,,,,,,,,,,,,,
Y,299,279,299,299,289,289,,,299,299,299,299,299,289
,,,,,,,,,,,,,,
Y,369,359,339,319,299,349,,,359,,369,359,359,349
Y,100,100,100,100,100,100,100,100,100,100,100,100,100,100
Y,100,100,100,100,100,100,100,100,100,100,100,100,100,100
,,,,,,,,,,,,,,
Y,100,100,100,100,100,100,100,100,100,100,100,100,100,100
,,,,,,,,,,,,,,
,,,,,,,,,,,,,,
Y,100,100,100,100,100,100,100,100,100,100,100,100,100,100
Y,100,100,100,100,100,100,100,100,100,100,100,100,100,100
,,,,,,,,,,,,,,
,,,,,,,,,,,,,,
Y,239,169,169,169,169,169,169,169,169,199,219,169,169,169
Y,239,169,169,169,169,169,169,169,169,199,219,169,169,169
Y,359,339,339,319,319,369,,319,369,339,349,369,369,349
Y,359,339,339,319,319,369,,319,369,339,349,369,369,349
Y,359,339,339,319,319,369,,319,369,339,349,369,369,349
Y,299,269,269,269,269,339,,,309,,279,309,309,299
,,,,,,,,,,,,,,
,,,,,,,,,,,,,,
Y,299,289,289,289,289,369,,,329,,289,329,329,319
,,,,,,,,,,,,,,
,,,,,,,,,,,,,,
,,,,,,,,,,,,,,
,,,,,,,,,,,,,,
,,,,,,,,,,,,,,
,,,,,,,,,,,,,,
Y,299,289,289,289,289,369,,,349,,299,319,329,319
,,,,,,,,,,,,,,
Y,299,289,289,289,289,369,,,329,,289,329,329,319
,,,,,,,,,,,,,,
,,,,,,,,,,,,,,
,,,,,,,,,,,,,,
,,,,,,,,,,,,,,
,,,,,,,,,,,,,,
,,,,,,,,,,,,,,
,,,,,,,,,,,,,,
,,,,,,,,,,,,,,
Y,179,149,149,149,149,156,156,153,156,153,149,156,156,156
Y,299,299,299,299,299,299,,,339,,299,339,339,299
,,,,,,,,,,,,,,
,,,,,,,,,,,,,,
,,,,,,,,,,,,,,
,,,,,,,,,,,,,,
,,,,,,,,,,,,,,
,,,,,,,,,,,,,,
,,,,,,,,,,,,,,
,,,,,,,,,,,,,,
,,,,,,,,,,,,,,
Y,100,100,100,100,100,100,100,100,100,100,100,100,100,100
Y,349,299,319,319,319,299,299,299,299,299,299,299,299,319
Y,349,299,319,319,319,299,299,299,299,299,299,299,299,319
Y,349,299,319,319,319,299,299,299,299,299,299,299,299,319
Y,100,100,100,100,100,100,100,100,100,100,100,100,100,100
,,,,,,,,,,,,,,
,,,,,,,,,,,,,,
,,,,,,,,,,,,,,
,,,,,,,,,,,,,,
Y,179,149,149,149,149,156,156,153,156,153,149,156,156,156
Y,119,119,119,119,119,119,119,110,119,110,119,119,119,119
Y,100,100,100,100,100,100,100,100,100,100,100,100,100,100
Y,119,119,119,119,119,119,119,110,119,110,119,119,119,119
,,,,,,,,,,,,,,
Y,179,149,149,149,149,156,156,153,156,153,149,156,156,156
Y,119,119,119,119,119,119,119,110,119,110,119,119,119,119
,,,,,,,,,,,,,,
Y,179,149,149,149,149,156,156,153,156,153,149,156,156,156
,,,,,,,,,,,,,,
Y,119,119,119,119,119,119,119,110,119,110,119,119,119,119
,,,,,,,,,,,,,,
,,,,,,,,,,,,,,
,,,,,,,,,,,,,,
,,,,,,,,,,,,,,
,,,,,,,,,,,,,,
,,,,,,,,,,,,,,
,,,,,,,,,,,,,,
,,,,,,,,,,,,,,
,,,,,,,,,,,,,,
,,,,,,,,,,,,,,
,,,,,,,,,,,,,,
,,,,,,,,,,,,,,
,,,,,,,,,,,,,,
,,,,,,,,,,,,,,
,,,,,,,,,,,,,,
Y,150,100,150,100,100,100,100,100,100,150,200,100,100,100
,,,,,,,,,,,,,,
Y,300,200,300,200,200,200,200,200,200,300,300,200,200,200
,,,,,,,,,,,,,,
Y,300,220,300,220,220,200,,,200,,300,200,200,200
Y,0,0,0,0,0,0,0,0,0,0,0,0,0,0
,,,,,,,,,,,,,,
,,,,,,,,,,,,,,
,,,,,,,,,,,,,,
,,,,,,,,,,,,,,
Y,150,100,150,100,100,100,,,100,,150,100,100,100
,,,,,,,,,,,,,,
,,,,,,,,,,,,,,
Y,200/250,130/150,130/150,130/150,130/150,130,130,130/239,130,150/200,200/300,130,130,130
,,,,,,,,,,,,,,
,,,,,,,,,,,,,,
,,,,,,,,,,,,,,
,,,,,,,,,,,,,,
Y,799,739,799,719,719,699,789,749,739,789,799,729,789,
,,,,,,,,,,,,,,
,,,,,,,,,,,,,,
,,,,,,,,,,,,,,
,,,,,,,,,,,,,,
,,,,,,,,,,,,,,
,,,,,,,,,,,,,,
,,,,,,,,,,,,,,
,,,,,,,,,,,,,,
Y,479,299,299,299,299,319,,,299,,479,299,299,299
Y,479,429,489,469,469,439,439,439,439,339,459,439,439,389
,,,,,,,,,,,,,,
,,,,,,,,,,,,,,
Y,569,519,549,619,599,529,499,529,499,519,569,499,499,519
,,,,,,,,,,,,,,
,,,,,,,,,,,,,,
,,,,,,,,,,,,,,
,,,,,,,,,,,,,,
,,,,,,,,,,,,,,
,,,,,,,,,,,,,,
,,,,,,,,,,,,,,
,,,,,,,,,,,,,,
,,,,,,,,,,,,,,
,,,,,,,,,,,,,,
,,,,,,,,,,,,,,
,,,,,,,,,,,,,,
,,,,,,,,,,,,,,
,,,,,,,,,,,,,,
,,,,,,,,,,,,,,
Y,769,759,779,769,749,799,799,799,799,759,789,799,799,799
Y,829,799,799,799,809,879,819,819,879,799,819,879,879,889
Y,699,689,699,699,659,729,729,729,729,679,699,729,729,719
,,,,,,,,,,,,,,
,,,,,,,,,,,,,,
,,,,,,,,,,,,,,
,,,,,,,,,,,,,,
,,,,,,,,,,,,,,
,,,,,,,,,,,,,,
,,,,,,,,,,,,,,
,,,,,,,,,,,,,,
,,,,,,,,,,,,,,
,,,,,,,,,,,,,,
,,,,,,,,,,,,,,
,,,,,,,,,,,,,,
,,,,,,,,,,,,,,
,,,,,,,,,,,,,,
,,,,,,,,,,,,,,
,,,,,,,,,,,,,,
,,,,,,,,,,,,,,
,,,,,,,,,,,,,,
,,,,,,,,,,,,,,
,,,,,,,,,,,,,,
,,,,,,,,,,,,,,
,,,,,,,,,,,,,,
,,,,,,,,,,,,,,
,,,,,,,,,,,,,,
,,,,,,,,,,,,,,
,,,,,,,,,,,,,,
,,,,,,,,,,,,,,
,,,,,,,,,,,,,,
,,,,,,,,,,,,,,
Y,985,875,875,875,875,875,875,875,875,875,985,875,875,875
Y,1464,1374,1414,1374,1404,1374,1374,1374,1384,1394,1454,1374,1374,1424
Y,895,875,875,875,875,875,875,875,875,845,885,875,875,875
,,,,,,,,,,,,,,
,,,,,,,,,,,,,,
,,,,,,,,,,,,,,
,,,,,,,,,,,,,,
,,,,,,,,,,,,,,
,,,,,,,,,,,,,,
,,,,,,,,,,,,,,
,,,,,,,,,,,,,,
,,,,,,,,,,,,,,
,,,,,,,,,,,,,,
,,,,,,,,,,,,,,
,,,,,,,,,,,,,,
,,,,,,,,,,,,,,
,,,,,,,,,,,,,,
,,,,,,,,,,,,,,
,,,,,,,,,,,,,,
,,,,,,,,,,,,,,
,,,,,,,,,,,,,,
,,,,,,,,,,,,,,
,,,,,,,,,,,,,,
,,,,,,,,,,,,,,
Y,30,0,40,30,20,30,30,30,30,0,40,30,30,30
Y,0,0,0,0,0,0,0,0,0,0,0,0,0,0
Y,0,0,0,0,0,0,0,0,0,0,0,0,0,0
,,,,,,,,,,,,,,
Y,0,0,0,0,0,0,0,0,0,0,0,0,0,0
,,,,,,,,,,,,,,
,,,,,,,,,,,,,,
,,,,,,,,,,,,,,
,,,,,,,,,,,,,,
,,,,,,,,,,,,,,
,,,,,,,,,,,,,,
,,,,,,,,,,,,,,
,,,,,,,,,,,,,,
,,,,,,,,,,,,,,
,,,,,,,,,,,,,,
,,,,,,,,,,,,,,
,,,,,,,,,,,,,,
,,,,,,,,,,,,,,
,,,,,,,,,,,,,,
,,,,,,,,,,,,,,
,,,,,,,,,,,,,,
,,,,,,,,,,,,,,
,,,,,,,,,,,,,,
,,,,,,,,,,,,,,
,,,,,,,,,,,,,,
,,,,,,,,,,,,,,
,,,,,,,,,,,,,,
,,,,,,,,,,,,,,
,,,,,,,,,,,,,,
,,,,,,,,,,,,,,
,,,,,,,,,,,,,,
,,,,,,,,,,,,,,
,,,,,,,,,,,,,,
,,,,,,,,,,,,,,
Y,25,0,25,0,0,0,,,0,0,25,0,0,0
,,,,,,,,,,,,,,
,,,,,,,,,,,,,,
,,,,,,,,,,,,,,
,,,,,,,,,,,,,,
,,,,,,,,,,,,,,
,,,,,,,,,,,,,,
Y,649,649,649,649,649,689,,,689,,649,689,689,659
,,,,,,,,,,,,,,
Y,819,819,819,819,819,839,,,859,,819,859,859,829
,,,,,,,,,,,,,,
Y,679,679,679,679,679,719,,,719,,679,719,719,689
Y,829,829,829,829,829,849,,,869,,829,869,869,839
,,,,,,,,,,,,,,
,,,,,,,,,,,,,,
Y,369,369,379,369,369,369,369,369,369,379,379,369,369,369
,,,,,,,,,,,,,,
,,,,,,,,,,,,,,
,,,,,,,,,,,,,,
,,,,,,,,,,,,,,
,,,,,,,,,,,,,,
,,,,,,,,,,,,,,
,,,,,,,,,,,,,,
,,,,,,,,,,,,,,
,,,,,,,,,,,,,,
,,,,,,,,,,,,,,
,,,,,,,,,,,,,,
,,,,,,,,,,,,,,
,,,,,,,,,,,,,,
,,,,,,,,,,,,,,
,,,,,,,,,,,,,,
,,,,,,,,,,,,,,
,,,,,,,,,,,,,,
,,,,,,,,,,,,,,
,,,,,,,,,,,,,,
,,,,,,,,,,,,,,
,,,,,,,,,,,,,,
,,,,,,,,,,,,,,
,,,,,,,,,,,,,,
,,,,,,,,,,,,,,
,,,,,,,,,,,,,,
,,,,,,,,,,,,,,
,,,,,,,,,,,,,,
,,,,,,,,,,,,,,
,,,,,,,,,,,,,,
,,,,,,,,,,,,,,
,,,,,,,,,,,,,,
,,,,,,,,,,,,,,
,,,,,,,,,,,,,,
,,,,,,,,,,,,,,
,,,,,,,,,,,,,,
,,,,,,,,,,,,,,
Y,40/50,40,40/50,40,40,30/50,30/50,30/50,30/50,40/50,50,30/50,30/50,20/50
,,,,,,,,,,,,,,
Y,50,50,50,,,,,50,,,,,,
,,,,,,,,,,,,,,
,,,,,,,,,,,,,,
,,,,,,,,,,,,,,
,,,,,,,,,,,,,,
,,,,,,,,,,,,,,
,,,,,,,,,,,,,,
Y,30,30,30,40,30,,,,30,,50,30,,
,,,,,,,,,,,,,,
,,,,,,,,,,,,,,
,,,,,,,,,,,,,,
,,,,,,,,,,,,,,
,,,,,,,,,,,,,,
,,,,,,,,,,,,,,
,,,,,,,,,,,,,,
,,,,,,,,,,,,,,
,,,,,,,,,,,,,,
,,,,,,,,,,,,,,
,,,,,,,,,,,,,,
Y,40,40,40,40,40,30,30,30,30,50,50,30,30,50
,,,,,,,,,,,,,,
,,,,,,,,,,,,,,
,,,,,,,,,,,,,,
,,,,,,,,,,,,,,
Y,50,50,50,50,60,50,50,50,50,50,50,50,50,50
,,,,,,,,,,,,,,
,,,,,,,,,,,,,,
,,,,,,,,,,,,,,
Y,50,40,50,50,50,50,,,50,50,50,50,50,40
Y,30/50,30/40,50,30/40,30/40,20/50,30/50,30/50,30/50,30/50,50,30/50,30/50,20/50
,,,,,,,,,,,,,,
,,,,,,,,,,,,,,
,,,,,,,,,,,,,,
,,,,,,,,,,,,,,
Y,,50,50,50,60,50,50,50,50,50,50,50,50,50
,,,,,,,,,,,,,,
Y,40,40,50,45,40,50,50,50,50,49,50,50,50,50
,,,,,,,,,,,,,,
,,,,,,,,,,,,,,
,,,,,,,,,,,,,,
Y,20,,,,,,,,,,,,,
,,,,,,,,,,,,,,
Y,89,60,89,89,89,99,99,99,99,79,99,99,99,99
,,,,,,,,,,,,,,
,,,,,,,,,,,,,,
Y,40,30,50,30,30,30,30,,30,40,50,30,30,10
,,,,,,,,,,,,,,
,,,,,,,,,,,,,,
Y,399,359,399,419,419,399,,,379,,359,379,379,379
Y,439,399,439,459,459,459,,,439,,439,439,439,439
Y,299,299,299,299,299,279,279,279,279,299,299,279,279,299
Y,469,469,459,449,459,459,469,469,469,479,459,469,469,459
,,,,,,,,,,,,,,
,,,,,,,,,,,,,,
,,,,,,,,,,,,,,
Y,199,169,199,189,189,199,,,189,,219,189,189,189
,,,,,,,,,,,,,,
,,,,,,,,,,,,,,
Y,50,,,50,,30,,,30,,50,35,30,30
,,,,,,,,,,,,,,
,,,,,,,,,,,,,,
,,,,,,,,,,,,,,
,,,,,,,,,,,,,,
,,,,,,,,,,,,,,
Y,30/40,30/40,30/40,30/40,30/40,30/40,30/40,30/35/40,30/40,40,40/50,30/40,30/40,40
,,,,,,,,,,,,,,
,,,,,,,,,,,,,,
,,,,,,,,,,,,,,
,,,,,,,,,,,,,,
,,,,,,,,,,,,,,
,,,,,,,,,,,,,,
Y,50,50,50,50,50,50,50,50,50,50,50,50,50,50
,,,,,,,,,,,,,,
Y,40,40,40,30/40,30/40,40,,,40,40,40,30/40,40,40
Y,30,30,30,30,30,40,,,40,,50,40,40,40
Y,40,,40,,,,50,50,,,,,50,
,,,,,,,,,,,,,,
,,,,,,,,,,,,,,
,,,,,,,,,,,,,,
,,,,,,,,,,,,,,
Y,30/40,30/40,30/40,30/40,30/40,30/40,,,30/40,40,30/40,30/40,30/40,40
Y,30,30,40,30,30,30,,,30,,50,30,30,30
,,,,,,,,,,,,,,
,,,,,,,,,,,,,,
,,,,,,,,,,,,,,
,,,,,,,,,,,,,,
,,,,,,,,,,,,,,
,,,,,,,,,,,,,,
,,,,,,,,,,,,,,
,,,,,,,,,,,,,,
,,,,,,,,,,,,,,
,,,,,,,,,,,,,,
,,,,,,,,,,,,,,
,,,,,,,,,,,,,,
,,,,,,,,,,,,,,
,,,,,,,,,,,,,,
,,,,,,,,,,,,,,
Y,369,369,369,369,369,369,369,369,369,369,369,369,369,369
Y,419,419,419,419,419,419,419,419,419,419,419,419,419,419
Y,329,329,329,329,329,329,329,329,329,329,329,329,329,329
,,,,,,,,,,,,,,
Y,369,369,369,369,369,369,369,369,369,369,369,369,369,369
Y,419,419,419,419,419,419,419,419,419,419,419,419,419,419
Y,329,329,329,329,329,329,329,329,329,329,329,329,329,329
,,,,,,,,,,,,,,
Y,369,369,369,369,369,369,369,369,369,369,369,369,369,369
Y,329,329,329,329,329,329,329,329,329,329,329,329,329,329
Y,419,419,419,419,419,419,419,419,419,419,419,419,419,419
,,,,,,,,,,,,,,
,,,,,,,,,,,,,,
,,,,,,,,,,,,,,
Y,369,369,369,369,369,369,,,369,,369,369,369,369
Y,419,419,419,419,419,419,,,419,,419,419,419,419
Y,329,329,329,329,329,329,,,329,,329,329,329,329
,,,,,,,,,,,,,,
,,,,,,,,,,,,,,
,,,,,,,,,,,,,,
,,,,,,,,,,,,,,
,,,,,,,,,,,,,,
,,,,,,,,,,,,,,
,,,,,,,,,,,,,,
,,,,,,,,,,,,,,
,,,,,,,,,,,,,,
,,,,,,,,,,,,,,
,,,,,,,,,,,,,,
,,,,,,,,,,,,,,
,,,,,,,,,,,,,,
,,,,,,,,,,,,,,
,,,,,,,,,,,,,,
,,,,,,,,,,,,,,
,,,,,,,,,,,,,,
,,,,,,,,,,,,,,
,,,,,,,,,,,,,,
,,,,,,,,,,,,,,
,,,,,,,,,,,,,,
,,,,,,,,,,,,,,
,,,,,,,,,,,,,,
,,,,,,,,,,,,,,
,,,,,,,,,,,,,,
,,,,,,,,,,,,,,
,,,,,,,,,,,,,,
,,,,,,,,,,,,,,
,,,,,,,,,,,,,,
,,,,,,,,,,,,,,
,,,,,,,,,,,,,,
,,,,,,,,,,,,,,
,,,,,,,,,,,,,,
,,,,,,,,,,,,,,
,,,,,,,,,,,,,,
,,,,,,,,,,,,,,
,,,,,,,,,,,,,,
,,,,,,,,,,,,,,
,,,,,,,,,,,,,,
,,,,,,,,,,,,,,
,,,,,,,,,,,,,,
,,,,,,,,,,,,,,
,,,,,,,,,,,,,,
,,,,,,,,,,,,,,
,,,,,,,,,,,,,,
,,,,,,,,,,,,,,
,,,,,,,,,,,,,,
,,,,,,,,,,,,,,
,,,,,,,,,,,,,,
,,,,,,,,,,,,,,
,,,,,,,,,,,,,,
,,,,,,,,,,,,,,
,,,,,,,,,,,,,,
,,,,,,,,,,,,,,
,,,,,,,,,,,,,,
,,,,,,,,,,,,,,
,,,,,,,,,,,,,,
,,,,,,,,,,,,,,
,,,,,,,,,,,,,,
,,,,,,,,,,,,,,
,,,,,,,,,,,,,,
,,,,,,,,,,,,,,
,,,,,,,,,,,,,,
,,,,,,,,,,,,,,
,,,,,,,,,,,,,,
,,,,,,,,,,,,,,
,,,,,,,,,,,,,,
,,,,,,,,,,,,,,
,,,,,,,,,,,,,,
,,,,,,,,,,,,,,
,,,,,,,,,,,,,,
,,,,,,,,,,,,,,
,,,,,,,,,,,,,,
,,,,,,,,,,,,,,
,,,,,,,,,,,,,,
,,,,,,,,,,,,,,
,,,,,,,,,,,,,,
,,,,,,,,,,,,,,
,,,,,,,,,,,,,,
,,,,,,,,,,,,,,
,,,,,,,,,,,,,,
,,,,,,,,,,,,,,
Y,50,50,50,50,50,85,75,50,75,30,50,75,75,50
,,,,,,,,,,,,,,
,,,,,,,,,,,,,,
,,,,,,,,,,,,,,
,,,,,,,,,,,,,,
,,,,,,,,,,,,,,
,,,,,,,,,,,,,,
,,,,,,,,,,,,,,
,,,,,,,,,,,,,,
,,,,,,,,,,,,,,
,,,,,,,,,,,,,,
,,,,,,,,,,,,,,
,,,,,,,,,,,,,,
,,,,,,,,,,,,,,
,,,,,,,,,,,,,,
,,,,,,,,,,,,,,
,,,,,,,,,,,,,,
,,,,,,,,,,,,,,
,,,,,,,,,,,,,,
Y,1439,1369,,,,,,1389,,1419,,,,
,,,,,,,,,,,,,,
,,,,,,,,,,,,,,
,,,,,,,,,,,,,,
,,,,,,,,,,,,,,
,,,,,,,,,,,,,,
,,,,,,,,,,,,,,
Y,99,99,150,99,99,169,169,169,169,199,150,169,169,166
,,,,,,,,,,,,,,
,,,,,,,,,,,,,,
Y,175,175,175,175,175,175,175,175,175,175,175,175,175,175
,,,,,,,,,,,,,,
Y,175,175,175,175,175,175,175,175,175,,175,175,175,175
,,,,,,,,,,,,,,
,,,,,,,,,,,,,,
,,,,,,,,,,,,,,
Y,239,239,239,239,239,208,209,209,209,223,249,209,209,223
,,,,,,,,,,,,,,
,,,,,,,,,,,,,,
,,,,,,,,,,,,,,
,,,,,,,,,,,,,,
Y,239,239,239,239,239,208,209,209,209,223,249,209,209,223
Y,119,119,119,119,119,129,119,130,119,140,119,119,119,139
Y,119,119,119,119,119,129,119,130,119,140,119,119,119,139
Y,239,239,239,239,239,208,209,209,209,223,249,209,209,223
,,,,,,,,,,,,,,
Y,119,119,119,119,119,129,119,130,119,130,119,119,119,129
,,,,,,,,,,,,,,
,,,,,,,,,,,,,,
Y,239,239,239,239,239,208,209,209,209,223,249,209,209,223
,,,,,,,,,,,,,,
Y,119,119,119,119,119,129,119,130,119,140,119,119,119,139
,,,,,,,,,,,,,,
Y,1349,1319,1299,1299,1299,1279,1329,1279,1329,1319,1399,1329,1329,1319
Y,819,799,799,799,799,829,,,819,779,799,819,819,839
Y,,939,939,939,939,949,949,949,949,939,,949,949,939
Y,999,999,999,999,999,999,999,999,999,999,999,999,999,999
,,,,,,,,,,,,,,
Y,1159,1129,1099,1089,1089,1079,1079,1089,1079,1019,1139,1079,1079,1109
,,,,,,,,,,,,,,
Y,674,659,669,659,679,749,,,729,,679,729,729,729
Y,749,719,719,709,709,729,699,689,699,719,749,699,699,719
,,,,,,,,,,,,,,
,,,,,,,,,,,,,,
Y,759,719,789,759,779,829,,,819,,729,819,819,829
Y,759,719,789,759,779,829,,,819,,729,819,819,829
,,,,,,,,,,,,,,
Y,999,789,799,769,789,899,,,839,,999,839,839,839
,,,,,,,,,,,,,,
Y,759,719,789,759,779,829,,,819,,729,819,819,829
Y,999,789,799,769,789,899,,,839,,999,839,839,839
Y,759,719,789,759,779,829,,,819,,729,819,819,829
Y,759,719,789,759,779,829,,,819,,729,819,819,829
Y,759,719,789,759,779,829,,,819,,729,819,819,829
Y,999,789,799,769,789,899,,,839,,999,839,839,839
,,,,,,,,,,,,,,
,,,,,,,,,,,,,,
Y,1169,1149,1129,1069,1119,1089,1099,1099,1099,1079,1169,1099,1099,1169
Y,1029,999,999,929,999,879,959,869,959,859,1029,959,959,969
Y,699,699,689,689,689,729,729,719,729,729,729,729,729,729
Y,649,679,629,639,609,709,719,699,719,719,649,719,719,719
Y,699,699,689,689,689,729,729,719,729,729,729,729,729,729
Y,699,699,689,689,689,729,,,729,,729,729,729,729
Y,1489,1479,1469,1469,1469,1449,1459,1439,1479,1329,1389,1479,1479,1479
,,,,,,,,,,,,,,
Y,1319,1249,1269,1239,1269,1129,1199,1149,1199,1099,1319,1199,1199,1169
Y,1219,1189,1199,1199,1199,1199,1199,1189,1199,1159,1229,1199,1199,1199
Y,579,579,579,579,579,579,579,589,579,579,579,579,579,599
Y,879,919,869,829,829,899,899,919,899,899,899,899,899,919
,,,,,,,,,,,,,,
Y,1499,1469,1469,1459,1389,1439,1449,1389,1449,1319,1469,1449,1449,1469
,,,,,,,,,,,,,,
Y,1339,1329,1319,1329,1379,1379,1399,1329,1399,1279,1289,1399,1399,1389
Y,1029,999,1029,999,999,999,999,999,999,999,1029,999,999,1049
Y,859,849,849,849,849,739,739,739,739,849,869,739,739,849
,,,,,,,,,,,,,,
Y,869,839,839,859,839,849,849,849,849,849,859,849,849,839
Y,1049,999,1039,999,1029,999,999,999,999,999,1059,999,999,1049
Y,1069,1039,1059,999,1039,999,999,999,999,1019,1069,999,999,1099
,,,,,,,,,,,,,,
Y,724,689,689,679,679,769,,,689,,734,699,729,719
Y,849,789,799,779,769,809,,,819,,849,819,819,859
Y,1199,1149,1189,1149,1179,1179,1169,1139,1169,1169,1219,1169,1169,1179
Y,1299,1199,,,,,,1189,,1229,,1219,,
Y,1339,1319,1329,1299,1329,1319,1339,1339,1339,1359,1349,1339,1339,1349
Y,1359,1329,1329,1309,1339,1329,1349,1339,1349,1389,1379,1349,1349,1359
Y,1219,1179,1219,1179,1199,1199,1199,1169,1199,1199,1239,1199,1199,1219
,,,,,,,,,,,,,,
,,,,,,,,,,,,,,
Y,669,649,689,639,629,699,669,689,669,699,649,669,669,669
Y,779,739,729,729,729,759,689,699,729,729,779,729,729,739
Y,799,769,789,759,759,779,,,779,809,799,749,769,769
Y,849/899,799,799,799,799,799/809,819,789,819,799/819,829/839,819,819,799/819
,,,,,,,,,,,,,,
Y,500,500,500,500,500,500,,,500,,500,500,500,500
Y,500,500,500,500,500,500,,,500,,500,500,500,500
Y,500,500,500,500,500,500,,,500,,500,500,500,500
Y,500,500,500,500,500,500,,,500,500,500,500,500,500
,,,,,,,,,,,,,,
Y,500,500,500,500,500,500,500,500,500,500,500,500,500,500
Y,500,500,500,500,500,500,500,500,500,500,500,500,500,500
Y,500,500,500,500,500,500,,,500,,500,500,500,500
Y,500,500,500,500,500,500,500,500,500,500,500,500,500,500
Y,500,500,500,500,500,500,500,500,500,500,500,500,500,500
Y,500,500,500,500,500,500,500,500,500,500,500,500,500,500
Y,500,500,500,500,500,500,,,500,,500,500,500,500
Y,500,500,500,500,500,500,,,500,,500,500,500,500
Y,1069,1019,1049,999,999,1019,1019,1019,1019,1029,1049,1019,1019,1019
,,,,,,,,,,,,,,
Y,1089,1049,1069,1029,1029,1049,1049,1049,1049,1059,1069,1049,1049,1039
,,,,,,,,,,,,,,
,,,,,,,,,,,,,,
,,,,,,,,,,,,,,
,,,,,,,,,,,,,,
,,,,,,,,,,,,,,
Y,1299,1269,1279,1279,1269,1299,,,1249,,1299,1249,1249,1299
Y,1299,1269,1279,1279,1269,1299,,,1249,,1299,1249,1249,1299
,,,,,,,,,,,,,,
,,,,,,,,,,,,,,
Y,,1249,1229,1249,1249,,,,1249,,,1249,1249,1299
,,,,,,,,,,,,,,
Y,1299,1259,1279,1239,1279,1299,,,1249,,1299,1249,1249,1299
Y,1299,1259,1279,1239,1279,1299,,,1249,,1299,1249,1249,1299
Y,,1249,1229,1249,1249,,,,1249,,,1249,1249,1299
,,,,,,,,,,,,,,
,,,,,,,,,,,,,,
Y,749,719,719,709,709,729,699,689,699,719,749,699,699,719
Y,779,739,729,729,729,759,689,699,729,729,779,729,729,739
Y,1269,1189,1239,1159,1189,1189,1199,1199,1199,1179,1269,1199,1199,
,,,,,,,,,,,,,,
,,,,,,,,,,,,,,
Y,514,500,500,500,500,510,,,500,,529,500,500,500
,,,,,,,,,,,,,,
,,,,,,,,,,,,,,
Y,610,500,500,500,500,500,500,500,500,500,610,500,500,500
Y,1369,1369,1359,1339,1359,1339,,,1399,,1379,1399,1399,1399
,,,,,,,,,,,,,,
Y,,,,,,,1379,1369,,1299,,,,
Y,1329,1309,1299,1289,1259,1299,1349,1259,1349,1249,1329,1349,1349,1349
,,,,,,,,,,,,,,
Y,1259,1239,1219,1189,1199,1269,1289,1199,1289,1189,1249,1289,1289,1269
,,,,,,,,,,,,,,
,,,,,,,,,,,,,,
,,,,,,,,,,,,,,
,,,,,,,,,,,,,,
,,,,,,,,,,,,,,
Y,1169,1149,1139,1119,1139,1149,,,1169,,1159,1169,1169,1179
Y,1339,1329,1329,1329,1329,1319,,,1339,,1329,1339,1339,1349
Y,1199,1179,1179,1179,1179,1179,,,1199,,1199,1199,1199,1219
Y,1349,1329,1319,1309,1339,1329,,,1349,,1349,1349,1349,1359
,,,,,,,,,,,,,,
Y,674,659,669,659,679,749,,,729,,679,729,729,729
,,,,,,,,,,,,,,
Y,749,719,719,709,709,729,699,689,699,719,749,699,699,719
,,,,,,,,,,,,,,
Y,859,839,839,839,839,849,799,799,799,779,869,799,799,779
Y,859,839,839,839,839,859,849,849,849,879,869,849,849,879
Y,859,839,839,839,839,809,759,759,759,759,869,759,759,759
,,,,,,,,,,,,,,
,,,,,,,,,,,,,,
,,,,,,,,,,,,,,
,,,,,,,,,,,,,,
,,,,,,,,,,,,,,
,,,,,,,,,,,,,,
,,,,,,,,,,,,,,
,,,,,,,,,,,,,,
,,,,,,,,,,,,,,
,,,,,,,,,,,,,,
,,,,,,,,,,,,,,
,,,,,,,,,,,,,,
,,,,,,,,,,,,,,
,,,,,,,,,,,,,,
,,,,,,,,,,,,,,
,,,,,,,,,,,,,,
Y,0,0,0,0,0,0,0,0,0,0,0,0,0,0
,,,,,,,,,,,,,,
,,,,,,,,,,,,,,
,,,,,,,,,,,,,,
Y,100,100,100,100,100,100,100,100,100,100,500,100,100,100
,,,,,,,,,,,,,,
,,,,,,,,,,,,,,
,,,,,,,,,,,,,,
,,,,,,,,,,,,,,
Y,599,599,599,599,599,499,499,499,499,519,599,499,499,499
Y,599,599,599,599,599,599,599,599,599,619,599,599,599,599
Y,599,599,599,599,599,479,479,479,479,499,599,479,479,479
,,,,,,,,,,,,,,
Y,389,389,389,389,389,389,389,389,389,389,389,389,389,389
Y,389,389,389,389,389,389,389,389,389,389,389,389,389,389
Y,389,389,389,389,389,389,,,389,,389,389,389,389
Y,389,389,389,389,389,389,,,389,,389,389,389,389
,,,,,,,,,,,,,,
,,,,,,,,,,,,,,
,,,,,,,,,,,,,,
,,,,,,,,,,,,,,
,,,,,,,,,,,,,,
,,,,,,,,,,,,,,
,,,,,,,,,,,,,,
,,,,,,,,,,,,,,
,,,,,,,,,,,,,,
,,,,,,,,,,,,,,
,,,,,,,,,,,,,,
,,,,,,,,,,,,,,
,,,,,,,,,,,,,,
,,,,,,,,,,,,,,
,,,,,,,,,,,,,,
,,,,,,,,,,,,,,
,,,,,,,,,,,,,,
,,,,,,,,,,,,,,
,,,,,,,,,,,,,,
,,,,,,,,,,,,,,
