any,1832,2584,4718,12224,18461,29014,29017,29708,40137,40235,40268,40285,40289,40493,41190
,,,,,,,,,,,,,,,
,,,,,,,,,,,,,,,
,,,,,,,,,,,,,,,
,,,,,,,,,,,,,,,
,,,,,,,,,,,,,,,
,,,,,,,,,,,,,,,
,,,,,,,,,,,,,,,
,,,,,,,,,,,,,,,
,,,,,,,,,,,,,,,
,,,,,,,,,,,,,,,
,,,,,,,,,,,,,,,
,,,,,,,,,,,,,,,
Y,1049,1049,1049,1049,1049,1039,1059,1049,1049,889,1049,1049,1059,1049,1049
Y,1449,1449,1449,1449,1449,1449,1389,1449,1449,1389,1449,1449,1389,1449,1449
,,,,,,,,,,,,,,,
,,,,,,,,,,,,,,,
,,,,,,,,,,,,,,,
,,,,,,,,,,,,,,,
,,,,,,,,,,,,,,,
,,,,,,,,,,,,,,,
Y,299,299,299,299,299,299,299,299,299,299,299,299,299,299,299
,,,,,,,,,,,,,,,
,,,,,,,,,,,,,,,
,,,,,,,,,,,,,,,
Y,629,629,629,629,629,629,689,629,,398,629,,689,629,629
,,,,,,,,,,,,,,,
,,,,,,,,,,,,,,,
Y,,,,219,,,,219,,,,,,,
,,,,,,,,,,,,,,,
,,,,,,,,,,,,,,,
,,,,,,,,,,,,,,,
Y,219,219,219,219,219,219,219,219,219,219,219,219,219,219,219
,,,,,,,,,,,,,,,
,,,,,,,,,,,,,,,
,,,,,,,,,,,,,,,
,,,,,,,,,,,,,,,
,,,,,,,,,,,,,,,
,,,,,,,,,,,,,,,
,,,,,,,,,,,,,,,
,,,,,,,,,,,,,,,
,,,,,,,,,,,,,,,
,,,,,,,,,,,,,,,
,,,,,,,,,,,,,,,
,,,,,,,,,,,,,,,
,,,,,,,,,,,,,,,
,,,,,,,,,,,,,,,
,,,,,,,,,,,,,,,
,,,,,,,,,,,,,,,
,,,,,,,,,,,,,,,
,,,,,,,,,,,,,,,
,,,,,,,,,,,,,,,
,,,,,,,,,,,,,,,
,,,,,,,,,,,,,,,
,,,,,,,,,,,,,,,
,,,,,,,,,,,,,,,
,,,,,,,,,,,,,,,
,,,,,,,,,,,,,,,
,,,,,,,,,,,,,,,
,,,,,,,,,,,,,,,
,,,,,,,,,,,,,,,
,,,,,,,,,,,,,,,
,,,,,,,,,,,,,,,
,,,,,,,,,,,,,,,
,,,,,,,,,,,,,,,
,,,,,,,,,,,,,,,
,,,,,,,,,,,,,,,
,,,,,,,,,,,,,,,
,,,,,,,,,,,,,,,
,,,,,,,,,,,,,,,
,,,,,,,,,,,,,,,
,,,,,,,,,,,,,,,
Y,1589,1589,1589,1589,1589,1579,1759,1589,1589,1339,1589,1589,1759,1589,1589
,,,,,,,,,,,,,,,
,,,,,,,,,,,,,,,
,,,,,,,,,,,,,,,
,,,,,,,,,,,,,,,
,,,,,,,,,,,,,,,
,,,,,,,,,,,,,,,
,,,,,,,,,,,,,,,
,,,,,,,,,,,,,,,
,,,,,,,,,,,,,,,
,,,,,,,,,,,,,,,
,,,,,,,,,,,,,,,
,,,,,,,,,,,,,,,
,,,,,,,,,,,,,,,
,,,,,,,,,,,,,,,
,,,,,,,,,,,,,,,
,,,,,,,,,,,,,,,
,,,,,,,,,,,,,,,
,,,,,,,,,,,,,,,
,,,,,,,,,,,,,,,
,,,,,,,,,,,,,,,
,,,,,,,,,,,,,,,
,,,,,,,,,,,,,,,
,,,,,,,,,,,,,,,
,,,,,,,,,,,,,,,
,,,,,,,,,,,,,,,
,,,,,,,,,,,,,,,
,,,,,,,,,,,,,,,
,,,,,,,,,,,,,,,
,,,,,,,,,,,,,,,
,,,,,,,,,,,,,,,
,,,,,,,,,,,,,,,
,,,,,,,,,,,,,,,
,,,,,,,,,,,,,,,
,,,,,,,,,,,,,,,
,,,,,,,,,,,,,,,
,,,,,,,,,,,,,,,
,,,,,,,,,,,,,,,
,,,,,,,,,,,,,,,
,,,,,,,,,,,,,,,
,,,,,,,,,,,,,,,
,,,,,,,,,,,,,,,
,,,,,,,,,,,,,,,
,,,,,,,,,,,,,,,
,,,,,,,,,,,,,,,
,,,,,,,,,,,,,,,
,,,,,,,,,,,,,,,
,,,,,,,,,,,,,,,
,,,,,,,,,,,,,,,
,,,,,,,,,,,,,,,
,,,,,,,,,,,,,,,
,,,,,,,,,,,,,,,
,,,,,,,,,,,,,,,
,,,,,,,,,,,,,,,
,,,,,,,,,,,,,,,
Y,,,,3399,2899,,,3399,,2519,,2899,,2919,2919
,,,,,,,,,,,,,,,
Y,799,799,799,799,799,799,739,799,799,739,799,799,739,799,799
,,,,,,,,,,,,,,,
,,,,,,,,,,,,,,,
,,,,,,,,,,,,,,,
,,,,,,,,,,,,,,,
,,,,,,,,,,,,,,,
,,,,,,,,,,,,,,,
,,,,,,,,,,,,,,,
,,,,,,,,,,,,,,,
Y,899,899,899,919,899,899,899,919,899,699,899,899,899,899,899
Y,899,899,899,919,899,899,899,919,919,699,899,899,899,899,899
Y,789,789,789,739,789,759,769,739,769,649,789,789,769,789,789
,,,,,,,,,,,,,,,
,,,,,,,,,,,,,,,
,,,,,,,,,,,,,,,
,,,,,,,,,,,,,,,
,,,,,,,,,,,,,,,
,,,,,,,,,,,,,,,
,,,,,,,,,,,,,,,
,,,,,,,,,,,,,,,
,,,,,,,,,,,,,,,
,,,,,,,,,,,,,,,
,,,,,,,,,,,,,,,
,,,,,,,,,,,,,,,
,,,,,,,,,,,,,,,
,,,,,,,,,,,,,,,
,,,,,,,,,,,,,,,
,,,,,,,,,,,,,,,
,,,,,,,,,,,,,,,
,,,,,,,,,,,,,,,
,,,,,,,,,,,,,,,
,,,,,,,,,,,,,,,
,,,,,,,,,,,,,,,
,,,,,,,,,,,,,,,
,,,,,,,,,,,,,,,
,,,,,,,,,,,,,,,
,,,,,,,,,,,,,,,
,,,,,,,,,,,,,,,
,,,,,,,,,,,,,,,
,,,,,,,,,,,,,,,
,,,,,,,,,,,,,,,
,,,,,,,,,,,,,,,
,,,,,,,,,,,,,,,
,,,,,,,,,,,,,,,
,,,,,,,,,,,,,,,
,,,,,,,,,,,,,,,
,,,,,,,,,,,,,,,
,,,,,,,,,,,,,,,
,,,,,,,,,,,,,,,
,,,,,,,,,,,,,,,
,,,,,,,,,,,,,,,
,,,,,,,,,,,,,,,
,,,,,,,,,,,,,,,
,,,,,,,,,,,,,,,
Y,559,559,559,559,559,559,589,559,,,559,,589,559,559
,,,,,,,,,,,,,,,
,,,,,,,,,,,,,,,
Y,539,539,539,539,539,539,569,539,549,439,539,539,569,539,539
,,,,,,,,,,,,,,,
,,,,,,,,,,,,,,,
Y,589,589,589,589,589,589,619,589,,,589,,619,589,589
,,,,,,,,,,,,,,,
,,,,,,,,,,,,,,,
,,,,,,,,,,,,,,,
,,,,,,,,,,,,,,,
,,,,,,,,,,,,,,,
,,,,,,,,,,,,,,,
,,,,,,,,,,,,,,,
,,,,,,,,,,,,,,,
,,,,,,,,,,,,,,,
,,,,,,,,,,,,,,,
,,,,,,,,,,,,,,,
,,,,,,,,,,,,,,,
,,,,,,,,,,,,,,,
,,,,,,,,,,,,,,,
,,,,,,,,,,,,,,,
,,,,,,,,,,,,,,,
,,,,,,,,,,,,,,,
,,,,,,,,,,,,,,,
,,,,,,,,,,,,,,,
,,,,,,,,,,,,,,,
,,,,,,,,,,,,,,,
,,,,,,,,,,,,,,,
,,,,,,,,,,,,,,,
,,,,,,,,,,,,,,,
,,,,,,,,,,,,,,,
,,,,,,,,,,,,,,,
,,,,,,,,,,,,,,,
,,,,,,,,,,,,,,,
,,,,,,,,,,,,,,,
,,,,,,,,,,,,,,,
Y,239,239,239,239,239,239,249,239,,,239,,249,239,239
,,,,,,,,,,,,,,,
Y,619,619,619,619,619,619,689,619,,,619,,689,619,619
,,,,,,,,,,,,,,,
,,,,,,,,,,,,,,,
,,,,,,,,,,,,,,,
Y,619,619,619,619,619,619,689,619,,,619,,689,619,619
,,,,,,,,,,,,,,,
Y,319,319,319,319,319,319,329,319,,,319,,329,319,319
,,,,,,,,,,,,,,,
,,,,,,,,,,,,,,,
,,,,,,,,,,,,,,,
,,,,,,,,,,,,,,,
,,,,,,,,,,,,,,,
Y,689,689,689,649,689,669,729,649,,,689,,729,689,689
,,,,,,,,,,,,,,,
,,,,,,,,,,,,,,,
,,,,,,,,,,,,,,,
,,,,,,,,,,,,,,,
,,,,,,,,,,,,,,,
,,,,,,,,,,,,,,,
,,,,,,,,,,,,,,,
,,,,,,,,,,,,,,,
Y,239,239,239,239,239,239,249,239,,,239,,249,239,239
,,,,,,,,,,,,,,,
Y,319,319,319,319,319,319,329,319,,,319,,329,319,319
,,,,,,,,,,,,,,,
Y,619,619,619,619,619,619,689,619,,,619,,689,619,619
Y,689,689,689,649,689,669,729,649,,,689,,729,689,689
,,,,,,,,,,,,,,,
,,,,,,,,,,,,,,,
Y,619,619,619,619,619,619,689,619,,,619,,689,619,619
,,,,,,,,,,,,,,,
,,,,,,,,,,,,,,,
Y,619,619,619,619,619,619,689,619,,,619,,689,619,619
,,,,,,,,,,,,,,,
Y,619,619,619,619,619,619,689,619,,,619,,689,619,619
,,,,,,,,,,,,,,,
,,,,,,,,,,,,,,,
Y,689,689,689,649,689,669,729,649,,,689,,729,689,689
,,,,,,,,,,,,,,,
,,,,,,,,,,,,,,,
,,,,,,,,,,,,,,,
,,,,,,,,,,,,,,,
,,,,,,,,,,,,,,,
,,,,,,,,,,,,,,,
Y,319,319,319,319,319,319,329,319,,,319,,329,319,319
,,,,,,,,,,,,,,,
,,,,,,,,,,,,,,,
,,,,,,,,,,,,,,,
,,,,,,,,,,,,,,,
,,,,,,,,,,,,,,,
,,,,,,,,,,,,,,,
,,,,,,,,,,,,,,,
,,,,,,,,,,,,,,,
,,,,,,,,,,,,,,,
Y,0,0,0,0,0,0,0,0,0,0,0,0,0,0,0
,,,,,,,,,,,,,,,
,,,,,,,,,,,,,,,
Y,0,0,0,50,0,0,0,50,0,,0,0,0,0,0
,,,,,,,,,,,,,,,
Y,789,789,789,749,789,769,819,749,779,669,789,789,819,789,789
,,,,,,,,,,,,,,,
,,,,,,,,,,,,,,,
,,,,,,,,,,,,,,,
Y,619,619,619,619,619,619,689,619,629,439,619,619,689,619,619
,,,,,,,,,,,,,,,
Y,169,169,169,169,169,169,169,169,169,169,169,169,169,169,169
,,,,,,,,,,,,,,,
Y,169,169,169,169,169,169,169,169,169,169,169,169,169,169,169
Y,169,169,169,169,169,169,169,169,169,169,169,169,169,169,169
,,,,,,,,,,,,,,,
,,,,,,,,,,,,,,,
,,,,,,,,,,,,,,,
,,,,,,,,,,,,,,,
,,,,,,,,,,,,,,,
,,,,,,,,,,,,,,,
,,,,,,,,,,,,,,,
,,,,,,,,,,,,,,,
,,,,,,,,,,,,,,,
,,,,,,,,,,,,,,,
,,,,,,,,,,,,,,,
,,,,,,,,,,,,,,,
,,,,,,,,,,,,,,,
,,,,,,,,,,,,,,,
,,,,,,,,,,,,,,,
,,,,,,,,,,,,,,,
,,,,,,,,,,,,,,,
,,,,,,,,,,,,,,,
,,,,,,,,,,,,,,,
,,,,,,,,,,,,,,,
,,,,,,,,,,,,,,,
,,,,,,,,,,,,,,,
,,,,,,,,,,,,,,,
,,,,,,,,,,,,,,,
Y,1659,1659,1659,1659,1659,1659,1200,1659,,1599,1659,1659,1200,1659,1659
,,,,,,,,,,,,,,,
Y,1659,1659,1659,1659,1659,1659,1200,1659,,,1659,,1200,1659,1659
,,,,,,,,,,,,,,,
,,,,,,,,,,,,,,,
,,,,,,,,,,,,,,,
,,,,,,,,,,,,,,,
,,,,,,,,,,,,,,,
,,,,,,,,,,,,,,,
,,,,,,,,,,,,,,,
,,,,,,,,,,,,,,,
,,,,,,,,,,,,,,,
,,,,,,,,,,,,,,,
,,,,,,,,,,,,,,,
,,,,,,,,,,,,,,,
Y,319,319,319,269,319,269,249,269,279,229,319,319,249,319,319
Y,199,199,199,189,199,189,169,189,199,,199,199,169,199,199
,,,,,,,,,,,,,,,
Y,199,199,199,189,199,189,169,189,199,169,199,199,169,199,199
,,,,,,,,,,,,,,,
,,,,,,,,,,,,,,,
,,,,,,,,,,,,,,,
Y,319,319,319,319,319,319,349,319,,199,319,,349,319,319
,,,,,,,,,,,,,,,
,,,,,,,,,,,,,,,
,,,,,,,,,,,,,,,
,,,,,,,,,,,,,,,
,,,,,,,,,,,,,,,
,,,,,,,,,,,,,,,
,,,,,,,,,,,,,,,
,,,,,,,,,,,,,,,
,,,,,,,,,,,,,,,
,,,,,,,,,,,,,,,
,,,,,,,,,,,,,,,
,,,,,,,,,,,,,,,
,,,,,,,,,,,,,,,
,,,,,,,,,,,,,,,
,,,,,,,,,,,,,,,
,,,,,,,,,,,,,,,
,,,,,,,,,,,,,,,
,,,,,,,,,,,,,,,
,,,,,,,,,,,,,,,
,,,,,,,,,,,,,,,
,,,,,,,,,,,,,,,
,,,,,,,,,,,,,,,
,,,,,,,,,,,,,,,
,,,,,,,,,,,,,,,
Y,239,239,239,239,239,239,239,239,239,239,239,239,239,239,239
,,,,,,,,,,,,,,,
,,,,,,,,,,,,,,,
,,,,,,,,,,,,,,,
,,,,,,,,,,,,,,,
,,,,,,,,,,,,,,,
,,,,,,,,,,,,,,,
,,,,,,,,,,,,,,,
,,,,,,,,,,,,,,,
,,,,,,,,,,,,,,,
,,,,,,,,,,,,,,,
,,,,,,,,,,,,,,,
,,,,,,,,,,,,,,,
,,,,,,,,,,,,,,,
,,,,,,,,,,,,,,,
,,,,,,,,,,,,,,,
,,,,,,,,,,,,,,,
,,,,,,,,,,,,,,,
,,,,,,,,,,,,,,,
,,,,,,,,,,,,,,,
,,,,,,,,,,,,,,,
,,,,,,,,,,,,,,,
,,,,,,,,,,,,,,,
,,,,,,,,,,,,,,,
,,,,,,,,,,,,,,,
,,,,,,,,,,,,,,,
,,,,,,,,,,,,,,,
,,,,,,,,,,,,,,,
,,,,,,,,,,,,,,,
,,,,,,,,,,,,,,,
Y,,,,169,,,,169,,,,,,,
,,,,,,,,,,,,,,,
,,,,,,,,,,,,,,,
,,,,,,,,,,,,,,,
Y,169,169,169,169,169,169,169,169,179,159,169,169,169,169,169
,,,,,,,,,,,,,,,
,,,,,,,,,,,,,,,
,,,,,,,,,,,,,,,
Y,219,219,219,219,219,,,219,,,219,219,,219,219
,,,,,,,,,,,,,,,
,,,,,,,,,,,,,,,
,,,,,,,,,,,,,,,
,,,,,,,,,,,,,,,
,,,,,,,,,,,,,,,
,,,,,,,,,,,,,,,
,,,,,,,,,,,,,,,
,,,,,,,,,,,,,,,
,,,,,,,,,,,,,,,
,,,,,,,,,,,,,,,
,,,,,,,,,,,,,,,
Y,,,,,,,249,,,179,,199,,,
,,,,,,,,,,,,,,,
,,,,,,,,,,,,,,,
,,,,,,,,,,,,,,,
,,,,,,,,,,,,,,,
,,,,,,,,,,,,,,,
,,,,,,,,,,,,,,,
,,,,,,,,,,,,,,,
,,,,,,,,,,,,,,,
,,,,,,,,,,,,,,,
,,,,,,,,,,,,,,,
,,,,,,,,,,,,,,,
,,,,,,,,,,,,,,,
,,,,,,,,,,,,,,,
,,,,,,,,,,,,,,,
,,,,,,,,,,,,,,,
,,,,,,,,,,,,,,,
,,,,,,,,,,,,,,,
,,,,,,,,,,,,,,,
,,,,,,,,,,,,,,,
,,,,,,,,,,,,,,,
,,,,,,,,,,,,,,,
,,,,,,,,,,,,,,,
,,,,,,,,,,,,,,,
,,,,,,,,,,,,,,,
,,,,,,,,,,,,,,,
,,,,,,,,,,,,,,,
,,,,,,,,,,,,,,,
,,,,,,,,,,,,,,,
,,,,,,,,,,,,,,,
,,,,,,,,,,,,,,,
,,,,,,,,,,,,,,,
,,,,,,,,,,,,,,,
,,,,,,,,,,,,,,,
,,,,,,,,,,,,,,,
,,,,,,,,,,,,,,,
,,,,,,,,,,,,,,,
Y,179,179,179,179,179,179,199,179,189,179,179,179,199,179,179
Y,479,479,479,479,479,479,499,479,,479,479,479,499,479,479
,,,,,,,,,,,,,,,
,,,,,,,,,,,,,,,
Y,639,639,639,599,639,,639,599,,,639,,639,639,639
Y,639,639,639,599,639,,639,599,,,639,,639,639,639
Y,639,639,639,599,639,,639,599,,,639,,639,639,639
Y,559,559,559,529,559,549,549,529,559,419,559,559,549,559,559
Y,559,559,559,529,559,549,549,529,,,559,,549,559,559
Y,559,559,559,529,559,549,549,529,559,419,559,559,549,559,559
,,,,,,,,,,,,,,,
,,,,,,,,,,,,,,,
,,,,,,,,,,,,,,,
,,,,,,,,,,,,,,,
,,,,,,,,,,,,,,,
,,,,,,,,,,,,,,,
,,,,,,,,,,,,,,,
,,,,,,,,,,,,,,,
,,,,,,,,,,,,,,,
Y,519,519,519,499,519,,519,499,,,539,,519,519,519
Y,519,519,519,499,519,,519,499,,,539,,519,519,519
Y,519,519,519,499,519,,519,499,,,539,,519,519,519
Y,479,479,479,449,479,439,449,449,459,349,479,479,449,479,479
Y,479,479,479,449,479,439,449,449,,,479,,449,479,479
Y,479,479,479,449,479,439,449,449,459,349,479,479,449,479,479
,,,,,,,,,,,,,,,
,,,,,,,,,,,,,,,
,,,,,,,,,,,,,,,
,,,,,,,,,,,,,,,
,,,,,,,,,,,,,,,
,,,,,,,,,,,,,,,
,,,,,,,,,,,,,,,
Y,0,0,0,0,0,0,0,0,0,0,0,0,0,0,0
,,,,,,,,,,,,,,,
,,,,,,,,,,,,,,,
Y,219,219,219,219,219,219,219,219,219,219,219,219,219,219,219
,,,,,,,,,,,,,,,
,,,,,,,,,,,,,,,
,,,,,,,,,,,,,,,
,,,,,,,,,,,,,,,
,,,,,,,,,,,,,,,
,,,,,,,,,,,,,,,
,,,,,,,,,,,,,,,
,,,,,,,,,,,,,,,
,,,,,,,,,,,,,,,
,,,,,,,,,,,,,,,
Y,389,389,389,389,389,379,399,389,389,259,389,389,399,389,389
,,,,,,,,,,,,,,,
Y,389,389,389,389,389,379,399,389,389,259,389,389,399,389,389
,,,,,,,,,,,,,,,
,,,,,,,,,,,,,,,
,,,,,,,,,,,,,,,
,,,,,,,,,,,,,,,
,,,,,,,,,,,,,,,
,,,,,,,,,,,,,,,
,,,,,,,,,,,,,,,
,,,,,,,,,,,,,,,
,,,,,,,,,,,,,,,
,,,,,,,,,,,,,,,
,,,,,,,,,,,,,,,
Y,479,479,479,479,479,479,539,479,489,419,479,479,539,479,479
Y,479,479,479,479,479,479,539,479,489,,479,,539,479,479
Y,559,559,559,559,559,559,639,559,569,439,559,559,639,559,559
Y,559,559,559,559,559,559,639,559,569,439,559,559,639,559,559
,,,,,,,,,,,,,,,
,,,,,,,,,,,,,,,
,,,,,,,,,,,,,,,
,,,,,,,,,,,,,,,
,,,,,,,,,,,,,,,
,,,,,,,,,,,,,,,
,,,,,,,,,,,,,,,
,,,,,,,,,,,,,,,
,,,,,,,,,,,,,,,
,,,,,,,,,,,,,,,
,,,,,,,,,,,,,,,
,,,,,,,,,,,,,,,
,,,,,,,,,,,,,,,
,,,,,,,,,,,,,,,
,,,,,,,,,,,,,,,
,,,,,,,,,,,,,,,
,,,,,,,,,,,,,,,
,,,,,,,,,,,,,,,
,,,,,,,,,,,,,,,
,,,,,,,,,,,,,,,
,,,,,,,,,,,,,,,
,,,,,,,,,,,,,,,
,,,,,,,,,,,,,,,
,,,,,,,,,,,,,,,
,,,,,,,,,,,,,,,
,,,,,,,,,,,,,,,
,,,,,,,,,,,,,,,
,,,,,,,,,,,,,,,
,,,,,,,,,,,,,,,
,,,,,,,,,,,,,,,
,,,,,,,,,,,,,,,
,,,,,,,,,,,,,,,
,,,,,,,,,,,,,,,
,,,,,,,,,,,,,,,
,,,,,,,,,,,,,,,
,,,,,,,,,,,,,,,
,,,,,,,,,,,,,,,
,,,,,,,,,,,,,,,
,,,,,,,,,,,,,,,
,,,,,,,,,,,,,,,
,,,,,,,,,,,,,,,
,,,,,,,,,,,,,,,
,,,,,,,,,,,,,,,
,,,,,,,,,,,,,,,
,,,,,,,,,,,,,,,
,,,,,,,,,,,,,,,
,,,,,,,,,,,,,,,
,,,,,,,,,,,,,,,
Y,999,999,999,969,999,969,1119,969,979,769,999,999,1119,999,999
,,,,,,,,,,,,,,,
Y,249,249,249,219,249,239,,219,,,249,,319,249,249
Y,,,,889,,,919,889,,,,,919,,
Y,939,939,939,939,939,919,1019,939,,849,939,,1019,939,939
,,,,,,,,,,,,,,,
,,,,,,,,,,,,,,,
Y,359,359,359,369,359,339,349,369,349,329,359,359,349,359,359
Y,459,459,459,459,459,459,419,459,469,439,459,459,419,459,459
,,,,,,,,,,,,,,,
,,,,,,,,,,,,,,,
,,,,,,,,,,,,,,,
,,,,,,,,,,,,,,,
,,,,,,,,,,,,,,,
Y,1039,1039,1039,1019,1039,999,1179,1019,1019,889,1039,1039,1179,1039,1039
Y,1119,1119,1119,1119,1119,1109,1259,1119,1119,889,1119,1119,1259,1119,1119
,,,,,,,,,,,,,,,
,,,,,,,,,,,,,,,
Y,939,939,939,919,939,929,1119,919,939,779,939,939,1119,939,939
,,,,,,,,,,,,,,,
,,,,,,,,,,,,,,,
,,,,,,,,,,,,,,,
,,,,,,,,,,,,,,,
,,,,,,,,,,,,,,,
,,,,,,,,,,,,,,,
,,,,,,,,,,,,,,,
,,,,,,,,,,,,,,,
,,,,,,,,,,,,,,,
,,,,,,,,,,,,,,,
,,,,,,,,,,,,,,,
,,,,,,,,,,,,,,,
,,,,,,,,,,,,,,,
Y,299,299,299,299,299,299,299,299,299,299,299,299,299,299,299
Y,,,,,,,,,,299,,,,,
,,,,,,,,,,,,,,,
,,,,,,,,,,,,,,,
,,,,,,,,,,,,,,,
,,,,,,,,,,,,,,,
,,,,,,,,,,,,,,,
,,,,,,,,,,,,,,,
,,,,,,,,,,,,,,,
,,,,,,,,,,,,,,,
,,,,,,,,,,,,,,,
,,,,,,,,,,,,,,,
,,,,,,,,,,,,,,,
,,,,,,,,,,,,,,,
,,,,,,,,,,,,,,,
,,,,,,,,,,,,,,,
,,,,,,,,,,,,,,,
,,,,,,,,,,,,,,,
,,,,,,,,,,,,,,,
,,,,,,,,,,,,,,,
,,,,,,,,,,,,,,,
,,,,,,,,,,,,,,,
,,,,,,,,,,,,,,,
,,,,,,,,,,,,,,,
,,,,,,,,,,,,,,,
,,,,,,,,,,,,,,,
,,,,,,,,,,,,,,,
,,,,,,,,,,,,,,,
,,,,,,,,,,,,,,,
,,,,,,,,,,,,,,,
,,,,,,,,,,,,,,,
Y,189,189,189,185,189,169,169,185,179,139,189,189,169,189,189
Y,189,189,189,185,189,169,169,185,179,139,189,189,169,189,189
,,,,,,,,,,,,,,,
Y,189,189,189,185,189,169,169,185,179,139,189,189,169,189,189
Y,189,189,189,185,189,169,169,185,179,139,189,189,169,189,189
Y,189,189,189,185,189,169,169,185,,139,189,,169,189,189
Y,189,189,189,185,189,169,169,185,179,139,189,189,169,189,189
Y,189,189,189,185,189,169,169,185,179,139,189,189,169,189,189
Y,189,189,189,185,189,169,169,185,179,139,189,189,169,189,189
,,,,,,,,,,,,,,,
,,,,,,,,,,,,,,,
,,,,,,,,,,,,,,,
,,,,,,,,,,,,,,,
Y,199,199,199,179,199,179,,179,,,199,,259,199,199
Y,199,199,199,219,199,199,,219,,,199,,339,199,199
,,,,,,,,,,,,,,,
,,,,,,,,,,,,,,,
,,,,,,,,,,,,,,,
Y,50,50,50,50,50,30,50,50,30,50,50,50,50,50,50
,,,,,,,,,,,,,,,
,,,,,,,,,,,,,,,
,,,,,,,,,,,,,,,
,,,,,,,,,,,,,,,
Y,,,,3339,,,,3339,,2019,,,,,
,,,,,,,,,,,,,,,
Y,,,,3299,,,,3299,,2599,,,,,
,,,,,,,,,,,,,,,
Y,,,,4399,,,,4399,,3429,,,,,
,,,,,,,,,,,,,,,
Y,,,,3339,,,,3339,,2719,,,,,
,,,,,,,,,,,,,,,
Y,,,,,,,,4999,,,,,,,
,,,,,,,,,,,,,,,
Y,749,749,749,699,749,699,719,699,,619,749,,719,749,749
,,,,,,,,,,,,,,,
,,,,,,,,,,,,,,,
,,,,,,,,,,,,,,,
,,,,,,,,,,,,,,,
,,,,,,,,,,,,,,,
,,,,,,,,,,,,,,,
,,,,,,,,,,,,,,,
,,,,,,,,,,,,,,,
,,,,,,,,,,,,,,,
,,,,,,,,,,,,,,,
,,,,,,,,,,,,,,,
,,,,,,,,,,,,,,,
,,,,,,,,,,,,,,,
,,,,,,,,,,,,,,,
,,,,,,,,,,,,,,,
,,,,,,,,,,,,,,,
,,,,,,,,,,,,,,,
Y,559,559,559,519,559,519,529,519,529,489,559,559,529,559,559
,,,,,,,,,,,,,,,
Y,479,479,479,479,479,479,479,479,479,449,479,479,479,479,479
Y,289,289,289,289,289,289,289,289,289,289,289,289,289,289,289
,,,,,,,,,,,,,,,
,,,,,,,,,,,,,,,
,,,,,,,,,,,,,,,
,,,,,,,,,,,,,,,
,,,,,,,,,,,,,,,
Y,80,80,80,80,,80,129,80,,,80,,129,,
,,,,,,,,,,,,,,,
,,,,,,,,,,,,,,,
,,,,,,,,,,,,,,,
,,,,,,,,,,,,,,,
,,,,,,,,,,,,,,,
,,,,,,,,,,,,,,,
,,,,,,,,,,,,,,,
,,,,,,,,,,,,,,,
,,,,,,,,,,,,,,,
,,,,,,,,,,,,,,,
,,,,,,,,,,,,,,,
,,,,,,,,,,,,,,,
,,,,,,,,,,,,,,,
,,,,,,,,,,,,,,,
,,,,,,,,,,,,,,,
,,,,,,,,,,,,,,,
,,,,,,,,,,,,,,,
Y,619,619,619,569,619,599,,569,,,619,,619,619,619
,,,,,,,,,,,,,,,
,,,,,,,,,,,,,,,
,,,,,,,,,,,,,,,
,,,,,,,,,,,,,,,
,,,,,,,,,,,,,,,
Y,619,619,619,569,619,599,,569,,,619,,619,619,619
,,,,,,,,,,,,,,,
,,,,,,,,,,,,,,,
,,,,,,,,,,,,,,,
,,,,,,,,,,,,,,,
,,,,,,,,,,,,,,,
,,,,,,,,,,,,,,,
,,,,,,,,,,,,,,,
,,,,,,,,,,,,,,,
,,,,,,,,,,,,,,,
,,,,,,,,,,,,,,,
,,,,,,,,,,,,,,,
,,,,,,,,,,,,,,,
,,,,,,,,,,,,,,,
,,,,,,,,,,,,,,,
,,,,,,,,,,,,,,,
,,,,,,,,,,,,,,,
,,,,,,,,,,,,,,,
,,,,,,,,,,,,,,,
,,,,,,,,,,,,,,,
,,,,,,,,,,,,,,,
,,,,,,,,,,,,,,,
,,,,,,,,,,,,,,,
,,,,,,,,,,,,,,,
,,,,,,,,,,,,,,,
,,,,,,,,,,,,,,,
,,,,,,,,,,,,,,,
,,,,,,,,,,,,,,,
,,,,,,,,,,,,,,,
,,,,,,,,,,,,,,,
,,,,,,,,,,,,,,,
,,,,,,,,,,,,,,,
,,,,,,,,,,,,,,,
,,,,,,,,,,,,,,,
,,,,,,,,,,,,,,,
,,,,,,,,,,,,,,,
,,,,,,,,,,,,,,,
,,,,,,,,,,,,,,,
,,,,,,,,,,,,,,,
,,,,,,,,,,,,,,,
,,,,,,,,,,,,,,,
,,,,,,,,,,,,,,,
,,,,,,,,,,,,,,,
,,,,,,,,,,,,,,,
,,,,,,,,,,,,,,,
,,,,,,,,,,,,,,,
,,,,,,,,,,,,,,,
,,,,,,,,,,,,,,,
,,,,,,,,,,,,,,,
,,,,,,,,,,,,,,,
,,,,,,,,,,,,,,,
,,,,,,,,,,,,,,,
Y,0,0,0,0,0,0,0,0,0,0,0,0,0,0,0
Y,0,,0,0,0,0,0,0,0,,0,0,0,0,0
,,,,,,,,,,,,,,,
,,,,,,,,,,,,,,,
,,,,,,,,,,,,,,,
,,,,,,,,,,,,,,,
,,,,,,,,,,,,,,,
Y,319,319,319,319,319,319,,319,,,319,,419,319,319
Y,539,539,539,519,539,519,499,519,,399,539,,499,539,539
Y,399,399,399,389,399,399,359,389,399,299,399,399,359,399,399
Y,449,449,449,429,449,449,399,429,449,329,449,449,399,449,449
Y,449,449,449,429,449,449,399,429,449,329,449,,399,449,449
Y,399,399,399,389,399,399,359,389,399,269,399,399,,399,399
Y,449,449,449,429,449,449,399,429,449,329,449,,399,449,449
,,,,,,,,,,,,,,,
Y,169,169,169,169,169,169,169,169,169,169,169,169,169,169,169
Y,369,369,369,350,369,,,350,,,369,,,369,369
Y,419,419,419,400,419,,,400,,,419,,,419,419
Y,419,419,419,400,419,,,400,,,419,,,419,419
Y,419,419,419,400,419,,,400,,,419,,,419,419
Y,419,419,419,400,419,,,400,,,419,,,419,419
Y,419,419,419,400,419,,,400,,,419,,,419,419
,,,,,,,,,,,,,,,
Y,169,169,169,169,169,169,169,169,169,,169,,169,169,169
,,,,,,,,,,,,,,,
,,,,,,,,,,,,,,,
,,,,,,,,,,,,,,,
Y,419,419,419,419,419,419,,419,,,419,,499,419,419
,,,,,,,,,,,,,,,
,,,,,,,,,,,,,,,
Y,539,539,539,519,539,519,499,519,,,539,,499,539,539
Y,459,459,459,459,459,459,,459,,,459,,559,459,459
Y,389,389,389,359,389,339,339,359,349,289,389,389,339,389,389
Y,389,389,389,359,389,339,339,359,349,289,389,389,339,389,389
,,,,,,,,,,,,,,,
Y,389,389,389,359,389,339,339,359,349,289,389,389,339,389,389
,,,,,,,,,,,,,,,
Y,389,389,389,359,389,339,339,359,349,289,389,389,339,389,389
Y,389,389,389,359,389,339,339,359,,289,389,,339,389,389
,,,,,,,,,,,,,,,
Y,389,389,389,299,389,299,359,299,309,,389,,359,389,389
Y,389,389,389,299,389,299,359,299,309,,389,,359,389,389
Y,619,619,619,579,619,579,569,579,,439,619,,569,619,619
Y,619,619,619,579,619,579,569,579,,439,619,,569,619,619
Y,619,619,619,579,619,579,569,579,,439,619,,569,619,619
Y,419,419,419,419,419,419,,419,,,419,,499,419,419
,,,,,,,,,,,,,,,
,,,,,,,,,,,,,,,
Y,469,469,469,469,469,469,,469,,,469,,539,469,469
,,,,,,,,,,,,,,,
,,,,,,,,,,,,,,,
,,,,,,,,,,,,,,,
Y,469,469,469,469,469,469,,469,,,469,,539,469,469
,,,,,,,,,,,,,,,
Y,469,469,469,469,469,469,,469,,,469,,539,469,469
,,,,,,,,,,,,,,,
,,,,,,,,,,,,,,,
,,,,,,,,,,,,,,,
,,,,,,,,,,,,,,,
,,,,,,,,,,,,,,,
Y,239,239,239,239,239,239,229,239,239,169,239,239,229,239,239
Y,449,449,449,449,449,439,,449,,,449,,559,449,449
,,,,,,,,,,,,,,,
Y,389,389,389,359,389,339,339,359,349,289,389,389,339,389,389
Y,539,539,539,519,539,519,519,519,,419,539,,519,539,539
Y,539,539,539,519,539,519,519,519,,419,539,,519,539,539
Y,539,539,539,519,539,519,519,519,,419,539,,519,539,539
Y,319,319,319,319,319,,359,319,,,319,319,359,319,319
Y,369,369,369,319,369,,379,319,,,369,369,379,369,369
Y,389,389,389,359,389,339,339,359,349,289,389,389,339,389,389
Y,459,459,459,429,459,,419,429,,,459,,419,459,459
,,,,,,,,,,,,,,,
,,,,,,,,,,,,,,,
,,,,,,,,,,,,,,,
,,,,,,,,,,,,,,,
Y,239,239,239,239,239,239,229,239,239,169,239,239,229,239,239
Y,191,191,191,191,191,191,179,191,191,169,191,191,179,191,191
Y,389,389,389,359,389,339,339,359,349,289,389,389,339,389,389
Y,191,191,191,191,191,191,179,191,191,169,191,191,179,191,191
,,,,,,,,,,,,,,,
Y,239,239,239,239,239,239,229,239,239,169,239,239,229,239,239
Y,191,191,191,191,191,191,179,191,191,169,191,191,179,191,191
,,,,,,,,,,,,,,,
Y,239,239,239,239,239,239,229,239,239,169,239,239,229,239,239
,,,,,,,,,,,,,,,
Y,191,191,191,191,191,191,179,191,191,169,191,191,179,191,191
,,,,,,,,,,,,,,,
,,,,,,,,,,,,,,,
,,,,,,,,,,,,,,,
Y,299,299,299,299,299,299,299,299,299,299,299,299,299,299,299
Y,339,339,339,339,339,339,339,339,339,339,339,339,339,339,339
Y,389,389,389,389,389,389,389,389,389,359,389,389,389,389,389
,,,,,,,,,,,,,,,
,,,,,,,,,,,,,,,
,,,,,,,,,,,,,,,
,,,,,,,,,,,,,,,
,,,,,,,,,,,,,,,
,,,,,,,,,,,,,,,
Y,99,99,99,99,99,99,99,99,109,99,99,99,99,99,99
Y,,,,,,,,,,179,,189,,,
,,,,,,,,,,,,,,,
Y,,,,,,,,,,179,,189,,,
,,,,,,,,,,,,,,,
,,,,,,,,,,,,,,,
,,,,,,,,,,,,,,,
,,,,,,,,,,,,,,,
,,,,,,,,,,,,,,,
,,,,,,,,,,,,,,,
,,,,,,,,,,,,,,,
,,,,,,,,,,,,,,,
,,,,,,,,,,,,,,,
,,,,,,,,,,,,,,,
,,,,,,,,,,,,,,,
,,,,,,,,,,,,,,,
,,,,,,,,,,,,,,,
,,,,,,,,,,,,,,,
,,,,,,,,,,,,,,,
,,,,,,,,,,,,,,,
,,,,,,,,,,,,,,,
,,,,,,,,,,,,,,,
,,,,,,,,,,,,,,,
,,,,,,,,,,,,,,,
,,,,,,,,,,,,,,,
,,,,,,,,,,,,,,,
,,,,,,,,,,,,,,,
,,,,,,,,,,,,,,,
,,,,,,,,,,,,,,,
,,,,,,,,,,,,,,,
,,,,,,,,,,,,,,,
,,,,,,,,,,,,,,,
,,,,,,,,,,,,,,,
,,,,,,,,,,,,,,,
Y,569,569,569,569,569,,,569,,569,569,569,,569,569
Y,569,569,569,569,569,569,569,569,569,569,569,569,569,569,569
Y,569,569,569,569,569,569,569,569,569,569,569,569,569,569,569
,,,,,,,,,,,,,,,
,,,,,,,,,,,,,,,
,,,,,,,,,,,,,,,
,,,,,,,,,,,,,,,
,,,,,,,,,,,,,,,
,,,,,,,,,,,,,,,
,,,,,,,,,,,,,,,
,,,,,,,,,,,,,,,
Y,499,499,499,499,499,499,499,499,499,499,499,499,499,499,499
,,,,,,,,,,,,,,,
,,,,,,,,,,,,,,,
Y,499,499,499,499,499,499,499,499,499,499,499,499,499,499,499
,,,,,,,,,,,,,,,
Y,489,489,489,489,489,,,489,,489,489,489,,489,489
Y,489,489,489,489,489,489,489,489,489,489,489,489,489,489,489
Y,489,489,489,489,489,489,489,489,489,489,489,489,489,489,489
,,,,,,,,,,,,,,,
Y,529,529,529,529,529,,,529,,529,529,529,,529,529
Y,529,529,529,529,529,529,529,529,529,529,529,529,529,529,529
Y,529,529,529,529,529,529,529,529,529,529,529,529,529,529,529
,,,,,,,,,,,,,,,
,,,,,,,,,,,,,,,
,,,,,,,,,,,,,,,
,,,,,,,,,,,,,,,
,,,,,,,,,,,,,,,
,,,,,,,,,,,,,,,
,,,,,,,,,,,,,,,
,,,,,,,,,,,,,,,
,,,,,,,,,,,,,,,
,,,,,,,,,,,,,,,
,,,,,,,,,,,,,,,
Y,489,489,489,489,489,,,489,,,489,489,,489,489
Y,489,489,489,489,489,489,489,489,489,489,489,489,489,489,489
Y,489,489,489,489,489,489,489,489,489,489,489,489,489,489,489
,,,,,,,,,,,,,,,
Y,539,539,539,539,539,,,539,,539,539,539,,539,539
Y,539,539,539,539,539,539,539,539,539,539,539,539,539,539,539
Y,539,539,539,539,539,539,539,539,539,539,539,539,539,539,539
Y,539,539,539,539,539,,,539,,,539,,,539,539
Y,539,539,539,539,539,539,539,539,,539,539,,539,539,539
Y,539,539,539,539,539,539,539,539,,539,539,,539,539,539
Y,489,489,489,489,489,,,489,,,489,489,,489,489
Y,489,489,489,489,489,489,489,489,489,489,489,489,489,489,489
Y,489,489,489,489,489,489,489,489,489,489,489,489,489,489,489
,,,,,,,,,,,,,,,
,,,,,,,,,,,,,,,
Y,399,399,399,399,399,399,399,399,399,379,399,399,399,399,399
,,,,,,,,,,,,,,,
,,,,,,,,,,,,,,,
,,,,,,,,,,,,,,,
,,,,,,,,,,,,,,,
,,,,,,,,,,,,,,,
,,,,,,,,,,,,,,,
,,,,,,,,,,,,,,,
,,,,,,,,,,,,,,,
Y,0,0,0,0,0,0,0,0,0,0,0,0,0,0,0
,,,,,,,,,,,,,,,
,,,,,,,,,,,,,,,
,,,,,,,,,,,,,,,
,,,,,,,,,,,,,,,
,,,,,,,,,,,,,,,
,,,,,,,,,,,,,,,
,,,,,,,,,,,,,,,
,,,,,,,,,,,,,,,
,,,,,,,,,,,,,,,
,,,,,,,,,,,,,,,
,,,,,,,,,,,,,,,
Y,369,369,369,349,369,349,,349,,249,369,,,369,369
Y,519,519,519,519,519,519,519,519,,389,519,,519,519,519
Y,619,619,619,579,619,579,569,579,,439,619,,569,619,619
Y,489,489,489,489,489,469,459,489,,339,489,,459,489,489
,,,,,,,,,,,,,,,
,,,,,,,,,,,,,,,
,,,,,,,,,,,,,,,
,,,,,,,,,,,,,,,
,,,,,,,,,,,,,,,
,,,,,,,,,,,,,,,
,,,,,,,,,,,,,,,
,,,,,,,,,,,,,,,
,,,,,,,,,,,,,,,
,,,,,,,,,,,,,,,
,,,,,,,,,,,,,,,
,,,,,,,,,,,,,,,
,,,,,,,,,,,,,,,
,,,,,,,,,,,,,,,
,,,,,,,,,,,,,,,
,,,,,,,,,,,,,,,
,,,,,,,,,,,,,,,
,,,,,,,,,,,,,,,
,,,,,,,,,,,,,,,
,,,,,,,,,,,,,,,
,,,,,,,,,,,,,,,
,,,,,,,,,,,,,,,
,,,,,,,,,,,,,,,
,,,,,,,,,,,,,,,
,,,,,,,,,,,,,,,
,,,,,,,,,,,,,,,
,,,,,,,,,,,,,,,
,,,,,,,,,,,,,,,
,,,,,,,,,,,,,,,
,,,,,,,,,,,,,,,
,,,,,,,,,,,,,,,
,,,,,,,,,,,,,,,
,,,,,,,,,,,,,,,
,,,,,,,,,,,,,,,
,,,,,,,,,,,,,,,
,,,,,,,,,,,,,,,
,,,,,,,,,,,,,,,
,,,,,,,,,,,,,,,
,,,,,,,,,,,,,,,
,,,,,,,,,,,,,,,
,,,,,,,,,,,,,,,
,,,,,,,,,,,,,,,
,,,,,,,,,,,,,,,
,,,,,,,,,,,,,,,
,,,,,,,,,,,,,,,
,,,,,,,,,,,,,,,
,,,,,,,,,,,,,,,
,,,,,,,,,,,,,,,
,,,,,,,,,,,,,,,
,,,,,,,,,,,,,,,
,,,,,,,,,,,,,,,
,,,,,,,,,,,,,,,
,,,,,,,,,,,,,,,
,,,,,,,,,,,,,,,
,,,,,,,,,,,,,,,
,,,,,,,,,,,,,,,
,,,,,,,,,,,,,,,
,,,,,,,,,,,,,,,
,,,,,,,,,,,,,,,
,,,,,,,,,,,,,,,
,,,,,,,,,,,,,,,
,,,,,,,,,,,,,,,
,,,,,,,,,,,,,,,
,,,,,,,,,,,,,,,
,,,,,,,,,,,,,,,
,,,,,,,,,,,,,,,
,,,,,,,,,,,,,,,
,,,,,,,,,,,,,,,
,,,,,,,,,,,,,,,
,,,,,,,,,,,,,,,
,,,,,,,,,,,,,,,
,,,,,,,,,,,,,,,
,,,,,,,,,,,,,,,
,,,,,,,,,,,,,,,
,,,,,,,,,,,,,,,
,,,,,,,,,,,,,,,
,,,,,,,,,,,,,,,
Y,369,369,369,349,369,349,419,349,,249,369,,419,369,369
Y,369,369,369,349,369,349,419,349,,249,369,,419,369,369
Y,369,369,369,349,369,349,419,349,,249,369,,419,369,369
,,,,,,,,,,,,,,,
,,,,,,,,,,,,,,,
,,,,,,,,,,,,,,,
,,,,,,,,,,,,,,,
,,,,,,,,,,,,,,,
,,,,,,,,,,,,,,,
,,,,,,,,,,,,,,,
,,,,,,,,,,,,,,,
,,,,,,,,,,,,,,,
Y,579,579,579,549,579,569,,549,,,579,,549,579,579
,,,,,,,,,,,,,,,
,,,,,,,,,,,,,,,
,,,,,,,,,,,,,,,
,,,,,,,,,,,,,,,
,,,,,,,,,,,,,,,
Y,579,579,579,549,579,569,,549,,,579,,549,579,579
,,,,,,,,,,,,,,,
,,,,,,,,,,,,,,,
,,,,,,,,,,,,,,,
,,,,,,,,,,,,,,,
,,,,,,,,,,,,,,,
,,,,,,,,,,,,,,,
,,,,,,,,,,,,,,,
,,,,,,,,,,,,,,,
,,,,,,,,,,,,,,,
,,,,,,,,,,,,,,,
,,,,,,,,,,,,,,,
,,,,,,,,,,,,,,,
,,,,,,,,,,,,,,,
,,,,,,,,,,,,,,,
,,,,,,,,,,,,,,,
,,,,,,,,,,,,,,,
,,,,,,,,,,,,,,,
,,,,,,,,,,,,,,,
,,,,,,,,,,,,,,,
,,,,,,,,,,,,,,,
,,,,,,,,,,,,,,,
,,,,,,,,,,,,,,,
,,,,,,,,,,,,,,,
,,,,,,,,,,,,,,,
,,,,,,,,,,,,,,,
,,,,,,,,,,,,,,,
,,,,,,,,,,,,,,,
,,,,,,,,,,,,,,,
,,,,,,,,,,,,,,,
,,,,,,,,,,,,,,,
,,,,,,,,,,,,,,,
,,,,,,,,,,,,,,,
,,,,,,,,,,,,,,,
,,,,,,,,,,,,,,,
,,,,,,,,,,,,,,,
,,,,,,,,,,,,,,,
,,,,,,,,,,,,,,,
,,,,,,,,,,,,,,,
,,,,,,,,,,,,,,,
,,,,,,,,,,,,,,,
,,,,,,,,,,,,,,,
Y,699,699,699,699,699,689,719,699,699,599,699,699,719,699,699
Y,749,749,749,739,749,739,799,739,749,649,749,749,799,749,749
,,,,,,,,,,,,,,,
,,,,,,,,,,,,,,,
,,,,,,,,,,,,,,,
,,,,,,,,,,,,,,,
,,,,,,,,,,,,,,,
,,,,,,,,,,,,,,,
,,,,,,,,,,,,,,,
,,,,,,,,,,,,,,,
,,,,,,,,,,,,,,,
,,,,,,,,,,,,,,,
Y,449,449,449,439,449,449,559,439,,,449,,559,449,449
,,,,,,,,,,,,,,,
Y,719,719,719,719,719,719,699,719,,,719,,699,719,719
,,,,,,,,,,,,,,,
Y,789,789,789,799,789,789,839,799,799,739,789,789,839,789,789
,,,,,,,,,,,,,,,
Y,839,839,839,849,839,829,889,849,839,789,839,839,889,839,839
,,,,,,,,,,,,,,,
Y,919,919,919,919,919,919,979,919,929,859,919,919,979,919,919
,,,,,,,,,,,,,,,
,,,,,,,,,,,,,,,
Y,969,969,969,969,969,969,1029,969,979,909,969,969,1029,969,969
Y,819,819,819,829,819,819,859,829,829,769,819,819,859,819,819
,,,,,,,,,,,,,,,
Y,949,949,949,939,949,939,999,939,949,879,949,949,999,949,949
,,,,,,,,,,,,,,,
,,,,,,,,,,,,,,,
Y,379,379,379,379,379,379,379,379,379,379,379,379,379,379,379
,,,,,,,,,,,,,,,
,,,,,,,,,,,,,,,
,,,,,,,,,,,,,,,
Y,639,639,639,619,639,599,,619,,,639,639,,639,639
Y,519,519,519,489,519,479,,489,,,519,519,,519,519
,,,,,,,,,,,,,,,
,,,,,,,,,,,,,,,
,,,,,,,,,,,,,,,
,,,,,,,,,,,,,,,
,,,,,,,,,,,,,,,
,,,,,,,,,,,,,,,
Y,439,439,439,449,439,439,469,449,449,379,439,439,469,439,439
Y,629,629,629,599,629,579,619,599,589,449,629,629,619,629,629
,,,,,,,,,,,,,,,
,,,,,,,,,,,,,,,
Y,689,689,689,689,689,689,669,689,699,549,689,689,669,689,689
,,,,,,,,,,,,,,,
Y,99,99,99,99,99,99,99,99,109,99,99,99,99,99,99
Y,99,99,99,99,99,99,99,99,109,99,99,99,99,99,99
Y,619,619,619,619,619,619,629,619,,599,619,619,629,619,619
,,,,,,,,,,,,,,,
Y,669,669,669,669,669,669,679,669,,649,669,,679,669,669
,,,,,,,,,,,,,,,
Y,649,649,649,649,649,649,659,649,,629,649,649,659,649,649
,,,,,,,,,,,,,,,
,,,,,,,,,,,,,,,
,,,,,,,,,,,,,,,
,,,,,,,,,,,,,,,
,,,,,,,,,,,,,,,
,,,,,,,,,,,,,,,
,,,,,,,,,,,,,,,
,,,,,,,,,,,,,,,
,,,,,,,,,,,,,,,
,,,,,,,,,,,,,,,
,,,,,,,,,,,,,,,
Y,939,939,939,939,939,939,1019,939,,,939,,1019,939,939
Y,939,939,939,939,939,939,1019,939,,,939,,1019,939,939
,,,,,,,,,,,,,,,
,,,,,,,,,,,,,,,
Y,939,939,939,939,939,939,1019,939,,,939,,1019,939,939
,,,,,,,,,,,,,,,
Y,939,939,939,939,939,939,1019,939,,,939,,1019,939,939
Y,939,939,939,939,939,939,1019,939,,,939,,1019,939,939
Y,939,939,939,939,939,939,1019,939,,,939,,1019,939,939
,,,,,,,,,,,,,,,
,,,,,,,,,,,,,,,
,,,,,,,,,,,,,,,
,,,,,,,,,,,,,,,
,,,,,,,,,,,,,,,
,,,,,,,,,,,,,,,
,,,,,,,,,,,,,,,
,,,,,,,,,,,,,,,
,,,,,,,,,,,,,,,
,,,,,,,,,,,,,,,
,,,,,,,,,,,,,,,
,,,,,,,,,,,,,,,
,,,,,,,,,,,,,,,
,,,,,,,,,,,,,,,
,,,,,,,,,,,,,,,
,,,,,,,,,,,,,,,
,,,,,,,,,,,,,,,
,,,,,,,,,,,,,,,
,,,,,,,,,,,,,,,
,,,,,,,,,,,,,,,
,,,,,,,,,,,,,,,
,,,,,,,,,,,,,,,
,,,,,,,,,,,,,,,
,,,,,,,,,,,,,,,
,,,,,,,,,,,,,,,
,,,,,,,,,,,,,,,
,,,,,,,,,,,,,,,
,,,,,,,,,,,,,,,
,,,,,,,,,,,,,,,
,,,,,,,,,,,,,,,
,,,,,,,,,,,,,,,
,,,,,,,,,,,,,,,
,,,,,,,,,,,,,,,
,,,,,,,,,,,,,,,
,,,,,,,,,,,,,,,
,,,,,,,,,,,,,,,
,,,,,,,,,,,,,,,
,,,,,,,,,,,,,,,
,,,,,,,,,,,,,,,
,,,,,,,,,,,,,,,
,,,,,,,,,,,,,,,
,,,,,,,,,,,,,,,
,,,,,,,,,,,,,,,
,,,,,,,,,,,,,,,
,,,,,,,,,,,,,,,
,,,,,,,,,,,,,,,
Y,279,279,279,279,279,279,,279,,,279,,359,279,279
,,,,,,,,,,,,,,,
Y,499,499,499,489,499,489,439,489,,379,499,,439,499,499
Y,359,359,359,359,359,349,319,359,359,289,359,359,319,359,359
Y,399,399,399,399,399,399,359,399,409,299,399,399,359,399,399
Y,399,399,399,399,399,399,359,399,409,299,399,,359,399,399
Y,359,359,359,359,359,339,319,359,359,269,359,359,319,359,359
Y,399,399,399,399,399,399,359,399,409,299,399,,359,399,399
,,,,,,,,,,,,,,,
Y,139,139,139,139,139,139,139,139,139,139,139,139,139,139,139
Y,319,319,319,300,319,,,300,,,319,,,319,319
Y,369,369,369,350,369,,,350,,,369,,,369,369
Y,369,369,369,350,369,,,350,,,369,,,369,369
Y,369,369,369,350,369,,,350,,,369,,,369,369
Y,369,369,369,350,369,,,350,,,369,,,369,369
Y,369,369,369,350,369,,,350,,,369,,,369,369
,,,,,,,,,,,,,,,
Y,139,139,139,139,139,139,139,139,139,,139,,139,139,139
,,,,,,,,,,,,,,,
,,,,,,,,,,,,,,,
,,,,,,,,,,,,,,,
Y,369,369,369,369,369,369,,369,,,369,,439,369,369
,,,,,,,,,,,,,,,
Y,499,499,499,489,499,489,439,489,,,499,,439,499,499
Y,419,419,419,419,419,419,,419,,,419,,499,419,419
Y,319,319,319,269,319,279,289,269,289,229,319,319,289,319,319
Y,319,319,319,269,319,279,289,269,289,229,319,319,289,319,319
,,,,,,,,,,,,,,,
Y,319,319,319,269,319,279,289,269,289,229,319,319,289,319,319
,,,,,,,,,,,,,,,
,,,,,,,,,,,,,,,
Y,319,319,319,269,319,269,289,269,289,229,319,319,289,319,319
Y,319,319,319,269,319,279,289,269,,229,319,,289,319,319
Y,369,369,369,279,369,279,299,279,289,,369,,299,369,369
Y,369,369,369,279,369,279,299,279,289,,369,,299,369,369
Y,519,519,519,519,519,519,519,519,,389,519,,519,519,519
Y,519,519,519,519,519,519,519,519,,389,519,,519,519,519
Y,519,519,519,519,519,519,519,519,,389,519,,519,519,519
Y,369,369,369,369,369,369,,369,,,369,,439,369,369
,,,,,,,,,,,,,,,
Y,419,419,419,419,419,419,,419,,,419,,479,419,419
,,,,,,,,,,,,,,,
,,,,,,,,,,,,,,,
,,,,,,,,,,,,,,,
,,,,,,,,,,,,,,,
Y,419,419,419,419,419,419,,419,,,419,,479,419,419
,,,,,,,,,,,,,,,
,,,,,,,,,,,,,,,
Y,419,419,419,419,419,419,,419,,,419,,479,419,419
,,,,,,,,,,,,,,,
,,,,,,,,,,,,,,,
,,,,,,,,,,,,,,,
,,,,,,,,,,,,,,,
,,,,,,,,,,,,,,,
Y,219,219,219,219,219,219,189,219,219,139,219,219,189,219,219
Y,399,399,399,399,399,399,,399,,,399,,499,399,399
,,,,,,,,,,,,,,,
Y,319,319,319,269,319,269,289,269,289,229,319,319,289,319,319
Y,499,499,499,489,499,489,459,489,,359,499,,459,499,499
Y,499,499,499,489,499,489,459,489,,359,499,,459,499,499
Y,499,499,499,489,499,489,459,489,,359,499,,459,499,499
Y,269,269,269,269,269,,299,269,,,269,269,299,269,269
Y,319,319,319,269,319,,329,269,,,319,319,329,319,319
Y,319,319,319,269,319,279,289,269,289,229,319,319,289,319,319
Y,379,379,379,329,379,,349,329,,,379,,349,379,379
,,,,,,,,,,,,,,,
,,,,,,,,,,,,,,,
,,,,,,,,,,,,,,,
,,,,,,,,,,,,,,,
Y,219,219,219,219,219,219,189,219,219,139,219,219,189,219,219
Y,175,175,175,175,175,175,159,175,175,139,175,175,159,175,175
Y,319,319,319,269,319,279,289,269,289,229,319,319,289,319,319
Y,175,175,175,175,175,175,159,175,175,139,175,175,159,175,175
,,,,,,,,,,,,,,,
Y,219,219,219,219,219,219,189,219,219,139,219,219,189,219,219
Y,175,175,175,175,175,175,159,175,175,139,175,175,159,175,175
,,,,,,,,,,,,,,,
Y,219,219,219,219,219,219,189,219,219,139,219,219,189,219,219
,,,,,,,,,,,,,,,
Y,175,175,175,175,175,175,159,175,175,139,175,175,159,175,175
,,,,,,,,,,,,,,,
,,,,,,,,,,,,,,,
,,,,,,,,,,,,,,,
Y,179,179,179,169,179,169,199,169,179,,179,179,199,179,179
Y,,,,239,,,,239,,,,,,,
,,,,,,,,,,,,,,,
Y,239,239,239,239,239,239,239,239,239,239,239,239,239,239,239
,,,,,,,,,,,,,,,
Y,239,239,239,239,239,239,239,239,239,239,239,239,239,239,239
Y,239,239,239,239,239,239,239,239,,,239,239,239,239,239
,,,,,,,,,,,,,,,
Y,239,239,239,239,239,239,239,239,,,239,,239,239,239
Y,239,239,239,239,239,239,239,239,239,239,239,239,239,239,239
,,,,,,,,,,,,,,,
,,,,,,,,,,,,,,,
,,,,,,,,,,,,,,,
,,,,,,,,,,,,,,,
,,,,,,,,,,,,,,,
,,,,,,,,,,,,,,,
,,,,,,,,,,,,,,,
,,,,,,,,,,,,,,,
,,,,,,,,,,,,,,,
,,,,,,,,,,,,,,,
,,,,,,,,,,,,,,,
Y,519,519,519,519,519,519,569,519,529,439,519,519,569,519,519
,,,,,,,,,,,,,,,
,,,,,,,,,,,,,,,
,,,,,,,,,,,,,,,
,,,,,,,,,,,,,,,
,,,,,,,,,,,,,,,
,,,,,,,,,,,,,,,
,,,,,,,,,,,,,,,
,,,,,,,,,,,,,,,
Y,569,569,569,569,569,569,619,569,,,569,,619,569,569
,,,,,,,,,,,,,,,
,,,,,,,,,,,,,,,
,,,,,,,,,,,,,,,
,,,,,,,,,,,,,,,
,,,,,,,,,,,,,,,
,,,,,,,,,,,,,,,
,,,,,,,,,,,,,,,
,,,,,,,,,,,,,,,
,,,,,,,,,,,,,,,
,,,,,,,,,,,,,,,
,,,,,,,,,,,,,,,
,,,,,,,,,,,,,,,
,,,,,,,,,,,,,,,
,,,,,,,,,,,,,,,
,,,,,,,,,,,,,,,
,,,,,,,,,,,,,,,
,,,,,,,,,,,,,,,
,,,,,,,,,,,,,,,
,,,,,,,,,,,,,,,
Y,499,499,499,469,499,489,,469,,,499,,489,499,499
,,,,,,,,,,,,,,,
,,,,,,,,,,,,,,,
,,,,,,,,,,,,,,,
,,,,,,,,,,,,,,,
Y,499,499,499,469,499,489,,469,,,499,,489,499,499
,,,,,,,,,,,,,,,
,,,,,,,,,,,,,,,
,,,,,,,,,,,,,,,
,,,,,,,,,,,,,,,
,,,,,,,,,,,,,,,
,,,,,,,,,,,,,,,
,,,,,,,,,,,,,,,
,,,,,,,,,,,,,,,
,,,,,,,,,,,,,,,
,,,,,,,,,,,,,,,
,,,,,,,,,,,,,,,
,,,,,,,,,,,,,,,
,,,,,,,,,,,,,,,
,,,,,,,,,,,,,,,
,,,,,,,,,,,,,,,
,,,,,,,,,,,,,,,
,,,,,,,,,,,,,,,
,,,,,,,,,,,,,,,
,,,,,,,,,,,,,,,
,,,,,,,,,,,,,,,
,,,,,,,,,,,,,,,
,,,,,,,,,,,,,,,
,,,,,,,,,,,,,,,
,,,,,,,,,,,,,,,
,,,,,,,,,,,,,,,
,,,,,,,,,,,,,,,
,,,,,,,,,,,,,,,
,,,,,,,,,,,,,,,
,,,,,,,,,,,,,,,
,,,,,,,,,,,,,,,
,,,,,,,,,,,,,,,
,,,,,,,,,,,,,,,
,,,,,,,,,,,,,,,
,,,,,,,,,,,,,,,
,,,,,,,,,,,,,,,
,,,,,,,,,,,,,,,
,,,,,,,,,,,,,,,
,,,,,,,,,,,,,,,
,,,,,,,,,,,,,,,
,,,,,,,,,,,,,,,
,,,,,,,,,,,,,,,
,,,,,,,,,,,,,,,
Y,259,259,259,259,259,239,339,259,,,259,,339,259,259
,,,,,,,,,,,,,,,
,,,,,,,,,,,,,,,
,,,,,,,,,,,,,,,
,,,,,,,,,,,,,,,
,,,,,,,,,,,,,,,
,,,,,,,,,,,,,,,
Y,279,279,279,279,279,279,259,279,279,289,279,279,259,279,279
,,,,,,,,,,,,,,,
,,,,,,,,,,,,,,,
,,,,,,,,,,,,,,,
,,,,,,,,,,,,,,,
,,,,,,,,,,,,,,,
,,,,,,,,,,,,,,,
,,,,,,,,,,,,,,,
,,,,,,,,,,,,,,,
,,,,,,,,,,,,,,,
Y,239,239,239,249,239,249,,249,,,239,,319,239,239
,,,,,,,,,,,,,,,
Y,419,419,419,399,419,399,379,399,,319,419,,379,419,419
Y,319,319,319,319,319,299,279,319,319,159,319,319,279,319,319
Y,359,359,359,359,359,349,319,359,369,269,359,359,319,359,359
Y,359,359,359,359,359,349,319,359,369,269,359,,319,359,359
Y,319,319,319,319,319,299,279,319,319,159,319,319,279,319,319
Y,359,359,359,359,359,349,319,359,369,269,359,,319,359,359
,,,,,,,,,,,,,,,
Y,100,100,100,100,100,100,100,100,100,100,100,100,100,100,100
,,,,,,,,,,,,,,,
Y,279,279,279,250,279,,,250,,,279,,,279,279
Y,329,329,329,300,329,,,300,,,329,,,329,329
Y,329,329,329,300,329,,,300,,,329,,,329,329
Y,329,329,329,300,329,,,300,,,329,,,329,329
Y,329,329,329,300,329,,,300,,,329,,,329,329
Y,329,329,329,300,329,,,300,,,329,,,329,329
,,,,,,,,,,,,,,,
Y,100,100,100,100,100,100,100,100,100,,100,,100,100,100
,,,,,,,,,,,,,,,
,,,,,,,,,,,,,,,
,,,,,,,,,,,,,,,
Y,319,319,319,319,319,319,,319,,,319,,379,319,319
,,,,,,,,,,,,,,,
Y,419,419,419,399,419,399,379,399,,,419,,379,419,419
,,,,,,,,,,,,,,,
Y,369,369,369,379,369,379,,379,,,369,,449,369,369
Y,249,249,249,219,249,209,229,219,219,179,249,249,229,249,249
Y,249,249,249,219,249,209,229,219,219,179,249,249,229,249,249
,,,,,,,,,,,,,,,
Y,249,249,249,219,249,209,229,219,219,179,249,249,229,249,249
,,,,,,,,,,,,,,,
,,,,,,,,,,,,,,,
Y,249,249,249,219,249,209,229,219,219,179,249,249,229,249,249
Y,249,249,249,219,249,209,229,219,,179,249,,229,249,249
,,,,,,,,,,,,,,,
,,,,,,,,,,,,,,,
Y,349,349,349,239,349,239,269,239,249,,349,,269,349,349
Y,349,349,349,239,349,239,269,239,249,,349,,269,349,349
Y,489,489,489,489,489,469,459,489,,339,489,,459,489,489
Y,489,489,489,489,489,469,459,489,,339,489,,459,489,489
Y,489,489,489,489,489,469,459,489,,339,489,,459,489,489
Y,319,319,319,319,319,319,,319,,,319,,379,319,319
,,,,,,,,,,,,,,,
Y,369,369,369,369,369,369,,369,,,369,,429,369,369
,,,,,,,,,,,,,,,
Y,369,369,369,369,369,369,,369,,,369,,429,369,369
,,,,,,,,,,,,,,,
,,,,,,,,,,,,,,,
,,,,,,,,,,,,,,,
,,,,,,,,,,,,,,,
,,,,,,,,,,,,,,,
,,,,,,,,,,,,,,,
,,,,,,,,,,,,,,,
Y,369,369,369,369,369,369,,369,,,369,,429,369,369
,,,,,,,,,,,,,,,
,,,,,,,,,,,,,,,
,,,,,,,,,,,,,,,
,,,,,,,,,,,,,,,
,,,,,,,,,,,,,,,
,,,,,,,,,,,,,,,
,,,,,,,,,,,,,,,
,,,,,,,,,,,,,,,
Y,190,190,190,180,190,180,169,180,180,100,190,190,169,190,190
Y,349,349,349,349,349,359,,349,,,349,,449,349,349
,,,,,,,,,,,,,,,
,,,,,,,,,,,,,,,
,,,,,,,,,,,,,,,
,,,,,,,,,,,,,,,
,,,,,,,,,,,,,,,
,,,,,,,,,,,,,,,
,,,,,,,,,,,,,,,
,,,,,,,,,,,,,,,
,,,,,,,,,,,,,,,
Y,249,249,249,219,249,209,229,219,219,179,249,249,229,249,249
Y,419,419,419,399,419,399,379,399,,339,419,,379,419,419
Y,419,419,419,399,419,399,379,399,,339,419,,379,419,419
Y,419,419,419,399,419,399,379,399,,339,419,,379,419,419
Y,229,229,229,229,229,,259,229,,,229,229,259,229,229
Y,279,279,279,229,279,,279,229,,,279,279,279,279,279
Y,249,249,249,219,249,209,229,219,219,179,249,249,229,249,249
Y,289,289,289,259,289,,269,259,,,289,,269,289,289
,,,,,,,,,,,,,,,
,,,,,,,,,,,,,,,
,,,,,,,,,,,,,,,
,,,,,,,,,,,,,,,
Y,190,190,190,180,190,180,169,180,180,100,190,190,169,190,190
Y,152,152,152,144,152,144,159,144,144,100,152,152,159,152,152
Y,249,249,249,219,249,209,229,219,219,179,249,249,229,249,249
Y,152,152,152,144,152,144,159,144,144,100,152,152,159,152,152
,,,,,,,,,,,,,,,
Y,190,190,190,180,190,180,169,180,180,100,190,190,169,190,190
Y,152,152,152,144,152,144,159,144,144,100,152,152,159,152,152
,,,,,,,,,,,,,,,
Y,190,190,190,180,190,180,169,180,180,100,190,190,169,190,190
,,,,,,,,,,,,,,,
Y,152,152,152,144,152,144,159,144,144,100,152,152,159,152,152
,,,,,,,,,,,,,,,
,,,,,,,,,,,,,,,
,,,,,,,,,,,,,,,
,,,,,,,,,,,,,,,
,,,,,,,,,,,,,,,
,,,,,,,,,,,,,,,
,,,,,,,,,,,,,,,
,,,,,,,,,,,,,,,
,,,,,,,,,,,,,,,
,,,,,,,,,,,,,,,
,,,,,,,,,,,,,,,
,,,,,,,,,,,,,,,
,,,,,,,,,,,,,,,
,,,,,,,,,,,,,,,
,,,,,,,,,,,,,,,
,,,,,,,,,,,,,,,
,,,,,,,,,,,,,,,
,,,,,,,,,,,,,,,
,,,,,,,,,,,,,,,
,,,,,,,,,,,,,,,
,,,,,,,,,,,,,,,
,,,,,,,,,,,,,,,
,,,,,,,,,,,,,,,
,,,,,,,,,,,,,,,
,,,,,,,,,,,,,,,
,,,,,,,,,,,,,,,
,,,,,,,,,,,,,,,
Y,0,0,0,0,0,0,0,0,0,0,0,0,0,0,0
,,,,,,,,,,,,,,,
,,,,,,,,,,,,,,,
,,,,,,,,,,,,,,,
,,,,,,,,,,,,,,,
,,,,,,,,,,,,,,,
,,,,,,,,,,,,,,,
,,,,,,,,,,,,,,,
,,,,,,,,,,,,,,,
,,,,,,,,,,,,,,,
,,,,,,,,,,,,,,,
,,,,,,,,,,,,,,,
,,,,,,,,,,,,,,,
,,,,,,,,,,,,,,,
,,,,,,,,,,,,,,,
,,,,,,,,,,,,,,,
,,,,,,,,,,,,,,,
,,,,,,,,,,,,,,,
,,,,,,,,,,,,,,,
Y,459,459,459,439,459,439,529,439,,,459,,529,459,459
Y,459,459,459,459,459,449,479,459,459,339,459,459,479,459,459
,,,,,,,,,,,,,,,
Y,509,509,509,509,509,499,529,509,,,509,,529,509,509
,,,,,,,,,,,,,,,
,,,,,,,,,,,,,,,
Y,639,639,639,639,639,629,629,639,639,499,639,639,629,639,639
,,,,,,,,,,,,,,,
,,,,,,,,,,,,,,,
,,,,,,,,,,,,,,,
Y,,,,769,,,,769,,,,,,,
,,,,,,,,,,,,,,,
,,,,,,,,,,,,,,,
Y,729,729,729,769,729,,,769,,,729,,,729,729
,,,,,,,,,,,,,,,
,,,,,,,,,,,,,,,
,,,,,,,,,,,,,,,
,,,,,,,,,,,,,,,
,,,,,,,,,,,,,,,
,,,,,,,,,,,,,,,
,,,,,,,,,,,,,,,
,,,,,,,,,,,,,,,
Y,789,789,789,789,789,789,779,789,789,,789,789,779,789,789
,,,,,,,,,,,,,,,
Y,789,789,789,789,789,789,779,789,,,789,,779,789,789
,,,,,,,,,,,,,,,
,,,,,,,,,,,,,,,
,,,,,,,,,,,,,,,
Y,839,839,839,819,839,819,879,819,819,759,839,839,879,839,839
Y,929,929,929,919,929,909,969,919,919,819,929,929,969,929,929
Y,789,789,789,769,789,759,819,769,769,719,789,789,819,789,789
,,,,,,,,,,,,,,,
,,,,,,,,,,,,,,,
,,,,,,,,,,,,,,,
,,,,,,,,,,,,,,,
,,,,,,,,,,,,,,,
,,,,,,,,,,,,,,,
,,,,,,,,,,,,,,,
,,,,,,,,,,,,,,,
,,,,,,,,,,,,,,,
,,,,,,,,,,,,,,,
,,,,,,,,,,,,,,,
,,,,,,,,,,,,,,,
,,,,,,,,,,,,,,,
,,,,,,,,,,,,,,,
,,,,,,,,,,,,,,,
,,,,,,,,,,,,,,,
,,,,,,,,,,,,,,,
,,,,,,,,,,,,,,,
,,,,,,,,,,,,,,,
,,,,,,,,,,,,,,,
,,,,,,,,,,,,,,,
,,,,,,,,,,,,,,,
,,,,,,,,,,,,,,,
,,,,,,,,,,,,,,,
,,,,,,,,,,,,,,,
,,,,,,,,,,,,,,,
,,,,,,,,,,,,,,,
,,,,,,,,,,,,,,,
,,,,,,,,,,,,,,,
,,,,,,,,,,,,,,,
,,,,,,,,,,,,,,,
,,,,,,,,,,,,,,,
,,,,,,,,,,,,,,,
,,,,,,,,,,,,,,,
,,,,,,,,,,,,,,,
,,,,,,,,,,,,,,,
,,,,,,,,,,,,,,,
,,,,,,,,,,,,,,,
,,,,,,,,,,,,,,,
,,,,,,,,,,,,,,,
,,,,,,,,,,,,,,,
,,,,,,,,,,,,,,,
,,,,,,,,,,,,,,,
,,,,,,,,,,,,,,,
,,,,,,,,,,,,,,,
,,,,,,,,,,,,,,,
Y,50,50,50,50,50,30,50,50,30,40,50,50,50,50,50
Y,0,0,0,0,0,0,0,0,0,0,0,0,0,0,0
Y,0,0,0,0,0,0,0,0,0,0,0,0,0,0,0
,,,,,,,,,,,,,,,
Y,0,0,0,0,0,0,0,0,0,0,0,0,0,0,0
,,,,,,,,,,,,,,,
,,,,,,,,,,,,,,,
,,,,,,,,,,,,,,,
,,,,,,,,,,,,,,,
,,,,,,,,,,,,,,,
,,,,,,,,,,,,,,,
,,,,,,,,,,,,,,,
,,,,,,,,,,,,,,,
,,,,,,,,,,,,,,,
,,,,,,,,,,,,,,,
,,,,,,,,,,,,,,,
,,,,,,,,,,,,,,,
,,,,,,,,,,,,,,,
,,,,,,,,,,,,,,,
,,,,,,,,,,,,,,,
,,,,,,,,,,,,,,,
,,,,,,,,,,,,,,,
,,,,,,,,,,,,,,,
,,,,,,,,,,,,,,,
,,,,,,,,,,,,,,,
,,,,,,,,,,,,,,,
,,,,,,,,,,,,,,,
,,,,,,,,,,,,,,,
,,,,,,,,,,,,,,,
,,,,,,,,,,,,,,,
,,,,,,,,,,,,,,,
,,,,,,,,,,,,,,,
,,,,,,,,,,,,,,,
,,,,,,,,,,,,,,,
,,,,,,,,,,,,,,,
Y,0,0,0,0,0,0,0,0,,0,0,,0,0,0
,,,,,,,,,,,,,,,
,,,,,,,,,,,,,,,
,,,,,,,,,,,,,,,
,,,,,,,,,,,,,,,
,,,,,,,,,,,,,,,
,,,,,,,,,,,,,,,
Y,789,789,789,799,789,789,839,799,,,789,,839,789,789
,,,,,,,,,,,,,,,
Y,919,919,919,919,919,919,979,919,,,919,,979,919,919
,,,,,,,,,,,,,,,
Y,819,819,819,829,819,819,859,829,,,819,,859,819,819
Y,949,949,949,939,949,939,999,939,,,949,,999,949,949
,,,,,,,,,,,,,,,
,,,,,,,,,,,,,,,
Y,369,369,369,369,369,369,369,369,369,369,369,369,369,369,369
,,,,,,,,,,,,,,,
,,,,,,,,,,,,,,,
,,,,,,,,,,,,,,,
,,,,,,,,,,,,,,,
,,,,,,,,,,,,,,,
,,,,,,,,,,,,,,,
,,,,,,,,,,,,,,,
,,,,,,,,,,,,,,,
,,,,,,,,,,,,,,,
,,,,,,,,,,,,,,,
,,,,,,,,,,,,,,,
,,,,,,,,,,,,,,,
,,,,,,,,,,,,,,,
,,,,,,,,,,,,,,,
,,,,,,,,,,,,,,,
,,,,,,,,,,,,,,,
,,,,,,,,,,,,,,,
,,,,,,,,,,,,,,,
,,,,,,,,,,,,,,,
,,,,,,,,,,,,,,,
,,,,,,,,,,,,,,,
,,,,,,,,,,,,,,,
,,,,,,,,,,,,,,,
,,,,,,,,,,,,,,,
,,,,,,,,,,,,,,,
,,,,,,,,,,,,,,,
,,,,,,,,,,,,,,,
,,,,,,,,,,,,,,,
,,,,,,,,,,,,,,,
,,,,,,,,,,,,,,,
,,,,,,,,,,,,,,,
,,,,,,,,,,,,,,,
,,,,,,,,,,,,,,,
,,,,,,,,,,,,,,,
,,,,,,,,,,,,,,,
,,,,,,,,,,,,,,,
Y,50,50,50,50,50,50,50,50,50,40,50,50,50,50,50
Y,50,50,50,50,50,,,50,,,50,50,,50,50
,,,,,,,,,,,,,,,
,,,,,,,,,,,,,,,
,,,,,,,,,,,,,,,
,,,,,,,,,,,,,,,
,,,,,,,,,,,,,,,
,,,,,,,,,,,,,,,
,,,,,,,,,,,,,,,
,,,,,,,,,,,,,,,
,,,,,,,,,,,,,,,
,,,,,,,,,,,,,,,
,,,,,,,,,,,,,,,
,,,,,,,,,,,,,,,
,,,,,,,,,,,,,,,
,,,,,,,,,,,,,,,
,,,,,,,,,,,,,,,
,,,,,,,,,,,,,,,
,,,,,,,,,,,,,,,
,,,,,,,,,,,,,,,
,,,,,,,,,,,,,,,
,,,,,,,,,,,,,,,
,,,,,,,,,,,,,,,
,,,,,,,,,,,,,,,
Y,50,50,50,50,50,,,50,,,50,50,,50,50
,,,,,,,,,,,,,,,
,,,,,,,,,,,,,,,
,,,,,,,,,,,,,,,
,,,,,,,,,,,,,,,
,,,,,,,,,,,,,,,
,,,,,,,,,,,,,,,
,,,,,,,,,,,,,,,
Y,50,50,50,50,50,50,50,50,50,50,50,50,50,50,50
,,,,,,,,,,,,,,,
,,,,,,,,,,,,,,,
,,,,,,,,,,,,,,,
,,,,,,,,,,,,,,,
,,,,,,,,,,,,,,,
,,,,,,,,,,,,,,,
,,,,,,,,,,,,,,,
,,,,,,,,,,,,,,,
,,,,,,,,,,,,,,,
,,,,,,,,,,,,,,,
,,,,,,,,,,,,,,,
Y,50,50,50,50,50,50,50,50,50,50,50,50,50,50,50
,,,,,,,,,,,,,,,
Y,129,129,129,99,129,99,149,99,99,99,129,129,149,129,129
,,,,,,,,,,,,,,,
,,,,,,,,,,,,,,,
,,,,,,,,,,,,,,,
,,,,,,,,,,,,,,,
,,,,,,,,,,,,,,,
Y,459,459,459,419,459,429,449,419,,,459,,449,459,459
Y,559,559,559,559,559,559,579,559,,,559,,579,559,559
Y,299,299,299,299,299,299,329,299,299,299,299,299,329,299,299
Y,539,539,539,539,539,539,569,539,549,439,539,539,569,539,539
,,,,,,,,,,,,,,,
,,,,,,,,,,,,,,,
Y,589,589,589,589,589,589,619,589,,,589,,619,589,589
,,,,,,,,,,,,,,,
,,,,,,,,,,,,,,,
,,,,,,,,,,,,,,,
Y,239,239,239,239,239,239,249,239,,,239,,249,239,239
,,,,,,,,,,,,,,,
,,,,,,,,,,,,,,,
,,,,,,,,,,,,,,,
,,,,,,,,,,,,,,,
,,,,,,,,,,,,,,,
,,,,,,,,,,,,,,,
,,,,,,,,,,,,,,,
,,,,,,,,,,,,,,,
,,,,,,,,,,,,,,,
,,,,,,,,,,,,,,,
,,,,,,,,,,,,,,,
,,,,,,,,,,,,,,,
,,,,,,,,,,,,,,,
,,,,,,,,,,,,,,,
,,,,,,,,,,,,,,,
,,,,,,,,,,,,,,,
,,,,,,,,,,,,,,,
,,,,,,,,,,,,,,,
,,,,,,,,,,,,,,,
,,,,,,,,,,,,,,,
,,,,,,,,,,,,,,,
,,,,,,,,,,,,,,,
,,,,,,,,,,,,,,,
,,,,,,,,,,,,,,,
,,,,,,,,,,,,,,,
,,,,,,,,,,,,,,,
,,,,,,,,,,,,,,,
,,,,,,,,,,,,,,,
,,,,,,,,,,,,,,,
,,,,,,,,,,,,,,,
,,,,,,,,,,,,,,,
,,,,,,,,,,,,,,,
,,,,,,,,,,,,,,,
,,,,,,,,,,,,,,,
,,,,,,,,,,,,,,,
,,,,,,,,,,,,,,,
,,,,,,,,,,,,,,,
,,,,,,,,,,,,,,,
,,,,,,,,,,,,,,,
,,,,,,,,,,,,,,,
,,,,,,,,,,,,,,,
,,,,,,,,,,,,,,,
,,,,,,,,,,,,,,,
,,,,,,,,,,,,,,,
,,,,,,,,,,,,,,,
,,,,,,,,,,,,,,,
,,,,,,,,,,,,,,,
,,,,,,,,,,,,,,,
,,,,,,,,,,,,,,,
,,,,,,,,,,,,,,,
,,,,,,,,,,,,,,,
,,,,,,,,,,,,,,,
,,,,,,,,,,,,,,,
,,,,,,,,,,,,,,,
,,,,,,,,,,,,,,,
,,,,,,,,,,,,,,,
,,,,,,,,,,,,,,,
,,,,,,,,,,,,,,,
,,,,,,,,,,,,,,,
,,,,,,,,,,,,,,,
,,,,,,,,,,,,,,,
,,,,,,,,,,,,,,,
,,,,,,,,,,,,,,,
,,,,,,,,,,,,,,,
,,,,,,,,,,,,,,,
,,,,,,,,,,,,,,,
,,,,,,,,,,,,,,,
,,,,,,,,,,,,,,,
,,,,,,,,,,,,,,,
,,,,,,,,,,,,,,,
,,,,,,,,,,,,,,,
,,,,,,,,,,,,,,,
,,,,,,,,,,,,,,,
,,,,,,,,,,,,,,,
,,,,,,,,,,,,,,,
,,,,,,,,,,,,,,,
,,,,,,,,,,,,,,,
,,,,,,,,,,,,,,,
,,,,,,,,,,,,,,,
,,,,,,,,,,,,,,,
,,,,,,,,,,,,,,,
,,,,,,,,,,,,,,,
,,,,,,,,,,,,,,,
,,,,,,,,,,,,,,,
,,,,,,,,,,,,,,,
,,,,,,,,,,,,,,,
,,,,,,,,,,,,,,,
,,,,,,,,,,,,,,,
,,,,,,,,,,,,,,,
,,,,,,,,,,,,,,,
,,,,,,,,,,,,,,,
,,,,,,,,,,,,,,,
,,,,,,,,,,,,,,,
,,,,,,,,,,,,,,,
,,,,,,,,,,,,,,,
,,,,,,,,,,,,,,,
,,,,,,,,,,,,,,,
,,,,,,,,,,,,,,,
,,,,,,,,,,,,,,,
,,,,,,,,,,,,,,,
,,,,,,,,,,,,,,,
,,,,,,,,,,,,,,,
,,,,,,,,,,,,,,,
,,,,,,,,,,,,,,,
,,,,,,,,,,,,,,,
,,,,,,,,,,,,,,,
,,,,,,,,,,,,,,,
,,,,,,,,,,,,,,,
,,,,,,,,,,,,,,,
,,,,,,,,,,,,,,,
,,,,,,,,,,,,,,,
,,,,,,,,,,,,,,,
,,,,,,,,,,,,,,,
,,,,,,,,,,,,,,,
,,,,,,,,,,,,,,,
,,,,,,,,,,,,,,,
,,,,,,,,,,,,,,,
,,,,,,,,,,,,,,,
,,,,,,,,,,,,,,,
,,,,,,,,,,,,,,,
,,,,,,,,,,,,,,,
,,,,,,,,,,,,,,,
,,,,,,,,,,,,,,,
,,,,,,,,,,,,,,,
,,,,,,,,,,,,,,,
,,,,,,,,,,,,,,,
,,,,,,,,,,,,,,,
,,,,,,,,,,,,,,,
,,,,,,,,,,,,,,,
,,,,,,,,,,,,,,,
,,,,,,,,,,,,,,,
,,,,,,,,,,,,,,,
,,,,,,,,,,,,,,,
Y,1569,1569,1569,1569,1569,1539,1629,1569,1549,1469,1569,1569,1629,1569,1569
,,,,,,,,,,,,,,,
,,,,,,,,,,,,,,,
,,,,,,,,,,,,,,,
,,,,,,,,,,,,,,,
,,,,,,,,,,,,,,,
,,,,,,,,,,,,,,,
Y,159,159,159,169,159,169,169,169,179,99,159,159,169,159,159
,,,,,,,,,,,,,,,
,,,,,,,,,,,,,,,
Y,199,199,199,199,199,199,199,199,199,199,199,199,199,199,199
,,,,,,,,,,,,,,,
Y,199,199,199,199,199,199,199,199,199,,199,,199,199,199
,,,,,,,,,,,,,,,
,,,,,,,,,,,,,,,
,,,,,,,,,,,,,,,
Y,269,269,269,269,269,269,249,269,269,199,269,269,249,269,269
,,,,,,,,,,,,,,,
,,,,,,,,,,,,,,,
,,,,,,,,,,,,,,,
,,,,,,,,,,,,,,,
Y,269,269,269,269,269,269,249,269,269,199,269,269,249,269,269
Y,215,215,215,215,215,215,199,215,215,199,215,215,199,215,215
Y,215,215,215,215,215,215,199,215,215,199,215,215,199,215,215
Y,269,269,269,269,269,269,249,269,269,199,269,269,249,269,269
,,,,,,,,,,,,,,,
Y,215,215,215,215,215,215,199,215,215,199,215,215,199,215,215
,,,,,,,,,,,,,,,
,,,,,,,,,,,,,,,
Y,269,269,269,269,269,269,249,269,269,199,269,269,249,269,269
,,,,,,,,,,,,,,,
Y,215,215,215,215,215,215,199,215,215,199,215,215,199,215,215
,,,,,,,,,,,,,,,
Y,1589,1589,1589,1579,1589,1569,1689,1579,1579,1399,1589,1589,1689,1589,1589
Y,819,819,819,819,819,819,1089,819,,699,819,,1089,819,819
Y,939,939,939,,939,,,,,979,939,939,,939,939
Y,999,999,999,,999,,,,,999,999,999,,999,999
Y,2149,2149,2149,,2149,,2359,,,1819,2149,2149,2359,2149,2149
Y,1289,1289,1289,1279,1289,1269,1349,1279,1279,1100,1289,1289,1349,1289,1289
,,,,,,,,,,,,,,,
Y,889,889,889,869,889,889,989,869,,,889,,989,889,889
Y,799,799,799,789,799,779,969,789,789,699,799,799,969,799,799
Y,849,849,849,839,849,819,1019,839,,,849,,1019,849,849
,,,,,,,,,,,,,,,
,,,,,,,,,,,,,,,
,,,,,,,,,,,,,,,
,,,,,,,,,,,,,,,
Y,949,949,949,939,949,929,1089,939,,,949,,1089,949,949
Y,949,949,949,939,949,929,1089,939,,,949,,1089,949,949
,,,,,,,,,,,,,,,
Y,999,999,999,989,999,999,1129,989,,,999,,1129,999,999
,,,,,,,,,,,,,,,
,,,,,,,,,,,,,,,
Y,949,949,949,939,949,929,1089,939,,,949,,1089,949,949
Y,999,999,999,989,999,999,1129,989,,,999,,1129,999,999
Y,949,949,949,939,949,929,1089,939,,,949,,1089,949,949
Y,949,949,949,939,949,929,1089,939,,,949,,1089,949,949
Y,949,949,949,939,949,929,1089,939,,,949,,1089,949,949
Y,999,999,999,989,999,999,1129,989,,,999,,1129,999,999
,,,,,,,,,,,,,,,
,,,,,,,,,,,,,,,
,,,,,,,,,,,,,,,
Y,1239,1239,1239,1219,1239,1219,1369,1219,1229,1099,1239,1239,1369,1239,1239
Y,1119,1119,1119,1129,1119,1129,1289,1129,1139,839,1119,1119,1289,1119,1119
Y,879,879,879,879,879,879,1039,879,889,669,879,879,1039,879,879
Y,829,829,829,819,829,829,939,819,839,649,829,829,939,829,829
Y,879,879,879,879,879,879,1039,879,889,669,879,879,1039,879,879
Y,879,879,879,879,879,879,1039,879,889,,879,,1039,879,879
Y,1669,1669,1669,1669,1669,1659,1859,1669,1669,1419,1669,1669,1859,1669,1669
,,,,,,,,,,,,,,,
Y,1479,1479,1479,1459,1479,1479,1719,1459,1489,1239,1479,1479,1719,1479,1479
Y,,,,1489,,,1519,1489,,,,,1519,,
Y,1439,1439,1439,1249,1439,1249,1619,1249,,1119,1439,,1619,1439,1439
Y,599,599,599,619,599,599,579,619,599,579,599,599,579,599,599
Y,1099,1099,1099,1039,1099,1029,1019,1039,1039,919,1099,1099,1019,1099,1099
,,,,,,,,,,,,,,,
Y,1599,1599,1599,1599,1599,1589,1779,1599,1599,1399,1599,1599,1779,1599,1599
,,,,,,,,,,,,,,,
Y,1559,1559,1559,1539,1559,1529,1719,1539,1539,1289,1559,1559,1719,1559,1559
Y,1199,1199,1199,999,1199,999,1259,999,,1019,1199,,1259,1199,1199
Y,929,929,929,919,929,919,999,919,929,749,929,929,999,929,929
,,,,,,,,,,,,,,,
Y,939,939,939,919,939,939,1019,919,949,939,939,939,1019,939,939
Y,1199,1199,1199,1049,1199,1039,1259,1049,1049,1029,1199,1199,1259,1199,1199
Y,1249,1249,1249,1089,1249,1079,1429,1089,1089,1059,1249,1249,1429,1249,1249
,,,,,,,,,,,,,,,
Y,799,799,799,779,799,799,959,779,,,799,,959,799,799
Y,999,999,999,989,999,999,1099,989,,,999,,1099,999,999
Y,1299,1299,1299,1299,1299,1309,1439,1299,1319,1219,1299,1299,1439,1299,1299
Y,1349,1349,1349,1349,1349,1359,1489,1349,1369,1269,1349,1349,1489,1349,1349
Y,1519,1519,1519,1499,1519,1489,1579,1499,1499,1419,1519,1519,1579,1519,1519
Y,1539,1539,1539,1519,1539,1509,1599,1519,1519,1439,1539,1539,1599,1539,1539
Y,1339,1339,1339,1339,1339,1329,1459,1339,1339,1239,1339,1339,1459,1339,1339
,,,,,,,,,,,,,,,
Y,739,739,739,739,739,749,869,739,749,629,739,739,869,739,739
Y,979,979,979,879,979,919,1019,879,929,689,979,979,1019,979,979
Y,919,919,919,919,919,909,1069,919,919,779,919,919,1069,919,919
,,,,,,,,,,,,,,,
Y,500,500,500,500,500,500,510,500,,,500,,510,500,500
Y,500,500,500,500,500,500,510,500,,,500,,510,500,500
Y,500,500,500,500,500,500,510,500,,,500,,510,500,500
Y,500,500,500,500,500,500,500,500,,500,500,,500,500,500
,,,,,,,,,,,,,,,
Y,500,500,500,500,500,500,500,500,500,500,500,500,500,500,500
Y,500,500,500,500,500,500,500,500,500,500,500,500,500,500,500
Y,500,500,500,500,500,500,500,500,,,500,,500,500,500
Y,500,500,500,500,500,500,500,500,500,500,500,500,500,500,500
Y,500,500,500,500,500,500,500,500,500,500,500,500,500,500,500
Y,500,500,500,500,500,500,500,500,500,500,500,500,500,500,500
Y,500,500,500,500,500,500,500,500,,,500,,500,500,500
Y,500,500,500,500,500,500,500,500,,,500,,500,500,500
Y,1119,1119,1119,1119,1119,1119,1229,1119,,1019,1119,1119,1229,1119,1119
Y,1169,1169,1169,1169,1169,1169,1279,1169,,1069,1169,,1279,1169,1169
,,,,,,,,,,,,,,,
Y,1149,1149,1149,1149,1149,1149,1259,1149,,1049,1149,1149,1259,1149,1149
,,,,,,,,,,,,,,,
,,,,,,,,,,,,,,,
,,,,,,,,,,,,,,,
,,,,,,,,,,,,,,,
,,,,,,,,,,,,,,,
Y,1539,1539,1539,1519,1539,1529,1619,1519,,,1539,,1619,1539,1539
Y,1539,1539,1539,1519,1539,1529,1619,1519,,,1539,,1619,1539,1539
,,,,,,,,,,,,,,,
,,,,,,,,,,,,,,,
Y,1539,1539,1539,1519,1539,1529,1619,1519,,,1539,,1619,1539,1539
,,,,,,,,,,,,,,,
Y,1539,1539,1539,1519,1539,1529,1619,1519,,,1539,,1619,1539,1539
Y,1539,1539,1539,1519,1539,1529,1619,1519,,,1539,,1619,1539,1539
Y,1539,1539,1539,1519,1539,1529,1619,1519,,,1539,,1619,1539,1539
,,,,,,,,,,,,,,,
,,,,,,,,,,,,,,,
Y,779,779,779,769,779,779,969,769,789,699,779,779,969,779,779
Y,979,979,979,879,979,919,1019,879,929,,979,,1019,979,979
Y,829,829,829,819,829,819,1019,819,,,829,,1019,829,829
,,,,,,,,,,,,,,,
,,,,,,,,,,,,,,,
Y,769,769,769,769,769,769,929,769,,,769,,929,769,769
,,,,,,,,,,,,,,,
,,,,,,,,,,,,,,,
Y,769,769,769,759,769,739,879,759,749,549,769,769,879,769,769
Y,819,819,819,809,819,789,929,809,,,819,,929,819,819
Y,1539,1539,1539,1519,1539,1499,1569,1519,,,1539,,1569,1539,1539
,,,,,,,,,,,,,,,
Y,,,,,,,,,1519,1349,,1539,,,
Y,1419,1419,1419,1419,1419,1399,1479,1419,1419,1239,1419,1419,1479,1419,1419
,,,,,,,,,,,,,,,
Y,1399,1399,1399,1389,1399,1379,1419,1389,1389,1189,1399,1399,1419,1399,1399
,,,,,,,,,,,,,,,
,,,,,,,,,,,,,,,
,,,,,,,,,,,,,,,
,,,,,,,,,,,,,,,
,,,,,,,,,,,,,,,
Y,1299,1299,1299,1299,1299,1309,1439,1299,,,1299,,1439,1299,1299
Y,1519,1519,1519,1499,1519,1489,1579,1499,,,1519,,1579,1519,1519
Y,1339,1339,1339,1339,1339,1329,1459,1339,,,1339,,1459,1339,1339
Y,1539,1539,1539,1519,1539,1509,1599,1519,,,1539,,1599,1539,1539
,,,,,,,,,,,,,,,
Y,889,889,889,869,889,889,989,869,,,889,,989,889,889
,,,,,,,,,,,,,,,
Y,799,799,799,789,799,779,969,789,789,699,799,799,969,799,799
Y,849,849,849,839,849,819,1019,839,,,849,,1019,849,849
,,,,,,,,,,,,,,,
Y,879,879,879,879,879,879,1049,879,879,654,879,879,1049,879,879
Y,979,979,979,979,979,979,1089,979,979,754,979,979,1089,979,979
Y,879,879,879,879,879,879,989,879,879,634,879,879,989,879,879
,,,,,,,,,,,,,,,
,,,,,,,,,,,,,,,
,,,,,,,,,,,,,,,
,,,,,,,,,,,,,,,
,,,,,,,,,,,,,,,
,,,,,,,,,,,,,,,
,,,,,,,,,,,,,,,
,,,,,,,,,,,,,,,
,,,,,,,,,,,,,,,
,,,,,,,,,,,,,,,
,,,,,,,,,,,,,,,
,,,,,,,,,,,,,,,
,,,,,,,,,,,,,,,
,,,,,,,,,,,,,,,
Y,0,0,0,0,0,0,0,0,0,0,0,0,0,0,0
,,,,,,,,,,,,,,,
,,,,,,,,,,,,,,,
,,,,,,,,,,,,,,,
Y,100,100,100,100,100,100,500,100,100,100,100,100,500,100,100
,,,,,,,,,,,,,,,
,,,,,,,,,,,,,,,
,,,,,,,,,,,,,,,
,,,,,,,,,,,,,,,
Y,529,529,529,529,529,529,649,529,529,499,529,529,649,529,529
Y,629,629,629,629,629,629,689,629,629,599,629,629,689,629,629
Y,529,529,529,529,529,529,589,529,529,479,529,529,589,529,529
,,,,,,,,,,,,,,,
Y,389,389,389,389,389,389,389,389,389,389,389,389,389,389,389
Y,389,389,389,389,389,389,389,389,389,389,389,389,389,389,389
Y,389,389,389,389,389,389,389,389,,,389,,389,389,389
Y,389,389,389,389,389,389,389,389,,,389,,389,389,389
,,,,,,,,,,,,,,,
,,,,,,,,,,,,,,,
,,,,,,,,,,,,,,,
,,,,,,,,,,,,,,,
,,,,,,,,,,,,,,,
,,,,,,,,,,,,,,,
,,,,,,,,,,,,,,,
,,,,,,,,,,,,,,,
,,,,,,,,,,,,,,,
,,,,,,,,,,,,,,,
,,,,,,,,,,,,,,,
,,,,,,,,,,,,,,,
,,,,,,,,,,,,,,,
,,,,,,,,,,,,,,,
,,,,,,,,,,,,,,,
,,,,,,,,,,,,,,,
,,,,,,,,,,,,,,,
,,,,,,,,,,,,,,,
,,,,,,,,,,,,,,,
,,,,,,,,,,,,,,,
