any,1832,2584,4718,12224,18461,29014,29017,29708,40137,40268,40285,40289,40325,40493,41190
,,,,,,,,,,,,,,,
,,,,,,,,,,,,,,,
Y,619,619,619,569,619,609,,569,,619,,629,,619,619
Y,579,579,579,549,579,579,,549,,579,,569,,579,579
,,,,,,,,,,,,,,,
,,,,,,,,,,,,,,,
,,,,,,,,,,,,,,,
,,,,,,,,,,,,,,,
,,,,,,,,,,,,,,,
,,,,,,,,,,,,,,,
,,,,,,,,,,,,,,,
,,,,,,,,,,,,,,,
,,,,,,,,,,,,,,,
,,,,,,,,,,,,,,,
,,,,,,,,,,,,,,,
,,,,,,,,,,,,,,,
,,,,,,,,,,,,,,,
Y,500,500,500,500,500,500,500,500,,500,,500,500,500,500
,,,,,,,,,,,,,,,
,,,,,,,,,,,,,,,
,,,,,,,,,,,,,,,
,,,,,,,,,,,,,,,
,,,,,,,,,,,,,,,
,,,,,,,,,,,,,,,
,,,,,,,,,,,,,,,
,,,,,,,,,,,,,,,
Y,199,199,199,189,199,199,169,189,199,199,199,169,189,199,199
Y,1049,1049,1049,1049,1049,1049,1059,1049,1049,1049,1049,1059,1059,1049,1049
,,,,,,,,,,,,,,,
Y,1629,1629,1629,1599,1629,1599,1659,1599,1599,1629,1629,1659,1579,1629,1629
Y,1469,1469,1469,1449,1469,1449,1399,1449,1449,1469,1469,1399,1389,1469,1469
,,,,,,,,,,,,,,,
,,,,,,,,,,,,,,,
,,,,,,,,,,,,,,,
,,,,,,,,,,,,,,,
,,,,,,,,,,,,,,,
,,,,,,,,,,,,,,,
Y,219,219,219,219,219,219,219,219,219,219,219,219,219,219,219
Y,219,219,219,,219,,,,,219,219,,219,219,219
Y,629,629,629,629,629,629,629,629,,629,,629,629,629,629
,,,,,,,,,,,,,,,
Y,869,869,869,819,869,819,1029,819,,869,,1029,819,869,869
,,,,,,,,,,,,,,,
,,,,,,,,,,,,,,,
Y,319,319,319,299,319,299,299,299,299,319,319,299,299,319,319
,,,,,,,,,,,,,,,
Y,1099,1099,1099,,1099,,,,,1099,1099,,,1099,1099
,,,,,,,,,,,,,,,
,,,,,,,,,,,,,,,
,,,,,,,,,,,,,,,
,,,,,,,,,,,,,,,
,,,,,,,,,,,,,,,
,,,,,,,,,,,,,,,
,,,,,,,,,,,,,,,
,,,,,,,,,,,,,,,
,,,,,,,,,,,,,,,
,,,,,,,,,,,,,,,
,,,,,,,,,,,,,,,
,,,,,,,,,,,,,,,
,,,,,,,,,,,,,,,
,,,,,,,,,,,,,,,
,,,,,,,,,,,,,,,
,,,,,,,,,,,,,,,
,,,,,,,,,,,,,,,
,,,,,,,,,,,,,,,
Y,1099,1099,1099,,1099,,,,,1099,1099,,,1099,1099
,,,,,,,,,,,,,,,
,,,,,,,,,,,,,,,
,,,,,,,,,,,,,,,
,,,,,,,,,,,,,,,
,,,,,,,,,,,,,,,
,,,,,,,,,,,,,,,
,,,,,,,,,,,,,,,
,,,,,,,,,,,,,,,
,,,,,,,,,,,,,,,
,,,,,,,,,,,,,,,
,,,,,,,,,,,,,,,
,,,,,,,,,,,,,,,
,,,,,,,,,,,,,,,
,,,,,,,,,,,,,,,
,,,,,,,,,,,,,,,
,,,,,,,,,,,,,,,
,,,,,,,,,,,,,,,
,,,,,,,,,,,,,,,
,,,,,,,,,,,,,,,
,,,,,,,,,,,,,,,
,,,,,,,,,,,,,,,
,,,,,,,,,,,,,,,
,,,,,,,,,,,,,,,
,,,,,,,,,,,,,,,
,,,,,,,,,,,,,,,
,,,,,,,,,,,,,,,
,,,,,,,,,,,,,,,
,,,,,,,,,,,,,,,
,,,,,,,,,,,,,,,
,,,,,,,,,,,,,,,
Y,1589,1589,1589,1619,1589,1629,1759,1619,1639,1589,1589,1759,1589,1589,1589
,,,,,,,,,,,,,,,
,,,,,,,,,,,,,,,
,,,,,,,,,,,,,,,
,,,,,,,,,,,,,,,
,,,,,,,,,,,,,,,
,,,,,,,,,,,,,,,
Y,2149,2149,2149,,2149,2159,2359,,2159,2149,2149,2359,,2149,2149
,,,,,,,,,,,,,,,
,,,,,,,,,,,,,,,
,,,,,,,,,,,,,,,
,,,,,,,,,,,,,,,
,,,,,,,,,,,,,,,
,,,,,,,,,,,,,,,
,,,,,,,,,,,,,,,
,,,,,,,,,,,,,,,
,,,,,,,,,,,,,,,
,,,,,,,,,,,,,,,
,,,,,,,,,,,,,,,
,,,,,,,,,,,,,,,
,,,,,,,,,,,,,,,
,,,,,,,,,,,,,,,
,,,,,,,,,,,,,,,
,,,,,,,,,,,,,,,
,,,,,,,,,,,,,,,
,,,,,,,,,,,,,,,
,,,,,,,,,,,,,,,
,,,,,,,,,,,,,,,
,,,,,,,,,,,,,,,
,,,,,,,,,,,,,,,
,,,,,,,,,,,,,,,
,,,,,,,,,,,,,,,
,,,,,,,,,,,,,,,
,,,,,,,,,,,,,,,
,,,,,,,,,,,,,,,
,,,,,,,,,,,,,,,
,,,,,,,,,,,,,,,
,,,,,,,,,,,,,,,
,,,,,,,,,,,,,,,
,,,,,,,,,,,,,,,
,,,,,,,,,,,,,,,
,,,,,,,,,,,,,,,
,,,,,,,,,,,,,,,
,,,,,,,,,,,,,,,
,,,,,,,,,,,,,,,
,,,,,,,,,,,,,,,
,,,,,,,,,,,,,,,
,,,,,,,,,,,,,,,
,,,,,,,,,,,,,,,
,,,,,,,,,,,,,,,
,,,,,,,,,,,,,,,
,,,,,,,,,,,,,,,
,,,,,,,,,,,,,,,
,,,,,,,,,,,,,,,
,,,,,,,,,,,,,,,
,,,,,,,,,,,,,,,
,,,,,,,,,,,,,,,
,,,,,,,,,,,,,,,
,,,,,,,,,,,,,,,
,,,,,,,,,,,,,,,
,,,,,,,,,,,,,,,
,,,,,,,,,,,,,,,
,,,,,,,,,,,,,,,
,,,,,,,,,,,,,,,
,,,,,,,,,,,,,,,
,,,,,,,,,,,,,,,
,,,,,,,,,,,,,,,
,,,,,,,,,,,,,,,
,,,,,,,,,,,,,,,
,,,,,,,,,,,,,,,
,,,,,,,,,,,,,,,
,,,,,,,,,,,,,,,
Y,999,999,999,919,999,899,899,919,919,999,,899,919,999,999
Y,799,799,799,799,799,799,749,799,799,799,799,749,739,799,799
Y,789,789,789,749,789,779,769,749,779,789,789,769,719,789,789
,,,,,,,,,,,,,,,
,,,,,,,,,,,,,,,
,,,,,,,,,,,,,,,
,,,,,,,,,,,,,,,
Y,1329,1329,1329,1299,1329,1289,1349,1299,1289,1329,1329,1349,1139,1329,1329
,,,,,,,,,,,,,,,
,,,,,,,,,,,,,,,
,,,,,,,,,,,,,,,
,,,,,,,,,,,,,,,
,,,,,,,,,,,,,,,
,,,,,,,,,,,,,,,
,,,,,,,,,,,,,,,
,,,,,,,,,,,,,,,
,,,,,,,,,,,,,,,
,,,,,,,,,,,,,,,
,,,,,,,,,,,,,,,
,,,,,,,,,,,,,,,
,,,,,,,,,,,,,,,
,,,,,,,,,,,,,,,
,,,,,,,,,,,,,,,
,,,,,,,,,,,,,,,
,,,,,,,,,,,,,,,
,,,,,,,,,,,,,,,
,,,,,,,,,,,,,,,
,,,,,,,,,,,,,,,
Y,219,219,219,,219,,,,,219,219,,219,219,219
,,,,,,,,,,,,,,,
,,,,,,,,,,,,,,,
,,,,,,,,,,,,,,,
,,,,,,,,,,,,,,,
Y,169,169,169,169,169,169,169,169,179,169,169,169,169,169,169
,,,,,,,,,,,,,,,
,,,,,,,,,,,,,,,
,,,,,,,,,,,,,,,
,,,,,,,,,,,,,,,
,,,,,,,,,,,,,,,
,,,,,,,,,,,,,,,
,,,,,,,,,,,,,,,
,,,,,,,,,,,,,,,
,,,,,,,,,,,,,,,
,,,,,,,,,,,,,,,
,,,,,,,,,,,,,,,
,,,,,,,,,,,,,,,
,,,,,,,,,,,,,,,
,,,,,,,,,,,,,,,
,,,,,,,,,,,,,,,
,,,,,,,,,,,,,,,
,,,,,,,,,,,,,,,
,,,,,,,,,,,,,,,
,,,,,,,,,,,,,,,
,,,,,,,,,,,,,,,
,,,,,,,,,,,,,,,
,,,,,,,,,,,,,,,
,,,,,,,,,,,,,,,
,,,,,,,,,,,,,,,
,,,,,,,,,,,,,,,
,,,,,,,,,,,,,,,
,,,,,,,,,,,,,,,
,,,,,,,,,,,,,,,
Y,539,539,539,539,539,549,579,539,549,539,539,579,519,539,539
Y,819,819,819,789,819,789,979,789,789,819,819,979,789,819,819
,,,,,,,,,,,,,,,
,,,,,,,,,,,,,,,
,,,,,,,,,,,,,,,
,,,,,,,,,,,,,,,
,,,,,,,,,,,,,,,
Y,959,959,959,939,959,949,979,939,,959,,979,,959,959
Y,1519,1519,1519,1519,1519,1519,1579,1519,,1519,,1579,,1519,1519
Y,959,959,959,939,959,949,979,939,949,959,959,979,939,959,959
Y,1519,1519,1519,1519,1519,1519,1579,1519,1519,1519,1519,1579,1519,1519,1519
,,,,,,,,,,,,,,,
,,,,,,,,,,,,,,,
,,,,,,,,,,,,,,,
,,,,,,,,,,,,,,,
,,,,,,,,,,,,,,,
,,,,,,,,,,,,,,,
,,,,,,,,,,,,,,,
,,,,,,,,,,,,,,,
,,,,,,,,,,,,,,,
Y,130/269,175/269,130/269,139,99/269,130/169,199,139,169,130/269,269,199,139,99/269,99/269
Y,579,579,579,559,579,569,599,559,,579,,599,559,579,579
Y,929,929,929,879,929,899,999,879,,929,,999,869,929,929
,,,,,,,,,,,,,,,
,,,,,,,,,,,,,,,
,,,,,,,,,,,,,,,
,,,,,,,,,,,,,,,
,,,,,,,,,,,,,,,
,,,,,,,,,,,,,,,
,,,,,,,,,,,,,,,
,,,,,,,,,,,,,,,
,,,,,,,,,,,,,,,
,,,,,,,,,,,,,,,
,,,,,,,,,,,,,,,
,,,,,,,,,,,,,,,
,,,,,,,,,,,,,,,
,,,,,,,,,,,,,,,
,,,,,,,,,,,,,,,
,,,,,,,,,,,,,,,
,,,,,,,,,,,,,,,
,,,,,,,,,,,,,,,
,,,,,,,,,,,,,,,
,,,,,,,,,,,,,,,
,,,,,,,,,,,,,,,
,,,,,,,,,,,,,,,
,,,,,,,,,,,,,,,
,,,,,,,,,,,,,,,
,,,,,,,,,,,,,,,
,,,,,,,,,,,,,,,
,,,,,,,,,,,,,,,
,,,,,,,,,,,,,,,
,,,,,,,,,,,,,,,
,,,,,,,,,,,,,,,
,,,,,,,,,,,,,,,
,,,,,,,,,,,,,,,
,,,,,,,,,,,,,,,
,,,,,,,,,,,,,,,
,,,,,,,,,,,,,,,
,,,,,,,,,,,,,,,
,,,,,,,,,,,,,,,
,,,,,,,,,,,,,,,
,,,,,,,,,,,,,,,
,,,,,,,,,,,,,,,
,,,,,,,,,,,,,,,
,,,,,,,,,,,,,,,
,,,,,,,,,,,,,,,
,,,,,,,,,,,,,,,
,,,,,,,,,,,,,,,
,,,,,,,,,,,,,,,
,,,,,,,,,,,,,,,
,,,,,,,,,,,,,,,
,,,,,,,,,,,,,,,
,,,,,,,,,,,,,,,
,,,,,,,,,,,,,,,
,,,,,,,,,,,,,,,
,,,,,,,,,,,,,,,
,,,,,,,,,,,,,,,
,,,,,,,,,,,,,,,
Y,189,189,189,169,189,169,169,169,179,189,189,169,159,189,189
Y,169,169,169,,169,,,,,169,169,,159,169,169
,,,,,,,,,,,,,,,
,,,,,,,,,,,,,,,
,,,,,,,,,,,,,,,
,,,,,,,,,,,,,,,
,,,,,,,,,,,,,,,
,,,,,,,,,,,,,,,
,,,,,,,,,,,,,,,
,,,,,,,,,,,,,,,
,,,,,,,,,,,,,,,
,,,,,,,,,,,,,,,
,,,,,,,,,,,,,,,
,,,,,,,,,,,,,,,
,,,,,,,,,,,,,,,
Y,119,119,119,99,119,99,99,99,109,119,119,99,99,119,119
,,,,,,,,,,,,,,,
,,,,,,,,,,,,,,,
Y,789,789,789,769,789,799,819,769,799,789,789,819,749,789,789
,,,,,,,,,,,,,,,
Y,1119,1119,1119,1139,1119,1169,1299,1139,1179,1119,1119,1299,1119,1119,1119
,,,,,,,,,,,,,,,
Y,1289,1289,1289,1269,1289,1279,1399,1269,1289,1289,1289,1399,1189,1289,1289
,,,,,,,,,,,,,,,
Y,50,50,50,50,50,50,50,50,50,50,50,50,50,50,50
Y,619,619,619,639,619,629,699,639,629,619,619,699,619,619,619
Y,119,119,119,99,119,99,99,99,109,119,119,99,99,119,119
,,,,,,,,,,,,,,,
,,,,,,,,,,,,,,,
,,,,,,,,,,,,,,,
,,,,,,,,,,,,,,,
,,,,,,,,,,,,,,,
Y,60,60,60,60,60,60,50,60,60,60,60,50,50,60,60
,,,,,,,,,,,,,,,
,,,,,,,,,,,,,,,
,,,,,,,,,,,,,,,
,,,,,,,,,,,,,,,
,,,,,,,,,,,,,,,
,,,,,,,,,,,,,,,
,,,,,,,,,,,,,,,
,,,,,,,,,,,,,,,
,,,,,,,,,,,,,,,
,,,,,,,,,,,,,,,
,,,,,,,,,,,,,,,
Y,239,239,239,239,239,239,239,239,239,239,239,239,239,239,239
,,,,,,,,,,,,,,,
,,,,,,,,,,,,,,,
,,,,,,,,,,,,,,,
,,,,,,,,,,,,,,,
,,,,,,,,,,,,,,,
,,,,,,,,,,,,,,,
,,,,,,,,,,,,,,,
,,,,,,,,,,,,,,,
,,,,,,,,,,,,,,,
,,,,,,,,,,,,,,,
Y,319,319,319,319,319,319,319,319,,319,,319,319,319,319
,,,,,,,,,,,,,,,
,,,,,,,,,,,,,,,
,,,,,,,,,,,,,,,
,,,,,,,,,,,,,,,
,,,,,,,,,,,,,,,
,,,,,,,,,,,,,,,
,,,,,,,,,,,,,,,
,,,,,,,,,,,,,,,
,,,,,,,,,,,,,,,
,,,,,,,,,,,,,,,
,,,,,,,,,,,,,,,
,,,,,,,,,,,,,,,
,,,,,,,,,,,,,,,
,,,,,,,,,,,,,,,
,,,,,,,,,,,,,,,
,,,,,,,,,,,,,,,
,,,,,,,,,,,,,,,
,,,,,,,,,,,,,,,
,,,,,,,,,,,,,,,
,,,,,,,,,,,,,,,
,,,,,,,,,,,,,,,
,,,,,,,,,,,,,,,
,,,,,,,,,,,,,,,
,,,,,,,,,,,,,,,
Y,0,0,0,0,0,0,0,0,0,0,0,0,0,0,0
,,,,,,,,,,,,,,,
,,,,,,,,,,,,,,,
,,,,,,,,,,,,,,,
,,,,,,,,,,,,,,,
,,,,,,,,,,,,,,,
,,,,,,,,,,,,,,,
,,,,,,,,,,,,,,,
,,,,,,,,,,,,,,,
,,,,,,,,,,,,,,,
,,,,,,,,,,,,,,,
,,,,,,,,,,,,,,,
,,,,,,,,,,,,,,,
,,,,,,,,,,,,,,,
,,,,,,,,,,,,,,,
,,,,,,,,,,,,,,,
,,,,,,,,,,,,,,,
,,,,,,,,,,,,,,,
,,,,,,,,,,,,,,,
,,,,,,,,,,,,,,,
,,,,,,,,,,,,,,,
,,,,,,,,,,,,,,,
Y,175,175,175,105,175,99,199,105,99,175,175,199,105,175,175
,,,,,,,,,,,,,,,
,,,,,,,,,,,,,,,
,,,,,,,,,,,,,,,
,,,,,,,,,,,,,,,
Y,75,75,75,50,75,30,99,50,30,75,75,99,50,75,75
,,,,,,,,,,,,,,,
,,,,,,,,,,,,,,,
,,,,,,,,,,,,,,,
,,,,,,,,,,,,,,,
,,,,,,,,,,,,,,,
Y,399,399,399,389,399,399,399,389,399,399,399,399,389,399,399
Y,,,,60,,,,60,,,,,,,
,,,,,,,,,,,,,,,
,,,,,,,,,,,,,,,
,,,,,,,,,,,,,,,
,,,,,,,,,,,,,,,
,,,,,,,,,,,,,,,
,,,,,,,,,,,,,,,
Y,239,239,239,239,239,239,239,239,,239,,239,239,239,239
,,,,,,,,,,,,,,,
,,,,,,,,,,,,,,,
,,,,,,,,,,,,,,,
,,,,,,,,,,,,,,,
Y,100,100,100,65,100,50,70,65,50,100,100,70,65,100,100
,,,,,,,,,,,,,,,
,,,,,,,,,,,,,,,
,,,,,,,,,,,,,,,
,,,,,,,,,,,,,,,
Y,229,229,229,159,229,179,249,159,179,229,229,249,159,229,229
,,,,,,,,,,,,,,,
Y,339,339,339,339,339,339,339,339,339,339,339,339,339,339,339
Y,389,389,389,389,389,389,389,389,389,389,389,389,389,389,389
Y,939,939,939,929,939,929,999,929,929,939,939,999,919,939,939
,,,,,,,,,,,,,,,
Y,169,169,169,169,169,169,169,169,169,169,169,169,169,169,169
,,,,,,,,,,,,,,,
,,,,,,,,,,,,,,,
,,,,,,,,,,,,,,,
Y,969,969,969,939,969,959,1019,939,,969,,1019,,969,969
Y,1539,1539,1539,1539,1539,1539,1619,1539,,1539,,1619,,1539,1539
Y,969,969,969,939,969,959,1019,939,,969,,1019,,969,969
Y,1539,1539,1539,1539,1539,1539,1619,1539,,1539,,1619,,1539,1539
,,,,,,,,,,,,,,,
,,,,,,,,,,,,,,,
Y,889,889,889,889,889,899,919,889,899,889,889,919,849,889,889
Y,1339,1339,1339,1339,1339,1359,1519,1339,1359,1339,1339,1519,1289,1339,1339
,,,,,,,,,,,,,,,
Y,549,549,549,529,549,539,659,529,539,549,549,659,529,549,549
Y,899,899,899,879,899,889,1059,879,889,899,899,1059,879,899,899
,,,,,,,,,,,,,,,
Y,779,779,779,789,779,799,949,789,,779,,949,769,779,779
,,,,,,,,,,,,,,,
,,,,,,,,,,,,,,,
Y,479,479,479,459,479,469,549,459,,479,,549,439,479,479
Y,479,479,479,479,479,489,489,479,499,479,479,489,439,479,479
Y,779,779,779,779,779,779,889,779,789,779,779,889,749,779,779
,,,,,,,,,,,,,,,
,,,,,,,,,,,,,,,
Y,200/250,200/250,200/250,200/250,200/250,200/250,250/350,200/250,200/250,200/250,200/250,250/350,200/250,200/250,200/250
,,,,,,,,,,,,,,,
,,,,,,,,,,,,,,,
,,,,,,,,,,,,,,,
,,,,,,,,,,,,,,,
,,,,,,,,,,,,,,,
,,,,,,,,,,,,,,,
,,,,,,,,,,,,,,,
,,,,,,,,,,,,,,,
Y,189,189,189,185,189,179,169,185,179,189,189,169,185,189,189
,,,,,,,,,,,,,,,
Y,189,189,189,185,189,179,169,185,179,189,189,169,185,189,189
,,,,,,,,,,,,,,,
Y,189,189,189,185,189,179,169,185,179,189,189,169,185,189,189
Y,189,189,189,185,189,179,169,185,179,189,189,169,185,189,189
Y,189,189,189,185,189,179,169,185,,189,,169,185,189,189
Y,189,189,189,185,189,179,169,185,179,189,189,169,185,189,189
Y,189,189,189,185,189,179,169,185,179,189,189,169,185,189,189
,,,,,,,,,,,,,,,
,,,,,,,,,,,,,,,
,,,,,,,,,,,,,,,
Y,189,189,189,185,189,179,169,185,179,189,189,169,185,189,189
,,,,,,,,,,,,,,,
,,,,,,,,,,,,,,,
,,,,,,,,,,,,,,,
,,,,,,,,,,,,,,,
,,,,,,,,,,,,,,,
,,,,,,,,,,,,,,,
Y,239,239,239,239,239,239,239,239,,239,239,239,239,239,239
Y,239,239,239,239,239,239,239,239,239,239,239,239,239,239,239
Y,15,15,15,25,15,15,,25,,15,,79,,15,15
,,,,,,,,,,,,,,,
,,,,,,,,,,,,,,,
,,,,,,,,,,,,,,,
Y,199,199,199,189,199,199,169,189,199,199,199,169,189,199,199
Y,79,79,79,,79,,,,,79,79,,50,79,79
,,,,,,,,,,,,,,,
,,,,,,,,,,,,,,,
,,,,,,,,,,,,,,,
,,,,,,,,,,,,,,,
,,,,,,,,,,,,,,,
,,,,,,,,,,,,,,,
,,,,,,,,,,,,,,,
,,,,,,,,,,,,,,,
,,,,,,,,,,,,,,,
,,,,,,,,,,,,,,,
,,,,,,,,,,,,,,,
,,,,,,,,,,,,,,,
,,,,,,,,,,,,,,,
,,,,,,,,,,,,,,,
,,,,,,,,,,,,,,,
,,,,,,,,,,,,,,,
,,,,,,,,,,,,,,,
,,,,,,,,,,,,,,,
,,,,,,,,,,,,,,,
,,,,,,,,,,,,,,,
,,,,,,,,,,,,,,,
,,,,,,,,,,,,,,,
,,,,,,,,,,,,,,,
,,,,,,,,,,,,,,,
,,,,,,,,,,,,,,,
,,,,,,,,,,,,,,,
,,,,,,,,,,,,,,,
,,,,,,,,,,,,,,,
,,,,,,,,,,,,,,,
,,,,,,,,,,,,,,,
,,,,,,,,,,,,,,,
,,,,,,,,,,,,,,,
,,,,,,,,,,,,,,,
,,,,,,,,,,,,,,,
,,,,,,,,,,,,,,,
,,,,,,,,,,,,,,,
,,,,,,,,,,,,,,,
,,,,,,,,,,,,,,,
,,,,,,,,,,,,,,,
,,,,,,,,,,,,,,,
,,,,,,,,,,,,,,,
Y,239,239,239,239,239,239,239,239,239,239,239,239,239,239,239
,,,,,,,,,,,,,,,
,,,,,,,,,,,,,,,
,,,,,,,,,,,,,,,
,,,,,,,,,,,,,,,
,,,,,,,,,,,,,,,
,,,,,,,,,,,,,,,
Y,0,0,0,0,0,0,0,0,0,0,0,0,0,0,0
,,,,,,,,,,,,,,,
,,,,,,,,,,,,,,,
,,,,,,,,,,,,,,,
,,,,,,,,,,,,,,,
Y,969,969,969,939,969,959,,939,,969,,,,969,969
Y,1539,1539,1539,1539,1539,1539,,1539,,1539,,,,1539,1539
Y,969,969,969,939,969,959,,939,,969,,,,969,969
Y,1539,1539,1539,1539,1539,1539,,1539,,1539,,,,1539,1539
,,,,,,,,,,,,,,,
,,,,,,,,,,,,,,,
,,,,,,,,,,,,,,,
,,,,,,,,,,,,,,,
Y,300,300,300,300,300,320,450,300,320,300,300,450,300,300,300
,,,,,,,,,,,,,,,
,,,,,,,,,,,,,,,
,,,,,,,,,,,,,,,
,,,,,,,,,,,,,,,
,,,,,,,,,,,,,,,
,,,,,,,,,,,,,,,
,,,,,,,,,,,,,,,
,,,,,,,,,,,,,,,
Y,319,319,319,269,319,289,249,269,289,319,319,249,269,319,319
,,,,,,,,,,,,,,,
,,,,,,,,,,,,,,,
,,,,,,,,,,,,,,,
,,,,,,,,,,,,,,,
,,,,,,,,,,,,,,,
,,,,,,,,,,,,,,,
,,,,,,,,,,,,,,,
,,,,,,,,,,,,,,,
Y,60,60,60,60,60,60,60,60,60,60,60,60,60,60,60
,,,,,,,,,,,,,,,
,,,,,,,,,,,,,,,
,,,,,,,,,,,,,,,
,,,,,,,,,,,,,,,
,,,,,,,,,,,,,,,
,,,,,,,,,,,,,,,
,,,,,,,,,,,,,,,
,,,,,,,,,,,,,,,
Y,999,999,999,989,999,1009,1119,989,1009,999,999,1119,969,999,999
Y,1499,1499,1499,1489,1499,1499,1719,1489,1499,1499,1499,1719,1449,1499,1499
Y,459,459,459,459,459,459,419,459,469,459,459,419,459,459,459
Y,999,999,999,1039,999,1029,1019,1039,1039,999,999,1019,1019,999,999
,,,,,,,,,,,,,,,
,,,,,,,,,,,,,,,
Y,299,299,299,219,299,259,,219,,299,,319,,299,299
Y,959,959,959,959,959,949,1019,959,,959,,1019,939,959,959
Y,1489,1489,1489,1269,1489,1279,1619,1269,,1489,,1619,1249,1489,1489
Y,379,379,379,369,379,339,349,369,349,379,379,349,359,379,379
Y,599,599,599,619,599,599,579,619,599,599,599,579,500,599,599
,,,,,,,,,,,,,,,
Y,1169,1169,1169,1119,1169,1139,1269,1119,1139,1169,1169,1269,1119,1169,1169
Y,1719,1719,1719,1689,1719,1689,1869,1689,1689,1719,1719,1869,1649,1719,1719
,,,,,,,,,,,,,,,
,,,,,,,,,,,,,,,
,,,,,,,,,,,,,,,
Y,1049,1049,1049,1029,1049,1039,1179,1029,1039,1049,1049,1179,1039,1049,1049
Y,1619,1619,1619,1629,1619,1629,1779,1629,1629,1619,1619,1779,1599,1619,1619
Y,999,999,999,969,999,959,1119,969,959,999,999,1119,939,999,999
Y,1579,1579,1579,1569,1579,1559,1719,1569,1559,1579,1579,1719,1529,1579,1579
,,,,,,,,,,,,,,,
,,,,,,,,,,,,,,,
,,,,,,,,,,,,,,,
,,,,,,,,,,,,,,,
,,,,,,,,,,,,,,,
,,,,,,,,,,,,,,,
,,,,,,,,,,,,,,,
Y,479,479,479,459,479,459,569,459,,479,,569,439,479,479
Y,819,819,819,789,819,799,969,789,,819,,969,769,819,819
Y,439,439,439,469,439,479,469/479,469,489,439,439,469/479,429,439,439
Y,749,749,749,759,749,769,869/879,759,769,749,749,869/879,759,749,749
,,,,,,,,,,,,,,,
,,,,,,,,,,,,,,,
Y,629,629,629,619,629,629,629,619,639,629,629,629,599,629,629
Y,979,979,979,919,979,969,1029,919,979,979,979,1029,879,979,979
,,,,,,,,,,,,,,,
,,,,,,,,,,,,,,,
Y,539,539,539,539,539,549,579,539,549,539,539,579,499,539,539
,,,,,,,,,,,,,,,
Y,819,819,819,789,819,789,979,789,789,819,819,979,789,819,819
,,,,,,,,,,,,,,,
Y,199,199,199,179,199,189,199,179,189,199,199,199,169,199,199
,,,,,,,,,,,,,,,
,,,,,,,,,,,,,,,
Y,99/249,99/249,99/249,79/179,99/249,89/199,,79/179,,99/249,,199/259,,99/249,99/249
Y,639,639,639,639,639,659,699,639,,639,,699,,639,639
Y,969,969,969,969,969,959,1099,969,,969,,1099,,969,969
,,,,,,,,,,,,,,,
,,,,,,,,,,,,,,,
Y,269,269,269,259,269,269,249,259,,269,,249,,269,269
,,,,,,,,,,,,,,,
,,,,,,,,,,,,,,,
Y,500,500,500,500,500,500,490,500,,500,,490,,500,500
Y,319,319,319,319,319,319,319,319,,319,,319,,319,319
,,,,,,,,,,,,,,,
,,,,,,,,,,,,,,,
,,,,,,,,,,,,,,,
Y,689,689,689,649,689,689,739,649,,689,,739,,689,689
Y,999,999,999,989,999,999,1139,989,,999,,1139,,999,999
,,,,,,,,,,,,,,,
Y,639,639,639,639,639,659,699,639,,639,,699,,639,639
Y,969,969,969,969,969,959,1099,969,,969,,1099,,969,969
,,,,,,,,,,,,,,,
,,,,,,,,,,,,,,,
,,,,,,,,,,,,,,,
,,,,,,,,,,,,,,,
,,,,,,,,,,,,,,,
,,,,,,,,,,,,,,,
,,,,,,,,,,,,,,,
,,,,,,,,,,,,,,,
,,,,,,,,,,,,,,,
,,,,,,,,,,,,,,,
,,,,,,,,,,,,,,,
,,,,,,,,,,,,,,,
,,,,,,,,,,,,,,,
,,,,,,,,,,,,,,,
,,,,,,,,,,,,,,,
,,,,,,,,,,,,,,,
,,,,,,,,,,,,,,,
Y,215,215,215,215,215,215,199,215,215,215,215,199,184,215,215
Y,215,215,215,215,215,215,199,215,215,215,215,199,162,215,215
Y,215,215,215,215,215,215,199,215,215,215,215,199,162,215,215
Y,215,215,215,215,215,215,199,215,215,215,215,199,162,215,215
,,,,,,,,,,,,,,,
,,,,,,,,,,,,,,,
,,,,,,,,,,,,,,,
,,,,,,,,,,,,,,,
,,,,,,,,,,,,,,,
,,,,,,,,,,,,,,,
,,,,,,,,,,,,,,,
,,,,,,,,,,,,,,,
,,,,,,,,,,,,,,,
,,,,,,,,,,,,,,,
,,,,,,,,,,,,,,,
Y,749,749,749,719,749,729,719,719,,749,,719,719,749,749
,,,,,,,,,,,,,,,
Y,1229,1229,1229,1029,1229,1029,1299,1029,,1229,,1299,999,1229,1229
Y,300,300,300,250,300,250,350,250,,300,,350,250,300,300
,,,,,,,,,,,,,,,
,,,,,,,,,,,,,,,
,,,,,,,,,,,,,,,
,,,,,,,,,,,,,,,
Y,79,79,79,,79,,,,,79,79,,50,79,79
,,,,,,,,,,,,,,,
,,,,,,,,,,,,,,,
,,,,,,,,,,,,,,,
,,,,,,,,,,,,,,,
Y,,,,,,,,,,,,,1349,,
,,,,,,,,,,,,,,,
,,,,,,,,,,,,,,,
,,,,,,,,,,,,,,,
,,,,,,,,,,,,,,,
,,,,,,,,,,,,,,,
,,,,,,,,,,,,,,,
,,,,,,,,,,,,,,,
,,,,,,,,,,,,,,,
,,,,,,,,,,,,,,,
,,,,,,,,,,,,,,,
,,,,,,,,,,,,,,,
,,,,,,,,,,,,,,,
,,,,,,,,,,,,,,,
Y,,,,,,50,,,50,,,,50,,
,,,,,,,,,,,,,,,
,,,,,,,,,,,,,,,
Y,,,,,,,,,,,,,859,,
Y,,,,,,,,,,,,,989,,
Y,,,,,,,,,,,,,1549,,
Y,,,,,,,,,,,,,649,,
Y,,,,,,,,,,,,,1149,,
,,,,,,,,,,,,,,,
,,,,,,,,,,,,,,,
,,,,,,,,,,,,,,,
,,,,,,,,,,,,,,,
,,,,,,,,,,,,,,,
,,,,,,,,,,,,,,,
,,,,,,,,,,,,,,,
,,,,,,,,,,,,,,,
,,,,,,,,,,,,,,,
,,,,,,,,,,,,,,,
,,,,,,,,,,,,,,,
,,,,,,,,,,,,,,,
,,,,,,,,,,,,,,,
,,,,,,,,,,,,,,,
,,,,,,,,,,,,,,,
,,,,,,,,,,,,,,,
,,,,,,,,,,,,,,,
Y,60,60,60,60,60,60,40/60/80,60,60,60,60,40/60/80,30/50,60,60
,,,,,,,,,,,,,,,
,,,,,,,,,,,,,,,
Y,239,239,239,239,239,239,239,239,239,239,239,239,239,239,239
,,,,,,,,,,,,,,,
,,,,,,,,,,,,,,,
,,,,,,,,,,,,,,,
,,,,,,,,,,,,,,,
,,,,,,,,,,,,,,,
,,,,,,,,,,,,,,,
,,,,,,,,,,,,,,,
,,,,,,,,,,,,,,,
,,,,,,,,,,,,,,,
Y,75,75,75,50,75,30,99,50,30,75,75,99,50,75,75
Y,399,399,399,389,399,399,399,389,399,399,399,399,389,399,399
,,,,,,,,,,,,,,,
,,,,,,,,,,,,,,,
,,,,,,,,,,,,,,,
,,,,,,,,,,,,,,,
,,,,,,,,,,,,,,,
,,,,,,,,,,,,,,,
,,,,,,,,,,,,,,,
,,,,,,,,,,,,,,,
,,,,,,,,,,,,,,,
,,,,,,,,,,,,,,,
,,,,,,,,,,,,,,,
Y,129,129,129,99,129,99,149,99,99,129,129,149,99,129,129
,,,,,,,,,,,,,,,
,,,,,,,,,,,,,,,
,,,,,,,,,,,,,,,
,,,,,,,,,,,,,,,
,,,,,,,,,,,,,,,
,,,,,,,,,,,,,,,
,,,,,,,,,,,,,,,
,,,,,,,,,,,,,,,
,,,,,,,,,,,,,,,
Y,300,300,300,300,300,320,450,300,,300,,450,,300,300
,,,,,,,,,,,,,,,
Y,819,819,819,799,819,799,839,799,,819,,839,,819,819
,,,,,,,,,,,,,,,
Y,1349,1349,1349,1319,1349,1319,1439,1319,,1349,,1439,,1349,1349
,,,,,,,,,,,,,,,
,,,,,,,,,,,,,,,
,,,,,,,,,,,,,,,
,,,,,,,,,,,,,,,
,,,,,,,,,,,,,,,
,,,,,,,,,,,,,,,
,,,,,,,,,,,,,,,
,,,,,,,,,,,,,,,
,,,,,,,,,,,,,,,
,,,,,,,,,,,,,,,
,,,,,,,,,,,,,,,
,,,,,,,,,,,,,,,
Y,150,150,150,150,150,160,225,150,160,150,150,225,150,150,150
,,,,,,,,,,,,,,,
,,,,,,,,,,,,,,,
Y,150,150,150,150,150,160,225,150,,150,,225,,150,150
,,,,,,,,,,,,,,,
,,,,,,,,,,,,,,,
,,,,,,,,,,,,,,,
,,,,,,,,,,,,,,,
,,,,,,,,,,,,,,,
,,,,,,,,,,,,,,,
,,,,,,,,,,,,,,,
,,,,,,,,,,,,,,,
Y,299,299,299,299,299,299,299,299,299,299,299,299,299,299,299
,,,,,,,,,,,,,,,
,,,,,,,,,,,,,,,
,,,,,,,,,,,,,,,
,,,,,,,,,,,,,,,
,,,,,,,,,,,,,,,
,,,,,,,,,,,,,,,
,,,,,,,,,,,,,,,
Y,569,569,569,569,569,569,569,569,569,569,569,569,569,569,569
Y,,,,,,,,,,,,,569,,
,,,,,,,,,,,,,,,
Y,569,569,569,569,569,569,569,569,569,569,569,569,569,569,569
,,,,,,,,,,,,,,,
,,,,,,,,,,,,,,,
,,,,,,,,,,,,,,,
,,,,,,,,,,,,,,,
,,,,,,,,,,,,,,,
Y,529,529,529,529,529,529,529,529,529,529,529,529,529,529,529
Y,,,,,,,,,,,,,529,,
,,,,,,,,,,,,,,,
Y,529,529,529,529,529,529,529,529,529,529,529,529,529,529,529
,,,,,,,,,,,,,,,
Y,539,539,539,539,539,539,539,539,539,539,539,539,539,539,539
Y,,,,,,,,,,,,,539,,
Y,539,539,539,539,539,539,539,539,539,539,539,539,539,539,539
,,,,,,,,,,,,,,,
,,,,,,,,,,,,,,,
,,,,,,,,,,,,,,,
Y,489,489,489,489,489,489,489,489,489,489,489,489,489,489,489
Y,,,,,,,,,,,,,489,,
Y,489,489,489,489,489,489,489,489,489,489,489,489,489,489,489
Y,539,539,539,539,539,539,539,539,,539,,539,,539,539
,,,,,,,,,,,,,,,
Y,539,539,539,539,539,539,539,539,,539,,539,,539,539
,,,,,,,,,,,,,,,
Y,489,489,489,489,489,489,489,489,489,489,489,489,489,489,489
Y,,,,,,,,,,,,,489,,
,,,,,,,,,,,,,,,
Y,489,489,489,489,489,489,489,489,489,489,489,489,489,489,489
,,,,,,,,,,,,,,,
Y,499,499,499,499,499,499,499,499,499,499,499,499,499,499,499
Y,499,499,499,499,499,499,499,499,499,499,499,499,499,499,499
,,,,,,,,,,,,,,,
,,,,,,,,,,,,,,,
,,,,,,,,,,,,,,,
,,,,,,,,,,,,,,,
Y,489,489,489,489,489,489,489,489,489,489,489,489,489,489,489
Y,,,,,,,,,,,,,489,,
Y,489,489,489,489,489,489,489,489,489,489,489,489,489,489,489
,,,,,,,,,,,,,,,
,,,,,,,,,,,,,,,
,,,,,,,,,,,,,,,
,,,,,,,,,,,,,,,
,,,,,,,,,,,,,,,
,,,,,,,,,,,,,,,
,,,,,,,,,,,,,,,
,,,,,,,,,,,,,,,
,,,,,,,,,,,,,,,
,,,,,,,,,,,,,,,
,,,,,,,,,,,,,,,
,,,,,,,,,,,,,,,
,,,,,,,,,,,,,,,
,,,,,,,,,,,,,,,
,,,,,,,,,,,,,,,
,,,,,,,,,,,,,,,
,,,,,,,,,,,,,,,
,,,,,,,,,,,,,,,
Y,299,299,299,279,299,279,259,279,279,299,299,259,269,299,299
,,,,,,,,,,,,,,,
,,,,,,,,,,,,,,,
,,,,,,,,,,,,,,,
,,,,,,,,,,,,,,,
,,,,,,,,,,,,,,,
Y,119,119,119,99,119,99,99,99,109,119,119,99,99,119,119
,,,,,,,,,,,,,,,
,,,,,,,,,,,,,,,
,,,,,,,,,,,,,,,
,,,,,,,,,,,,,,,
,,,,,,,,,,,,,,,
,,,,,,,,,,,,,,,
,,,,,,,,,,,,,,,
,,,,,,,,,,,,,,,
,,,,,,,,,,,,,,,
,,,,,,,,,,,,,,,
,,,,,,,,,,,,,,,
,,,,,,,,,,,,,,,
,,,,,,,,,,,,,,,
,,,,,,,,,,,,,,,
,,,,,,,,,,,,,,,
,,,,,,,,,,,,,,,
,,,,,,,,,,,,,,,
,,,,,,,,,,,,,,,
,,,,,,,,,,,,,,,
,,,,,,,,,,,,,,,
,,,,,,,,,,,,,,,
,,,,,,,,,,,,,,,
,,,,,,,,,,,,,,,
,,,,,,,,,,,,,,,
,,,,,,,,,,,,,,,
,,,,,,,,,,,,,,,
,,,,,,,,,,,,,,,
,,,,,,,,,,,,,,,
,,,,,,,,,,,,,,,
,,,,,,,,,,,,,,,
,,,,,,,,,,,,,,,
,,,,,,,,,,,,,,,
,,,,,,,,,,,,,,,
,,,,,,,,,,,,,,,
,,,,,,,,,,,,,,,
,,,,,,,,,,,,,,,
Y,969,969,969,,969,,,,979,969,969,,929,969,969
Y,1419,1419,1419,,1419,,,,1439,1419,1419,,,1419,1419
,,,,,,,,,,,,,,,
,,,,,,,,,,,,,,,
,,,,,,,,,,,,,,,
,,,,,,,,,,,,,,,
,,,,,,,,,,,,,,,
,,,,,,,,,,,,,,,
Y,,,,,,,,,,,189,,169,,
Y,,,,,,,,,,,189,,169,,
Y,,,,50,,,50,50,,,,50,50,,
,,,,,,,,,,,,,,,
,,,,,,,,,,,,,,,
,,,,,,,,,,,,,,,
,,,,,,,,,,,,,,,
,,,,,,,,,,,,,,,
,,,,,,,,,,,,,,,
Y,,,,,,,249,,,,199,,,,
,,,,,,,,,,,,,,,
,,,,,,,,,,,,,,,
,,,,,,,,,,,,,,,
,,,,,,,,,,,,,,,
,,,,,,,,,,,,,,,
,,,,,,,,,,,,,,,
,,,,,,,,,,,,,,,
Y,499,499,499,499,499,489,549,499,489,499,499,549,479,499,499
Y,599,599,599,569,599,569,649,569,569,599,599,649,559,599,599
Y,939,939,939,899,939,889,1049,899,889,939,939,1049,879,939,939
Y,599,599,599,569,599,569,649,569,569,599,599,649,559,599,599
Y,939,939,939,899,939,889,1049,899,889,939,939,1049,879,939,939
,,,,,,,,,,,,,,,
Y,839,839,839,829,839,839,949,829,839,839,839,949,819,839,839
,,,,,,,,,,,,,,,
,,,,,,,,,,,,,,,
Y,60,60,60,60,60,60,60,60,60,60,60,60,60,60,60
,,,,,,,,,,,,,,,
,,,,,,,,,,,,,,,
,,,,,,,,,,,,,,,
,,,,,,,,,,,,,,,
,,,,,,,,,,,,,,,
,,,,,,,,,,,,,,,
,,,,,,,,,,,,,,,
,,,,,,,,,,,,,,,
,,,,,,,,,,,,,,,
,,,,,,,,,,,,,,,
,,,,,,,,,,,,,,,
,,,,,,,,,,,,,,,
,,,,,,,,,,,,,,,
,,,,,,,,,,,,,,,
,,,,,,,,,,,,,,,
,,,,,,,,,,,,,,,
,,,,,,,,,,,,,,,
,,,,,,,,,,,,,,,
,,,,,,,,,,,,,,,
,,,,,,,,,,,,,,,
,,,,,,,,,,,,,,,
,,,,,,,,,,,,,,,
,,,,,,,,,,,,,,,
,,,,,,,,,,,,,,,
,,,,,,,,,,,,,,,
Y,369,369,369,369,369,369,369,369,369,369,369,369,369,369,369
Y,500,500,500,500,500,500,500,500,500,500,500,500,500,500,500
,,,,,,,,,,,,,,,
,,,,,,,,,,,,,,,
,,,,,,,,,,,,,,,
,,,,,,,,,,,,,,,
,,,,,,,,,,,,,,,
,,,,,,,,,,,,,,,
Y,0,0,0,0,0,0,0,0,0,0,0,0,0,0,0
,,,,,,,,,,,,,,,
,,,,,,,,,,,,,,,
,,,,,,,,,,,,,,,
,,,,,,,,,,,,,,,
,,,,,,,,,,,,,,,
,,,,,,,,,,,,,,,
,,,,,,,,,,,,,,,
,,,,,,,,,,,,,,,
,,,,,,,,,,,,,,,
,,,,,,,,,,,,,,,
,,,,,,,,,,,,,,,
,,,,,,,,,,,,,,,
,,,,,,,,,,,,,,,
,,,,,,,,,,,,,,,
,,,,,,,,,,,,,,,
,,,,,,,,,,,,,,,
,,,,,,,,,,,,,,,
,,,,,,,,,,,,,,,
,,,,,,,,,,,,,,,
,,,,,,,,,,,,,,,
,,,,,,,,,,,,,,,
,,,,,,,,,,,,,,,
,,,,,,,,,,,,,,,
,,,,,,,,,,,,,,,
,,,,,,,,,,,,,,,
,,,,,,,,,,,,,,,
,,,,,,,,,,,,,,,
,,,,,,,,,,,,,,,
,,,,,,,,,,,,,,,
,,,,,,,,,,,,,,,
,,,,,,,,,,,,,,,
,,,,,,,,,,,,,,,
,,,,,,,,,,,,,,,
,,,,,,,,,,,,,,,
,,,,,,,,,,,,,,,
,,,,,,,,,,,,,,,
,,,,,,,,,,,,,,,
,,,,,,,,,,,,,,,
,,,,,,,,,,,,,,,
,,,,,,,,,,,,,,,
,,,,,,,,,,,,,,,
,,,,,,,,,,,,,,,
,,,,,,,,,,,,,,,
,,,,,,,,,,,,,,,
,,,,,,,,,,,,,,,
,,,,,,,,,,,,,,,
,,,,,,,,,,,,,,,
,,,,,,,,,,,,,,,
,,,,,,,,,,,,,,,
,,,,,,,,,,,,,,,
,,,,,,,,,,,,,,,
,,,,,,,,,,,,,,,
,,,,,,,,,,,,,,,
,,,,,,,,,,,,,,,
,,,,,,,,,,,,,,,
,,,,,,,,,,,,,,,
,,,,,,,,,,,,,,,
,,,,,,,,,,,,,,,
,,,,,,,,,,,,,,,
,,,,,,,,,,,,,,,
,,,,,,,,,,,,,,,
,,,,,,,,,,,,,,,
,,,,,,,,,,,,,,,
,,,,,,,,,,,,,,,
,,,,,,,,,,,,,,,
,,,,,,,,,,,,,,,
,,,,,,,,,,,,,,,
,,,,,,,,,,,,,,,
,,,,,,,,,,,,,,,
,,,,,,,,,,,,,,,
,,,,,,,,,,,,,,,
,,,,,,,,,,,,,,,
,,,,,,,,,,,,,,,
,,,,,,,,,,,,,,,
,,,,,,,,,,,,,,,
,,,,,,,,,,,,,,,
Y,191,191,191,191,191,191,179,191,191,191,191,179,166,191,191
Y,191,191,191,191,191,191,179,191,191,191,191,179,166,191,191
Y,191,191,191,191,191,191,179,191,191,191,191,179,166,191,191
Y,191,191,191,191,191,191,179,191,191,191,191,179,166,191,191
,,,,,,,,,,,,,,,
,,,,,,,,,,,,,,,
,,,,,,,,,,,,,,,
,,,,,,,,,,,,,,,
,,,,,,,,,,,,,,,
,,,,,,,,,,,,,,,
,,,,,,,,,,,,,,,
,,,,,,,,,,,,,,,
,,,,,,,,,,,,,,,
,,,,,,,,,,,,,,,
,,,,,,,,,,,,,,,
,,,,,,,,,,,,,,,
,,,,,,,,,,,,,,,
,,,,,,,,,,,,,,,
,,,,,,,,,,,,,,,
,,,,,,,,,,,,,,,
,,,,,,,,,,,,,,,
,,,,,,,,,,,,,,,
,,,,,,,,,,,,,,,
Y,50,50,50,50,50,35,70,50,,50,,70,50,50,50
,,,,,,,,,,,,,,,
,,,,,,,,,,,,,,,
,,,,,,,,,,,,,,,
,,,,,,,,,,,,,,,
,,,,,,,,,,,,,,,
,,,,,,,,,,,,,,,
,,,,,,,,,,,,,,,
,,,,,,,,,,,,,,,
Y,200,200,200,100,200,319,,100,319,200,200,,100,200,200
,,,,,,,,,,,,,,,
,,,,,,,,,,,,,,,
,,,,,,,,,,,,,,,
Y,249,249,249,219,249,209,,219,,249,,349,,249,249
,,,,,,,,,,,,,,,
,,,,,,,,,,,,,,,
Y,359,359,359,319,359,329,,319,,359,,429,,359,359
Y,399,399,399,299,399,329,359,299,329,399,,359,,399,399
Y,389,389,389,359,389,359,339,359,359,389,389,339,339,389,389
,,,,,,,,,,,,,,,
Y,419,419,419,419,419,419,419,419,419,419,419,419,419,419,419
Y,559,559,559,539,559,539,529,539,,559,,529,499,559,559
Y,449,449,449,419,449,429,,419,,449,,519,,449,449
,,,,,,,,,,,,,,,
Y,,,,429,,,,429,,,,,,,
Y,,,,469,,,,469,,,,,,,
,,,,,,,,,,,,,,,
,,,,,,,,,,,,,,,
,,,,,,,,,,,,,,,
,,,,,,,,,,,,,,,
,,,,,,,,,,,,,,,
,,,,,,,,,,,,,,,
,,,,,,,,,,,,,,,
Y,639,639,639,579,639,579,569,579,,639,,569,,639,639
Y,329,329,329,329,329,329,329,329,329,329,329,329,,329,329
Y,389,389,389,389,389,389,409,389,389,389,,409,,389,389
Y,389,389,389,359,389,359,339,359,359,389,389,339,339,389,389
,,,,,,,,,,,,,,,
Y,559,559,559,519,559,529,519,519,,559,,519,499,559,559
Y,619,619,619,569,619,609,,569,,619,,629,,619,619
,,,,,,,,,,,,,,,
Y,389,389,389,359,389,359,339,359,359,389,389,339,339,389,389
Y,419,419,419,419,419,419,419,419,419,419,419,419,,419,419
,,,,,,,,,,,,,,,
,,,,,,,,,,,,,,,
Y,389,389,389,359,389,359,339,359,359,389,389,339,339,389,389
Y,239,239,239,239,239,239,229,239,239,239,239,229,207,239,239
Y,389,389,389,389,389,389,409,389,389,389,389,409,,389,389
Y,509,509,509,469,509,479,,469,,509,,559,,509,509
,,,,,,,,,,,,,,,
,,,,,,,,,,,,,,,
Y,559,559,559,519,559,539,529,519,539,559,559,529,519,559,559
Y,389,389,389,359,389,359,339,359,,389,,339,339,389,389
Y,389,389,389,359,389,359,339,359,359,389,389,339,339,389,389
Y,389,389,389,359,389,359,339,359,359,389,389,339,339,389,389
Y,239,239,239,239,239,239,229,239,239,239,239,229,207,239,239
Y,489,489,489,479,489,489,,479,,489,,559,,489,489
,,,,,,,,,,,,,,,
Y,399,399,399,389,399,399,359,389,399,399,399,359,389,399,399
Y,449,449,449,429,449,449,399,429,449,449,,399,419,449,449
,,,,,,,,,,,,,,,
,,,,,,,,,,,,,,,
,,,,,,,,,,,,,,,
,,,,,,,,,,,,,,,
,,,,,,,,,,,,,,,
,,,,,,,,,,,,,,,
Y,449,449,449,419,449,429,,419,,449,,519,,449,449
,,,,,,,,,,,,,,,
,,,,,,,,,,,,,,,
Y,509,509,509,469,509,479,,469,,509,,559,,509,509
,,,,,,,,,,,,,,,
,,,,,,,,,,,,,,,
,,,,,,,,,,,,,,,
,,,,,,,,,,,,,,,
Y,559,559,559,539,559,539,529,539,,559,,529,499,559,559
Y,419,419,419,419,419,419,419,419,419,419,419,419,419,419,419
,,,,,,,,,,,,,,,
,,,,,,,,,,,,,,,
,,,,,,,,,,,,,,,
Y,529,529,529,479,529,499,,479,,529,,559,,529,529
Y,399,399,399,389,399,399,359,389,399,399,399,,389,399,399
Y,419,419,419,419,419,419,419,419,419,419,419,419,,419,419
Y,399,399,399,299,399,329,359,299,329,399,,359,,399,399
Y,239,239,239,239,239,239,229,239,239,239,239,229,207,239,239
Y,239,239,239,239,239,239,229,239,239,239,239,229,207,239,239
Y,169,169,169,169,169,169,169,169,169,169,169,169,169,169,169
Y,169,169,169,169,169,169,169,169,169,169,,169,169,169,169
,,,,,,,,,,,,,,,
Y,389,389,389,389,389,389,369,389,389,389,389,369,,389,389
Y,619,619,619,579,619,589,559,579,,619,,559,529,619,619
Y,449,449,449,429,449,449,399,429,449,449,449,399,419,449,449
Y,509,509,509,469,509,479,,469,,509,,559,,509,509
,,,,,,,,,,,,,,,
,,,,,,,,,,,,,,,
,,,,,,,,,,,,,,,
,,,,,,,,,,,,,,,
Y,619,619,619,,619,,,,,619,,,,619,619
Y,389,389,389,359,389,359,339,359,359,389,389,339,339,389,389
Y,419,419,419,419,419,419,419,419,419,419,419,419,,419,419
Y,559,559,559,539,559,539,529,539,,559,,529,499,559,559
Y,639,639,639,579,639,579,569,579,,639,,569,,639,639
Y,419,419,419,419,419,419,419,419,419,419,419,419,419,419,419
,,,,,,,,,,,,,,,
Y,559,559,559,519,559,529,499,519,,559,,499,499,559,559
Y,449,449,449,429,449,449,399,429,449,449,449,399,419,449,449
Y,639,639,639,579,639,579,569,579,,639,,569,,639,639
,,,,,,,,,,,,,,,
,,,,,,,,,,,,,,,
,,,,,,,,,,,,,,,
,,,,,,,,,,,,,,,
,,,,,,,,,,,,,,,
,,,,,,,,,,,,,,,
,,,,,,,,,,,,,,,
,,,,,,,,,,,,,,,
,,,,,,,,,,,,,,,
,,,,,,,,,,,,,,,
,,,,,,,,,,,,,,,
,,,,,,,,,,,,,,,
,,,,,,,,,,,,,,,
,,,,,,,,,,,,,,,
,,,,,,,,,,,,,,,
,,,,,,,,,,,,,,,
,,,,,,,,,,,,,,,
,,,,,,,,,,,,,,,
,,,,,,,,,,,,,,,
,,,,,,,,,,,,,,,
,,,,,,,,,,,,,,,
,,,,,,,,,,,,,,,
,,,,,,,,,,,,,,,
,,,,,,,,,,,,,,,
,,,,,,,,,,,,,,,
,,,,,,,,,,,,,,,
,,,,,,,,,,,,,,,
,,,,,,,,,,,,,,,
,,,,,,,,,,,,,,,
,,,,,,,,,,,,,,,
,,,,,,,,,,,,,,,
,,,,,,,,,,,,,,,
,,,,,,,,,,,,,,,
,,,,,,,,,,,,,,,
,,,,,,,,,,,,,,,
,,,,,,,,,,,,,,,
,,,,,,,,,,,,,,,
,,,,,,,,,,,,,,,
,,,,,,,,,,,,,,,
,,,,,,,,,,,,,,,
,,,,,,,,,,,,,,,
,,,,,,,,,,,,,,,
,,,,,,,,,,,,,,,
,,,,,,,,,,,,,,,
,,,,,,,,,,,,,,,
,,,,,,,,,,,,,,,
,,,,,,,,,,,,,,,
,,,,,,,,,,,,,,,
,,,,,,,,,,,,,,,
,,,,,,,,,,,,,,,
,,,,,,,,,,,,,,,
,,,,,,,,,,,,,,,
,,,,,,,,,,,,,,,
,,,,,,,,,,,,,,,
,,,,,,,,,,,,,,,
,,,,,,,,,,,,,,,
,,,,,,,,,,,,,,,
,,,,,,,,,,,,,,,
,,,,,,,,,,,,,,,
,,,,,,,,,,,,,,,
,,,,,,,,,,,,,,,
,,,,,,,,,,,,,,,
,,,,,,,,,,,,,,,
,,,,,,,,,,,,,,,
,,,,,,,,,,,,,,,
,,,,,,,,,,,,,,,
,,,,,,,,,,,,,,,
,,,,,,,,,,,,,,,
,,,,,,,,,,,,,,,
,,,,,,,,,,,,,,,
,,,,,,,,,,,,,,,
,,,,,,,,,,,,,,,
,,,,,,,,,,,,,,,
,,,,,,,,,,,,,,,
,,,,,,,,,,,,,,,
,,,,,,,,,,,,,,,
,,,,,,,,,,,,,,,
,,,,,,,,,,,,,,,
Y,75,75,75,50,75,49,50,50,49,75,75,50,50,75,75
Y,50,50,50,50,50,30,50,50,30,50,50,50,50,50,50
,,,,,,,,,,,,,,,
Y,60,60,60,60,60,60,,60,,60,,40,,60,60
,,,,,,,,,,,,,,,
,,,,,,,,,,,,,,,
,,,,,,,,,,,,,,,
,,,,,,,,,,,,,,,
,,,,,,,,,,,,,,,
,,,,,,,,,,,,,,,
,,,,,,,,,,,,,,,
,,,,,,,,,,,,,,,
,,,,,,,,,,,,,,,
Y,729,729,729,699,729,699,719,699,699,729,729,719,699,729,729
,,,,,,,,,,,,,,,
Y,1229,1229,1229,1099,1229,1099,1299,1099,1109,1229,1229,1299,1049,1229,1229
Y,819,819,819,799,819,799,839,799,799,819,819,839,809,819,819
Y,1349,1349,1349,1319,1349,1319,1439,1319,1319,1349,1349,1439,1299,1349,1349
Y,379,379,379,379,379,379,379,379,379,379,379,379,379,379,379
,,,,,,,,,,,,,,,
,,,,,,,,,,,,,,,
Y,500,500,500,500,500,500,500,500,500,500,500,500,500,500,500
,,,,,,,,,,,,,,,
,,,,,,,,,,,,,,,
,,,,,,,,,,,,,,,
,,,,,,,,,,,,,,,
Y,269,269,269,269,269,269,339,269,,269,,339,259,269,269
,,,,,,,,,,,,,,,
,,,,,,,,,,,,,,,
,,,,,,,,,,,,,,,
,,,,,,,,,,,,,,,
,,,,,,,,,,,,,,,
,,,,,,,,,,,,,,,
,,,,,,,,,,,,,,,
,,,,,,,,,,,,,,,
,,,,,,,,,,,,,,,
,,,,,,,,,,,,,,,
,,,,,,,,,,,,,,,
,,,,,,,,,,,,,,,
,,,,,,,,,,,,,,,
,,,,,,,,,,,,,,,
Y,629,629,629,629,629,629,629,629,,629,629,629,619,629,629
,,,,,,,,,,,,,,,
,,,,,,,,,,,,,,,
,,,,,,,,,,,,,,,
Y,1179,1179,1179,1129,1179,1129,1229,1129,,1179,1179,1229,1119,1179,1179
,,,,,,,,,,,,,,,
,,,,,,,,,,,,,,,
,,,,,,,,,,,,,,,
,,,,,,,,,,,,,,,
,,,,,,,,,,,,,,,
,,,,,,,,,,,,,,,
,,,,,,,,,,,,,,,
,,,,,,,,,,,,,,,
Y,150/250,150/250,150/250,125/220,150/250,130/250,200/350,125/220,130/250,150/250,150/250,200/350,125/220,150/250,150/250
Y,319,319,319,279,319,289,,279,,319,,369,,319,319
,,,,,,,,,,,,,,,
Y,369,369,369,279,369,299,299,279,299,369,,299,,369,369
Y,319,319,319,269,319,299,289,269,299,319,319,289,269,319,319
,,,,,,,,,,,,,,,
Y,369,369,369,369,369,369,369,369,369,369,369,369,369,369,369
Y,519,519,519,499,519,519,469,499,,519,,469,479,519,519
,,,,,,,,,,,,,,,
Y,399,399,399,369,399,379,,369,,399,,459,,399,399
,,,,,,,,,,,,,,,
Y,,,,399,,,,399,,,,,,,
Y,,,,419,,,,419,,,,,,,
,,,,,,,,,,,,,,,
,,,,,,,,,,,,,,,
,,,,,,,,,,,,,,,
,,,,,,,,,,,,,,,
,,,,,,,,,,,,,,,
,,,,,,,,,,,,,,,
,,,,,,,,,,,,,,,
,,,,,,,,,,,,,,,
Y,539,539,539,519,539,519,529,519,,539,,529,,539,539
Y,289,289,289,289,289,289,289,289,289,289,289,289,,289,289
Y,349,349,349,349,349,349,349,349,349,349,,349,,349,349
Y,319,319,319,269,319,299,289,269,299,319,319,289,269,319,319
,,,,,,,,,,,,,,,
Y,519,519,519,489,519,499,459,489,,519,,459,479,519,519
Y,579,579,579,549,579,579,,549,,579,,569,,579,579
,,,,,,,,,,,,,,,
Y,319,319,319,269,319,299,289,269,299,319,319,289,269,319,319
Y,369,369,369,369,369,369,369,369,369,369,369,369,,369,369
,,,,,,,,,,,,,,,
,,,,,,,,,,,,,,,
Y,319,319,319,269,319,299,289,269,299,319,319,289,269,319,319
Y,219,219,219,219,219,219,189,219,219,219,219,189,183,219,219
Y,349,349,349,349,349,349,349,349,349,349,349,349,,349,349
Y,459,459,459,419,459,429,,419,,459,,499,,459,459
,,,,,,,,,,,,,,,
,,,,,,,,,,,,,,,
Y,479,479,479,479,479,479,479,479,479,479,479,479,479,479,479
Y,319,319,319,269,319,299,289,269,,319,,289,269,319,319
Y,319,319,319,269,319,299,289,269,299,319,319,289,269,319,319
Y,319,319,319,269,319,299,289,269,299,319,319,289,269,319,319
Y,219,219,219,219,219,219,189,219,219,219,219,189,183,219,219
Y,449,449,449,439,449,449,,439,,449,,499,,449,449
,,,,,,,,,,,,,,,
Y,359,359,359,359,359,359,319,359,359,359,359,319,359,359,359
Y,399,399,399,399,399,409,359,399,409,399,,359,389,399,399
,,,,,,,,,,,,,,,
,,,,,,,,,,,,,,,
,,,,,,,,,,,,,,,
,,,,,,,,,,,,,,,
,,,,,,,,,,,,,,,
,,,,,,,,,,,,,,,
Y,399,399,399,369,399,379,,369,,399,,459,,399,399
,,,,,,,,,,,,,,,
,,,,,,,,,,,,,,,
Y,459,459,459,419,459,429,,419,,459,,499,,459,459
,,,,,,,,,,,,,,,
,,,,,,,,,,,,,,,
,,,,,,,,,,,,,,,
,,,,,,,,,,,,,,,
Y,519,519,519,499,519,519,469,499,,519,,469,479,519,519
Y,369,369,369,369,369,369,369,369,369,369,369,369,369,369,369
,,,,,,,,,,,,,,,
,,,,,,,,,,,,,,,
,,,,,,,,,,,,,,,
,,,,,,,,,,,,,,,
Y,479,479,479,439,479,459,,439,,479,,499,,479,479
,,,,,,,,,,,,,,,
,,,,,,,,,,,,,,,
Y,359,359,359,359,359,359,319,359,359,359,359,319,339,359,359
Y,369,369,369,369,369,369,369,369,369,369,369,369,,369,369
Y,369,369,369,279,369,299,299,279,299,369,,299,,369,369
Y,219,219,219,219,219,219,189,219,219,219,219,189,183,219,219
Y,219,219,219,219,219,219,189,219,219,219,219,189,183,219,219
Y,139,139,139,139,139,139,139,139,139,139,139,139,139,139,139
Y,139,139,139,139,139,139,139,139,139,139,,139,139,139,139
,,,,,,,,,,,,,,,
Y,349,349,349,349,349,349,329,349,349,349,349,329,,349,349
Y,579,579,579,549,579,559,499,549,,579,,499,509,579,579
Y,399,399,399,399,399,409,359,399,409,399,399,359,389,399,399
Y,459,459,459,419,459,429,,419,,459,,499,,459,459
,,,,,,,,,,,,,,,
,,,,,,,,,,,,,,,
,,,,,,,,,,,,,,,
Y,519,519,519,,519,,,,,519,,,,519,519
Y,319,319,319,269,319,299,289,269,299,319,319,289,269,319,319
Y,369,369,369,369,369,369,369,369,369,369,369,369,,369,369
Y,519,519,519,499,519,519,469,499,,519,,469,479,519,519
Y,539,539,539,519,539,519,529,519,,539,,529,,539,539
Y,369,369,369,369,369,369,369,369,369,369,369,369,369,369,369
,,,,,,,,,,,,,,,
Y,519,519,519,489,519,499,439,489,,519,,439,479,519,519
Y,399,399,399,399,399,409,359,399,409,399,399,359,389,399,399
Y,539,539,539,519,539,519,529,519,,539,,529,,539,539
,,,,,,,,,,,,,,,
,,,,,,,,,,,,,,,
,,,,,,,,,,,,,,,
,,,,,,,,,,,,,,,
,,,,,,,,,,,,,,,
,,,,,,,,,,,,,,,
,,,,,,,,,,,,,,,
,,,,,,,,,,,,,,,
,,,,,,,,,,,,,,,
,,,,,,,,,,,,,,,
,,,,,,,,,,,,,,,
,,,,,,,,,,,,,,,
,,,,,,,,,,,,,,,
,,,,,,,,,,,,,,,
,,,,,,,,,,,,,,,
,,,,,,,,,,,,,,,
,,,,,,,,,,,,,,,
,,,,,,,,,,,,,,,
,,,,,,,,,,,,,,,
,,,,,,,,,,,,,,,
Y,175,175,175,175,175,175,159,175,175,175,175,159,146,175,175
Y,175,175,175,175,175,175,159,175,175,175,175,159,146,175,175
Y,175,175,175,175,175,175,159,175,175,175,175,159,146,175,175
Y,175,175,175,175,175,175,159,175,175,175,175,159,146,175,175
,,,,,,,,,,,,,,,
,,,,,,,,,,,,,,,
,,,,,,,,,,,,,,,
,,,,,,,,,,,,,,,
,,,,,,,,,,,,,,,
,,,,,,,,,,,,,,,
,,,,,,,,,,,,,,,
Y,719,719,719,719,719,719,749,719,,719,,749,699,719,719
Y,1039,1039,1039,989,1039,999,1149,989,,1039,,1149,989,1039,1039
Y,689,689,689,689,689,689,689,689,699,689,689,689,669,689,689
Y,949,949,949,919,949,909,1089,919,919,949,949,1089,919,949,949
,,,,,,,,,,,,,,,
,,,,,,,,,,,,,,,
,,,,,,,,,,,,,,,
,,,,,,,,,,,,,,,
Y,0,,0,0,0,0,0,0,0,0,0,0,0,0,0
,,,,,,,,,,,,,,,
,,,,,,,,,,,,,,,
,,,,,,,,,,,,,,,
,,,,,,,,,,,,,,,
,,,,,,,,,,,,,,,
,,,,,,,,,,,,,,,
,,,,,,,,,,,,,,,
,,,,,,,,,,,,,,,
,,,,,,,,,,,,,,,
,,,,,,,,,,,,,,,
,,,,,,,,,,,,,,,
,,,,,,,,,,,,,,,
,,,,,,,,,,,,,,,
,,,,,,,,,,,,,,,
,,,,,,,,,,,,,,,
,,,,,,,,,,,,,,,
,,,,,,,,,,,,,,,
,,,,,,,,,,,,,,,
,,,,,,,,,,,,,,,
,,,,,,,,,,,,,,,
Y,299,299,299,299,299,299,299,299,299,299,299,299,299,299,299
,,,,,,,,,,,,,,,
Y,,,,,,,,,,,,,100,,
,,,,,,,,,,,,,,,
,,,,,,,,,,,,,,,
,,,,,,,,,,,,,,,
,,,,,,,,,,,,,,,
,,,,,,,,,,,,,,,
,,,,,,,,,,,,,,,
,,,,,,,,,,,,,,,
,,,,,,,,,,,,,,,
,,,,,,,,,,,,,,,
,,,,,,,,,,,,,,,
,,,,,,,,,,,,,,,
,,,,,,,,,,,,,,,
,,,,,,,,,,,,,,,
,,,,,,,,,,,,,,,
,,,,,,,,,,,,,,,
,,,,,,,,,,,,,,,
,,,,,,,,,,,,,,,
,,,,,,,,,,,,,,,
,,,,,,,,,,,,,,,
,,,,,,,,,,,,,,,
,,,,,,,,,,,,,,,
,,,,,,,,,,,,,,,
,,,,,,,,,,,,,,,
,,,,,,,,,,,,,,,
Y,50,50,50,50,50,30,50,50,30,50,50,50,50,50,50
,,,,,,,,,,,,,,,
,,,,,,,,,,,,,,,
,,,,,,,,,,,,,,,
,,,,,,,,,,,,,,,
,,,,,,,,,,,,,,,
,,,,,,,,,,,,,,,
,,,,,,,,,,,,,,,
,,,,,,,,,,,,,,,
,,,,,,,,,,,,,,,
,,,,,,,,,,,,,,,
,,,,,,,,,,,,,,,
,,,,,,,,,,,,,,,
,,,,,,,,,,,,,,,
,,,,,,,,,,,,,,,
,,,,,,,,,,,,,,,
,,,,,,,,,,,,,,,
,,,,,,,,,,,,,,,
,,,,,,,,,,,,,,,
,,,,,,,,,,,,,,,
,,,,,,,,,,,,,,,
,,,,,,,,,,,,,,,
,,,,,,,,,,,,,,,
,,,,,,,,,,,,,,,
,,,,,,,,,,,,,,,
,,,,,,,,,,,,,,,
Y,79,79,79,50,79,79,129,50,79,79,79,129,50,79,79
,,,,,,,,,,,,,,,
,,,,,,,,,,,,,,,
,,,,,,,,,,,,,,,
,,,,,,,,,,,,,,,
,,,,,,,,,,,,,,,
,,,,,,,,,,,,,,,
,,,,,,,,,,,,,,,
,,,,,,,,,,,,,,,
,,,,,,,,,,,,,,,
,,,,,,,,,,,,,,,
,,,,,,,,,,,,,,,
,,,,,,,,,,,,,,,
,,,,,,,,,,,,,,,
,,,,,,,,,,,,,,,
,,,,,,,,,,,,,,,
,,,,,,,,,,,,,,,
,,,,,,,,,,,,,,,
,,,,,,,,,,,,,,,
,,,,,,,,,,,,,,,
,,,,,,,,,,,,,,,
,,,,,,,,,,,,,,,
,,,,,,,,,,,,,,,
,,,,,,,,,,,,,,,
,,,,,,,,,,,,,,,
,,,,,,,,,,,,,,,
,,,,,,,,,,,,,,,
,,,,,,,,,,,,,,,
Y,0,0,0,50,0,0,0,50,0,0,0,0,50,0,0
,,,,,,,,,,,,,,,
Y,0,0,0,0,0,0,0,0,0,0,0,0,0,0,0
,,,,,,,,,,,,,,,
Y,219,219,219,179,219,189,199,179,199,219,219,199,179,219,219
Y,999,999,999,919,999,899,899,919,919,999,999,899,899,999,999
Y,519,519,519,479,519,489,499,479,,519,519,499,479,519,519
,,,,,,,,,,,,,,,
,,,,,,,,,,,,,,,
,,,,,,,,,,,,,,,
,,,,,,,,,,,,,,,
,,,,,,,,,,,,,,,
,,,,,,,,,,,,,,,
,,,,,,,,,,,,,,,
,,,,,,,,,,,,,,,
,,,,,,,,,,,,,,,
,,,,,,,,,,,,,,,
,,,,,,,,,,,,,,,
,,,,,,,,,,,,,,,
,,,,,,,,,,,,,,,
,,,,,,,,,,,,,,,
,,,,,,,,,,,,,,,
Y,639,639,639,639,639,659,699,639,,639,,699,,639,639
Y,969,969,969,969,969,959,1099,969,,969,,1099,,969,969
,,,,,,,,,,,,,,,
,,,,,,,,,,,,,,,
Y,269,269,269,259,269,269,249,259,,269,,249,,269,269
,,,,,,,,,,,,,,,
,,,,,,,,,,,,,,,
,,,,,,,,,,,,,,,
Y,500,500,500,500,500,500,490,500,,500,,490,,500,500
Y,319,319,319,319,319,319,319,319,,319,,319,,319,319
,,,,,,,,,,,,,,,
,,,,,,,,,,,,,,,
,,,,,,,,,,,,,,,
,,,,,,,,,,,,,,,
,,,,,,,,,,,,,,,
,,,,,,,,,,,,,,,
,,,,,,,,,,,,,,,
Y,689,689,689,649,689,689,739,649,,689,,739,,689,689
Y,999,999,999,989,999,999,1139,989,,999,,1139,,999,999
Y,639,639,639,639,639,659,699,639,,639,,699,,639,639
Y,969,969,969,969,969,959,1099,969,,969,,1099,,969,969
,,,,,,,,,,,,,,,
,,,,,,,,,,,,,,,
,,,,,,,,,,,,,,,
,,,,,,,,,,,,,,,
Y,639,639,639,639,639,649,629,639,649,639,639,629,639,639,639
,,,,,,,,,,,,,,,
,,,,,,,,,,,,,,,
,,,,,,,,,,,,,,,
,,,,,,,,,,,,,,,
,,,,,,,,,,,,,,,
,,,,,,,,,,,,,,,
,,,,,,,,,,,,,,,
,,,,,,,,,,,,,,,
Y,1200,1200,1200,1659,1200,1659,1200,1659,,1200,1200,1200,1659,1200,1200
,,,,,,,,,,,,,,,
Y,1200,1200,1200,1659,1200,1659,1200,1659,,1200,,1200,1659,1200,1200
,,,,,,,,,,,,,,,
,,,,,,,,,,,,,,,
,,,,,,,,,,,,,,,
,,,,,,,,,,,,,,,
,,,,,,,,,,,,,,,
,,,,,,,,,,,,,,,
,,,,,,,,,,,,,,,
,,,,,,,,,,,,,,,
,,,,,,,,,,,,,,,
Y,969,969,969,939,969,939,969,939,939,969,969,969,919,969,969
Y,1539,1539,1539,1539,1539,1529,1569,1539,1529,1539,1539,1569,1499,1539,1539
,,,,,,,,,,,,,,,
,,,,,,,,,,,,,,,
,,,,,,,,,,,,,,,
,,,,,,,,,,,,,,,
,,,,,,,,,,,,,,,
Y,859,859,859,849,859,849,879,849,849,859,859,879,819,859,859
Y,1459,1459,1459,1449,1459,1429,1479,1449,1429,1459,1459,1479,1399,1459,1459
Y,799,799,799,789,799,789,819,789,789,799,799,819,769,799,799
Y,1369,1369,1369,1389,1369,1409,1419,1389,1409,1369,1369,1419,1359,1369,1369
Y,169,169,169,169,169,169,169,169,169,169,169,169,169,169,169
,,,,,,,,,,,,,,,
,,,,,,,,,,,,,,,
Y,529,529,529,529,529,529,529,529,529,529,529,529,529,529,529
Y,50,50,50,50,50,50,50,50,50,50,50,50,50,50,50
,,,,,,,,,,,,,,,
Y,389,389,389,389,389,389,389,389,389,389,389,389,389,389,389
Y,389,389,389,389,389,389,389,389,,389,,389,,389,389
,,,,,,,,,,,,,,,
,,,,,,,,,,,,,,,
,,,,,,,,,,,,,,,
,,,,,,,,,,,,,,,
,,,,,,,,,,,,,,,
Y,500,500,500,500,500,500,500,500,500,500,500,500,500,500,500
Y,500,500,500,500,500,500,500,500,,500,,500,,500,500
,,,,,,,,,,,,,,,
,,,,,,,,,,,,,,,
,,,,,,,,,,,,,,,
,,,,,,,,,,,,,,,
,,,,,,,,,,,,,,,
,,,,,,,,,,,,,,,
,,,,,,,,,,,,,,,
,,,,,,,,,,,,,,,
,,,,,,,,,,,,,,,
,,,,,,,,,,,,,,,
,,,,,,,,,,,,,,,
Y,,,,,,,,,,,,,789,,
,,,,,,,,,,,,,,,
Y,80,80,80,80,80,80,129,80,,80,,129,,80,80
,,,,,,,,,,,,,,,
,,,,,,,,,,,,,,,
Y,639,639,639,,639,,,,,639,639,,609,639,639
,,,,,,,,,,,,,,,
Y,80,80,80,80,,80,129,80,,80,,129,,,
,,,,,,,,,,,,,,,
Y,579,579,579,529,579,549,549,529,559,579,579,549,529,579,579
,,,,,,,,,,,,,,,
,,,,,,,,,,,,,,,
Y,579,579,579,529,579,549,549,529,,579,,549,,579,579
Y,579,579,579,529,579,549,549,529,559,579,579,549,529,579,579
,,,,,,,,,,,,,,,
,,,,,,,,,,,,,,,
,,,,,,,,,,,,,,,
,,,,,,,,,,,,,,,
,,,,,,,,,,,,,,,
,,,,,,,,,,,,,,,
,,,,,,,,,,,,,,,
,,,,,,,,,,,,,,,
,,,,,,,,,,,,,,,
,,,,,,,,,,,,,,,
Y,159,159,159,130,159,130,150,130,130,159,159,150,130,159,159
,,,,,,,,,,,,,,,
,,,,,,,,,,,,,,,
,,,,,,,,,,,,,,,
,,,,,,,,,,,,,,,
,,,,,,,,,,,,,,,
,,,,,,,,,,,,,,,
,,,,,,,,,,,,,,,
,,,,,,,,,,,,,,,
,,,,,,,,,,,,,,,
,,,,,,,,,,,,,,,
,,,,,,,,,,,,,,,
,,,,,,,,,,,,,,,
,,,,,,,,,,,,,,,
,,,,,,,,,,,,,,,
,,,,,,,,,,,,,,,
,,,,,,,,,,,,,,,
,,,,,,,,,,,,,,,
,,,,,,,,,,,,,,,
,,,,,,,,,,,,,,,
,,,,,,,,,,,,,,,
,,,,,,,,,,,,,,,
,,,,,,,,,,,,,,,
,,,,,,,,,,,,,,,
,,,,,,,,,,,,,,,
,,,,,,,,,,,,,,,
,,,,,,,,,,,,,,,
,,,,,,,,,,,,,,,
,,,,,,,,,,,,,,,
,,,,,,,,,,,,,,,
,,,,,,,,,,,,,,,
,,,,,,,,,,,,,,,
,,,,,,,,,,,,,,,
,,,,,,,,,,,,,,,
,,,,,,,,,,,,,,,
,,,,,,,,,,,,,,,
,,,,,,,,,,,,,,,
,,,,,,,,,,,,,,,
,,,,,,,,,,,,,,,
,,,,,,,,,,,,,,,
,,,,,,,,,,,,,,,
,,,,,,,,,,,,,,,
,,,,,,,,,,,,,,,
,,,,,,,,,,,,,,,
,,,,,,,,,,,,,,,
,,,,,,,,,,,,,,,
,,,,,,,,,,,,,,,
,,,,,,,,,,,,,,,
,,,,,,,,,,,,,,,
,,,,,,,,,,,,,,,
,,,,,,,,,,,,,,,
,,,,,,,,,,,,,,,
,,,,,,,,,,,,,,,
,,,,,,,,,,,,,,,
,,,,,,,,,,,,,,,
,,,,,,,,,,,,,,,
,,,,,,,,,,,,,,,
,,,,,,,,,,,,,,,
,,,,,,,,,,,,,,,
,,,,,,,,,,,,,,,
,,,,,,,,,,,,,,,
,,,,,,,,,,,,,,,
,,,,,,,,,,,,,,,
,,,,,,,,,,,,,,,
,,,,,,,,,,,,,,,
,,,,,,,,,,,,,,,
,,,,,,,,,,,,,,,
,,,,,,,,,,,,,,,
,,,,,,,,,,,,,,,
,,,,,,,,,,,,,,,
,,,,,,,,,,,,,,,
,,,,,,,,,,,,,,,
,,,,,,,,,,,,,,,
,,,,,,,,,,,,,,,
,,,,,,,,,,,,,,,
,,,,,,,,,,,,,,,
,,,,,,,,,,,,,,,
,,,,,,,,,,,,,,,
,,,,,,,,,,,,,,,
,,,,,,,,,,,,,,,
,,,,,,,,,,,,,,,
,,,,,,,,,,,,,,,
,,,,,,,,,,,,,,,
Y,0,0,0,0,0,0,0,0,,0,,0,0,0,0
,,,,,,,,,,,,,,,
Y,0,0,0,0,0,0,0,0,0,0,0,0,0,0,0
,,,,,,,,,,,,,,,
,,,,,,,,,,,,,,,
,,,,,,,,,,,,,,,
,,,,,,,,,,,,,,,
,,,,,,,,,,,,,,,
,,,,,,,,,,,,,,,
,,,,,,,,,,,,,,,
Y,60,60,60,60,60,60,40,60,50,60,60,40,50,60,60
,,,,,,,,,,,,,,,
,,,,,,,,,,,,,,,
,,,,,,,,,,,,,,,
,,,,,,,,,,,,,,,
,,,,,,,,,,,,,,,
,,,,,,,,,,,,,,,
,,,,,,,,,,,,,,,
,,,,,,,,,,,,,,,
,,,,,,,,,,,,,,,
Y,539,539,539,539,539,549,579,539,549,539,539,579,519,539,539
Y,819,819,819,789,819,789,979,789,789,819,819,979,789,819,819
,,,,,,,,,,,,,,,
,,,,,,,,,,,,,,,
,,,,,,,,,,,,,,,
,,,,,,,,,,,,,,,
,,,,,,,,,,,,,,,
Y,459,459,459,419,459,429,469,419,,459,,469,419,459,459
Y,500,500,500,500,500,500,500,500,,500,,500,500,500,500
Y,299,299,299,299,299,299,329,299,299,299,299,329,299,299,299
,,,,,,,,,,,,,,,
,,,,,,,,,,,,,,,
,,,,,,,,,,,,,,,
Y,500,500,500,500,500,500,500,500,500,500,500,500,500,500,500
Y,159,159,159,119,159,139,199,119,139,159,159,199,119,159,159
Y,649,649,649,629,649,639,699,629,639,649,649,699,629,649,649
Y,999,999,999,979,999,989,1099,979,989,999,999,1099,979,999,999
,,,,,,,,,,,,,,,
,,,,,,,,,,,,,,,
,,,,,,,,,,,,,,,
Y,579,579,579,559,579,569,599,559,,579,,599,559,579,579
Y,929,929,929,879,929,899,999,879,,929,,999,869,929,929
,,,,,,,,,,,,,,,
,,,,,,,,,,,,,,,
,,,,,,,,,,,,,,,
,,,,,,,,,,,,,,,
,,,,,,,,,,,,,,,
,,,,,,,,,,,,,,,
,,,,,,,,,,,,,,,
,,,,,,,,,,,,,,,
,,,,,,,,,,,,,,,
,,,,,,,,,,,,,,,
,,,,,,,,,,,,,,,
,,,,,,,,,,,,,,,
,,,,,,,,,,,,,,,
,,,,,,,,,,,,,,,
,,,,,,,,,,,,,,,
,,,,,,,,,,,,,,,
,,,,,,,,,,,,,,,
,,,,,,,,,,,,,,,
,,,,,,,,,,,,,,,
,,,,,,,,,,,,,,,
,,,,,,,,,,,,,,,
,,,,,,,,,,,,,,,
,,,,,,,,,,,,,,,
,,,,,,,,,,,,,,,
,,,,,,,,,,,,,,,
,,,,,,,,,,,,,,,
Y,639,639,639,639,639,659,699,639,,639,,699,,639,639
Y,969,969,969,969,969,959,1099,969,,969,,1099,,969,969
Y,269,269,269,259,269,269,249,259,,269,,249,,269,269
,,,,,,,,,,,,,,,
Y,500,500,500,500,500,500,490,500,,500,,490,,500,500
,,,,,,,,,,,,,,,
,,,,,,,,,,,,,,,
,,,,,,,,,,,,,,,
Y,319,319,319,319,319,319,319,319,,319,,319,,319,319
,,,,,,,,,,,,,,,
,,,,,,,,,,,,,,,
,,,,,,,,,,,,,,,
,,,,,,,,,,,,,,,
,,,,,,,,,,,,,,,
,,,,,,,,,,,,,,,
Y,689,689,689,649,689,689,739,649,,689,,739,,689,689
Y,999,999,999,989,999,999,1139,989,,999,,1139,,999,999
Y,639,639,639,639,639,659,699,639,,639,,699,,639,639
Y,969,969,969,969,969,959,1099,969,,969,,1099,,969,969
,,,,,,,,,,,,,,,
,,,,,,,,,,,,,,,
,,,,,,,,,,,,,,,
,,,,,,,,,,,,,,,
,,,,,,,,,,,,,,,
,,,,,,,,,,,,,,,
,,,,,,,,,,,,,,,
,,,,,,,,,,,,,,,
Y,75,75,75,50,75,49,129,50,49,75,75,129,50,75,75
Y,100,100,100,50,100,50,70,50,50,100,100,70,50,100,100
,,,,,,,,,,,,,,,
,,,,,,,,,,,,,,,
,,,,,,,,,,,,,,,
,,,,,,,,,,,,,,,
,,,,,,,,,,,,,,,
,,,,,,,,,,,,,,,
,,,,,,,,,,,,,,,
,,,,,,,,,,,,,,,
Y,79,79,79,50,79,79,129,50,,79,,129,,79,79
,,,,,,,,,,,,,,,
,,,,,,,,,,,,,,,
,,,,,,,,,,,,,,,
,,,,,,,,,,,,,,,
,,,,,,,,,,,,,,,
,,,,,,,,,,,,,,,
,,,,,,,,,,,,,,,
,,,,,,,,,,,,,,,
,,,,,,,,,,,,,,,
,,,,,,,,,,,,,,,
,,,,,,,,,,,,,,,
,,,,,,,,,,,,,,,
,,,,,,,,,,,,,,,
,,,,,,,,,,,,,,,
,,,,,,,,,,,,,,,
,,,,,,,,,,,,,,,
Y,289,289,289,289,289,289,289,289,289,289,289,289,289,289,289
,,,,,,,,,,,,,,,
Y,399,399,399,399,399,399,,399,,399,,449,,399,399
,,,,,,,,,,,,,,,
,,,,,,,,,,,,,,,
,,,,,,,,,,,,,,,
,,,,,,,,,,,,,,,
,,,,,,,,,,,,,,,
,,,,,,,,,,,,,,,
,,,,,,,,,,,,,,,
Y,152,152,152,144,152,144,159,144,144,152,152,159,128,152,152
Y,152,152,152,144,152,144,159,144,144,152,152,159,128,152,152
Y,152,152,152,144,152,144,159,144,144,152,152,159,128,152,152
Y,152,152,152,144,152,144,159,144,144,152,152,159,128,152,152
,,,,,,,,,,,,,,,
,,,,,,,,,,,,,,,
,,,,,,,,,,,,,,,
,,,,,,,,,,,,,,,
Y,79,79,79,50,79,79,129,50,79,79,79,129,50,79,79
,,,,,,,,,,,,,,,
Y,269,269,269,249,269,259,,249,,269,,319,,269,269
Y,349,349,349,239,349,269,269,239,269,349,,269,,349,349
Y,249,249,249,219,249,229,229,219,229,249,249,229,219,249,249
,,,,,,,,,,,,,,,
Y,329,329,329,329,329,329,329,329,329,329,329,329,329,329,329
Y,439,439,439,419,439,409,389,419,,439,,389,439,439,439
,,,,,,,,,,,,,,,
Y,349,349,349,319,349,329,,319,,349,,389,,349,349
,,,,,,,,,,,,,,,
Y,,,,359,,,,359,,,,,,,
Y,,,,369,,,,369,,,,,,,
,,,,,,,,,,,,,,,
,,,,,,,,,,,,,,,
,,,,,,,,,,,,,,,
,,,,,,,,,,,,,,,
,,,,,,,,,,,,,,,
,,,,,,,,,,,,,,,
,,,,,,,,,,,,,,,
Y,499,499,499,489,499,489,459,489,,499,,459,,499,499
Y,249,249,249,249,249,249,249,249,249,249,249,249,,249,249
Y,309,309,309,309,309,309,289,309,309,309,,289,,309,309
Y,249,249,249,219,249,229,229,219,229,249,249,229,219,249,249
,,,,,,,,,,,,,,,
Y,439,439,439,399,439,409,389,399,,439,,389,399,439,439
Y,499,499,499,469,499,499,,469,,499,,499,,499,499
,,,,,,,,,,,,,,,
,,,,,,,,,,,,,,,
Y,249,249,249,219,249,229,229,219,229,249,249,229,219,249,249
Y,329,329,329,329,329,329,329,329,329,329,329,329,,329,329
,,,,,,,,,,,,,,,
,,,,,,,,,,,,,,,
Y,249,249,249,219,249,229,229,219,229,249,249,229,219,249,249
Y,190,190,190,180,190,180,169,180,180,190,190,169,163,190,190
Y,309,309,309,309,309,309,289,309,309,309,309,289,,309,309
Y,409,409,409,369,409,379,,369,,409,,429,,409,409
,,,,,,,,,,,,,,,
,,,,,,,,,,,,,,,
Y,249,249,249,219,249,229,229,219,,249,,229,219,249,249
,,,,,,,,,,,,,,,
Y,249,249,249,219,249,229,229,219,229,249,249,229,219,249,249
Y,249,249,249,219,249,229,229,219,229,249,249,229,219,249,249
Y,190,190,190,180,190,180,169,180,180,190,190,169,163,190,190
,,,,,,,,,,,,,,,
Y,319,319,319,319,319,319,279,319,319,319,319,279,319,319,319
Y,359,359,359,359,359,369,319,359,369,359,,319,349,359,359
,,,,,,,,,,,,,,,
,,,,,,,,,,,,,,,
,,,,,,,,,,,,,,,
,,,,,,,,,,,,,,,
,,,,,,,,,,,,,,,
,,,,,,,,,,,,,,,
Y,349,349,349,319,349,329,,319,,349,,389,,349,349
,,,,,,,,,,,,,,,
,,,,,,,,,,,,,,,
Y,409,409,409,369,409,379,,369,,409,,429,,409,409
,,,,,,,,,,,,,,,
,,,,,,,,,,,,,,,
,,,,,,,,,,,,,,,
,,,,,,,,,,,,,,,
Y,439,439,439,419,439,409,389,419,,439,,389,439,439,439
Y,329,329,329,329,329,329,329,329,329,329,329,329,329,329,329
,,,,,,,,,,,,,,,
,,,,,,,,,,,,,,,
,,,,,,,,,,,,,,,
,,,,,,,,,,,,,,,
Y,409,409,409,399,409,419,,399,,409,,449,,409,409
,,,,,,,,,,,,,,,
,,,,,,,,,,,,,,,
Y,319,319,319,319,319,319,279,319,319,319,319,279,319,319,319
Y,329,329,329,329,329,329,329,329,329,329,329,329,,329,329
Y,349,349,349,239,349,269,269,239,269,349,,269,,349,349
Y,190,190,190,180,190,180,169,180,180,190,190,169,163,190,190
Y,190,190,190,180,190,180,169,180,180,190,190,169,163,190,190
Y,100,100,100,100,100,100,100,100,100,100,100,100,100,100,100
Y,100,100,100,100,100,100,100,100,100,100,,100,100,100,100
,,,,,,,,,,,,,,,
,,,,,,,,,,,,,,,
Y,309,309,309,309,309,309,289,309,309,309,309,289,,309,309
Y,499,499,499,459,499,469,429,459,,499,,429,429,499,499
Y,359,359,359,359,359,369,319,359,369,359,359,319,349,359,359
Y,409,409,409,369,409,379,,369,,409,,429,,409,409
,,,,,,,,,,,,,,,
,,,,,,,,,,,,,,,
,,,,,,,,,,,,,,,
Y,489,489,489,,489,,,,,489,,,,489,489
Y,249,249,249,219,249,229,229,219,229,249,249,229,219,249,249
Y,329,329,329,329,329,329,329,329,329,329,329,329,,329,329
Y,439,439,439,419,439,409,389,419,,439,,389,439,439,439
Y,499,499,499,489,499,489,459,489,,499,,459,,499,499
Y,329,329,329,329,329,329,329,329,329,329,329,329,329,329,329
,,,,,,,,,,,,,,,
Y,499,499,499,469,499,499,,469,,499,,499,,499,499
Y,439,439,439,399,439,409,379,399,,439,,379,399,439,439
Y,359,359,359,359,359,369,319,359,369,359,359,319,349,359,359
Y,499,499,499,489,499,489,459,489,,499,,459,,499,499
,,,,,,,,,,,,,,,
,,,,,,,,,,,,,,,
,,,,,,,,,,,,,,,
,,,,,,,,,,,,,,,
,,,,,,,,,,,,,,,
Y,539,539,539,,539,,,,,539,539,,489,539,539
,,,,,,,,,,,,,,,
,,,,,,,,,,,,,,,
Y,479,479,479,449,479,449,449,449,459,479,479,449,429,479,479
,,,,,,,,,,,,,,,
,,,,,,,,,,,,,,,
Y,369,369,369,349,369,379,,349,,369,,,,369,369
Y,369,369,369,,369,,,,,369,,,,369,369
Y,369,369,369,349,369,379,,349,,369,,,,369,369
Y,369,369,369,349,369,379,,349,,369,,,,369,369
Y,479,479,479,449,479,449,449,449,,479,,449,,479,479
Y,479,479,479,449,479,449,449,449,459,479,479,449,429,479,479
,,,,,,,,,,,,,,,
,,,,,,,,,,,,,,,
,,,,,,,,,,,,,,,
,,,,,,,,,,,,,,,
,,,,,,,,,,,,,,,
,,,,,,,,,,,,,,,
,,,,,,,,,,,,,,,
,,,,,,,,,,,,,,,
,,,,,,,,,,,,,,,
,,,,,,,,,,,,,,,
,,,,,,,,,,,,,,,
,,,,,,,,,,,,,,,
,,,,,,,,,,,,,,,
Y,1559,1559,1559,1539,1559,1539,1599,1539,,1559,,1599,,1559,1559
Y,1009,1009,1009,959,1009,969,999,959,,1009,,999,,1009,1009
Y,1009,1009,1009,959,1009,969,999,959,969,1009,1009,999,959,1009,1009
Y,1559,1559,1559,1539,1559,1539,1599,1539,1539,1559,1559,1599,1539,1559,1559
Y,389,389,389,389,389,389,389,389,389,389,389,389,389,389,389
Y,389,389,389,389,389,389,389,389,,389,,389,,389,389
,,,,,,,,,,,,,,,
,,,,,,,,,,,,,,,
,,,,,,,,,,,,,,,
,,,,,,,,,,,,,,,
Y,500,500,500,500,500,500,500,500,500,500,500,500,500,500,500
Y,500,500,500,500,500,500,500,500,,500,,500,,500,500
Y,549,549,549,529,549,539,599,529,539,549,549,599,529,549,549
Y,899,899,899,879,899,889,999,879,889,899,899,999,879,899,899
,,,,,,,,,,,,,,,
,,,,,,,,,,,,,,,
Y,869,869,869,829,869,829,859,829,,869,,859,,869,869
Y,1399,1399,1399,1349,1399,1339,1459,1349,,1399,,1459,,1399,1399
Y,749,749,749,749,749,749,799,749,749,749,749,799,739,749,749
Y,1279,1279,1279,1149,1279,1109,1399,1149,1109,1279,1279,1399,1089,1279,1279
Y,50,50,50,50,50,50,50,50,50,50,50,50,50,50,50
Y,869,869,869,829,869,829,859,829,829,869,869,859,839,869,869
Y,1399,1399,1399,1349,1399,1339,1459,1349,1339,1399,1399,1459,1339,1399,1399
Y,679,679,679,659,679,659,659,659,,679,679,659,649,679,679
,,,,,,,,,,,,,,,
,,,,,,,,,,,,,,,
Y,1229,1229,1229,1159,1229,1159,1259,1159,,1229,1229,1259,1149,1229,1229
Y,50,50,50,50,50,50,60,50,50,50,50,60,,50,50
,,,,,,,,,,,,,,,
Y,589,589,589,589,589,599,629,589,599,589,589,629,,589,589
Y,869,869,869,839,869,839,1029,839,839,869,869,1029,,869,869
,,,,,,,,,,,,,,,
,,,,,,,,,,,,,,,
,,,,,,,,,,,,,,,
Y,0,0,0,0,0,0,0,0,0,0,0,0,0,0,0
,,,,,,,,,,,,,,,
,,,,,,,,,,,,,,,
,,,,,,,,,,,,,,,
,,,,,,,,,,,,,,,
,,,,,,,,,,,,,,,
,,,,,,,,,,,,,,,
,,,,,,,,,,,,,,,
,,,,,,,,,,,,,,,
,,,,,,,,,,,,,,,
,,,,,,,,,,,,,,,
,,,,,,,,,,,,,,,
,,,,,,,,,,,,,,,
,,,,,,,,,,,,,,,
,,,,,,,,,,,,,,,
,,,,,,,,,,,,,,,
,,,,,,,,,,,,,,,
,,,,,,,,,,,,,,,
,,,,,,,,,,,,,,,
,,,,,,,,,,,,,,,
,,,,,,,,,,,,,,,
,,,,,,,,,,,,,,,
,,,,,,,,,,,,,,,
,,,,,,,,,,,,,,,
,,,,,,,,,,,,,,,
,,,,,,,,,,,,,,,
Y,0,0,0,0,0,0,0,0,0,0,0,0,0,0,0
,,,,,,,,,,,,,,,
,,,,,,,,,,,,,,,
,,,,,,,,,,,,,,,
,,,,,,,,,,,,,,,
,,,,,,,,,,,,,,,
,,,,,,,,,,,,,,,
,,,,,,,,,,,,,,,
,,,,,,,,,,,,,,,
,,,,,,,,,,,,,,,
,,,,,,,,,,,,,,,
,,,,,,,,,,,,,,,
,,,,,,,,,,,,,,,
,,,,,,,,,,,,,,,
,,,,,,,,,,,,,,,
,,,,,,,,,,,,,,,
,,,,,,,,,,,,,,,
,,,,,,,,,,,,,,,
,,,,,,,,,,,,,,,
,,,,,,,,,,,,,,,
,,,,,,,,,,,,,,,
,,,,,,,,,,,,,,,
,,,,,,,,,,,,,,,
,,,,,,,,,,,,,,,
,,,,,,,,,,,,,,,
,,,,,,,,,,,,,,,
,,,,,,,,,,,,,,,
,,,,,,,,,,,,,,,
,,,,,,,,,,,,,,,
,,,,,,,,,,,,,,,
,,,,,,,,,,,,,,,
,,,,,,,,,,,,,,,
,,,,,,,,,,,,,,,
,,,,,,,,,,,,,,,
,,,,,,,,,,,,,,,
,,,,,,,,,,,,,,,
,,,,,,,,,,,,,,,
,,,,,,,,,,,,,,,
,,,,,,,,,,,,,,,
,,,,,,,,,,,,,,,
,,,,,,,,,,,,,,,
,,,,,,,,,,,,,,,
,,,,,,,,,,,,,,,
,,,,,,,,,,,,,,,
,,,,,,,,,,,,,,,
,,,,,,,,,,,,,,,
,,,,,,,,,,,,,,,
,,,,,,,,,,,,,,,
,,,,,,,,,,,,,,,
,,,,,,,,,,,,,,,
,,,,,,,,,,,,,,,
,,,,,,,,,,,,,,,
,,,,,,,,,,,,,,,
,,,,,,,,,,,,,,,
,,,,,,,,,,,,,,,
,,,,,,,,,,,,,,,
,,,,,,,,,,,,,,,
,,,,,,,,,,,,,,,
,,,,,,,,,,,,,,,
,,,,,,,,,,,,,,,
,,,,,,,,,,,,,,,
,,,,,,,,,,,,,,,
,,,,,,,,,,,,,,,
,,,,,,,,,,,,,,,
,,,,,,,,,,,,,,,
,,,,,,,,,,,,,,,
,,,,,,,,,,,,,,,
,,,,,,,,,,,,,,,
,,,,,,,,,,,,,,,
,,,,,,,,,,,,,,,
,,,,,,,,,,,,,,,
,,,,,,,,,,,,,,,
,,,,,,,,,,,,,,,
,,,,,,,,,,,,,,,
Y,60,60,60,60,60,60,40/60/80,60,60,60,,40/60/80,30/50,60,60
Y,0,0,0,0,0,0,0,0,0,0,0,0,0,0,0
,,,,,,,,,,,,,,,
,,,,,,,,,,,,,,,
,,,,,,,,,,,,,,,
,,,,,,,,,,,,,,,
,,,,,,,,,,,,,,,
,,,,,,,,,,,,,,,
,,,,,,,,,,,,,,,
Y,399,399,399,399,399,399,399,399,399,399,399,399,399,399,399
Y,949,949,949,949,949,979,1019,949,989,949,949,1019,969,949,949
,,,,,,,,,,,,,,,
,,,,,,,,,,,,,,,
Y,969,969,969,939,969,959,1019,939,,969,,1019,,969,969
Y,1539,1539,1539,1539,1539,1539,1619,1539,,1539,,1619,,1539,1539
Y,969,969,969,939,969,959,1019,939,,969,,1019,,969,969
Y,1539,1539,1539,1539,1539,1539,1619,1539,,1539,,1619,,1539,1539
Y,100,100,100,50,100,50,50,50,50,100,100,50,50,100,100
,,,,,,,,,,,,,,,
,,,,,,,,,,,,,,,
,,,,,,,,,,,,,,,
,,,,,,,,,,,,,,,
,,,,,,,,,,,,,,,
Y,75,75,75,50,75,25,50,50,,75,,50,50,75,75
,,,,,,,,,,,,,,,
,,,,,,,,,,,,,,,
,,,,,,,,,,,,,,,
,,,,,,,,,,,,,,,
,,,,,,,,,,,,,,,
Y,1929,1929,1929,1899,1929,1899,2009,1899,1899,1929,1929,2009,1879,1929,1929
Y,1119,1119,1119,1089,1119,1089,1279,1089,1089,1119,1119,1279,,1119,1119
,,,,,,,,,,,,,,,
,,,,,,,,,,,,,,,
Y,169,169,169,169,169,169,169,169,169,169,169,169,169,169,169
,,,,,,,,,,,,,,,
,,,,,,,,,,,,,,,
Y,75,75,75,75,75,50,70,75,50,75,75,70,75,75,75
,,,,,,,,,,,,,,,
,,,,,,,,,,,,,,,
,,,,,,,,,,,,,,,
,,,,,,,,,,,,,,,
,,,,,,,,,,,,,,,
,,,,,,,,,,,,,,,
,,,,,,,,,,,,,,,
,,,,,,,,,,,,,,,
,,,,,,,,,,,,,,,
,,,,,,,,,,,,,,,
,,,,,,,,,,,,,,,
,,,,,,,,,,,,,,,
,,,,,,,,,,,,,,,
,,,,,,,,,,,,,,,
,,,,,,,,,,,,,,,
,,,,,,,,,,,,,,,
,,,,,,,,,,,,,,,
,,,,,,,,,,,,,,,
,,,,,,,,,,,,,,,
,,,,,,,,,,,,,,,
,,,,,,,,,,,,,,,
,,,,,,,,,,,,,,,
,,,,,,,,,,,,,,,
,,,,,,,,,,,,,,,
Y,219,219,219,219,219,219,219,219,219,219,219,219,219,219,219
,,,,,,,,,,,,,,,
,,,,,,,,,,,,,,,
,,,,,,,,,,,,,,,
,,,,,,,,,,,,,,,
,,,,,,,,,,,,,,,
Y,250,250,250,250,250,250,300,250,,250,250,300,250,250,250
Y,0,0,0,0,0,0,0,0,0,0,0,0,0,0,0
,,,,,,,,,,,,,,,
,,,,,,,,,,,,,,,
,,,,,,,,,,,,,,,
,,,,,,,,,,,,,,,
,,,,,,,,,,,,,,,
,,,,,,,,,,,,,,,
,,,,,,,,,,,,,,,
,,,,,,,,,,,,,,,
,,,,,,,,,,,,,,,
,,,,,,,,,,,,,,,
,,,,,,,,,,,,,,,
,,,,,,,,,,,,,,,
,,,,,,,,,,,,,,,
Y,75,75,75,60,75,60,,60,,75,,79/89,,75,75
,,,,,,,,,,,,,,,
Y,90,90,90,85,90,75,,85,,90,,129,,90,90
,,,,,,,,,,,,,,,
,,,,,,,,,,,,,,,
,,,,,,,,,,,,,,,
,,,,,,,,,,,,,,,
,,,,,,,,,,,,,,,
,,,,,,,,,,,,,,,
,,,,,,,,,,,,,,,
,,,,,,,,,,,,,,,
,,,,,,,,,,,,,,,
,,,,,,,,,,,,,,,
,,,,,,,,,,,,,,,
,,,,,,,,,,,,,,,
Y,269,269,269,269,269,269,249,269,269,269,269,249,235,269,269
Y,269,269,269,269,269,269,249,269,269,269,269,249,235,269,269
,,,,,,,,,,,,,,,
Y,269,269,269,269,269,269,249,269,269,269,269,249,235,269,269
Y,269,269,269,269,269,269,249,269,269,269,269,249,235,269,269
Y,199,199,199,199,199,199,199,199,199,199,199,199,199,199,199
Y,199,199,199,199,199,199,199,199,199,199,,199,199,199,199
,,,,,,,,,,,,,,,
,,,,,,,,,,,,,,,
,,,,,,,,,,,,,,,
,,,,,,,,,,,,,,,
Y,100,100,100,100,100,100,500,100,100,100,100,500,100,100,100
,,,,,,,,,,,,,,,
,,,,,,,,,,,,,,,
