any,5172,41333
,,
,,
,,
,,
,,
,,
,,
,,
,,
,,
,,
,,
,,
,,
,,
,,
,,
Y,500,500
,,
,,
,,
,,
,,
,,
,,
,,
Y,199,199
Y,919,919
,,
Y,1479,1479
Y,1389,1389
,,
,,
,,
,,
,,
,,
Y,219,219
Y,219,219
Y,619,619
,,
Y,899,899
,,
,,
Y,299,299
,,
Y,999,999
,,
,,
,,
,,
,,
,,
,,
,,
,,
,,
,,
,,
,,
,,
,,
,,
,,
,,
Y,999,999
,,
,,
,,
,,
,,
,,
,,
,,
,,
,,
,,
,,
,,
,,
,,
,,
,,
,,
,,
,,
,,
,,
,,
,,
,,
,,
,,
,,
,,
,,
Y,1599,1599
,,
,,
,,
,,
,,
,,
Y,2159,2159
,,
,,
,,
,,
,,
,,
,,
,,
,,
,,
,,
,,
,,
,,
,,
,,
,,
,,
,,
,,
,,
,,
,,
,,
,,
,,
,,
,,
,,
,,
,,
,,
,,
,,
,,
,,
,,
,,
,,
,,
,,
,,
,,
,,
,,
,,
,,
,,
,,
,,
,,
,,
,,
,,
,,
,,
,,
,,
,,
,,
,,
,,
,,
,,
Y,719,719
Y,739,739
Y,719,719
,,
,,
,,
,,
Y,1199,1199
,,
,,
,,
,,
,,
,,
,,
,,
,,
,,
,,
,,
,,
,,
,,
,,
,,
,,
,,
,,
Y,219,219
,,
,,
,,
,,
Y,139,139
,,
,,
,,
,,
,,
,,
,,
,,
,,
,,
,,
,,
,,
,,
,,
,,
,,
,,
,,
,,
,,
,,
,,
,,
,,
,,
,,
,,
Y,479,479
Y,699,699
,,
,,
,,
,,
,,
Y,879,879
Y,1399,1399
Y,879,879
Y,1399,1399
,,
,,
,,
,,
,,
,,
,,
,,
,,
Y,179,179
Y,499,499
Y,749,749
,,
,,
,,
,,
,,
,,
,,
,,
,,
,,
,,
,,
,,
,,
,,
,,
,,
,,
,,
,,
,,
,,
,,
,,
,,
,,
,,
,,
,,
,,
,,
,,
,,
,,
,,
,,
,,
,,
,,
,,
,,
,,
,,
,,
,,
,,
,,
,,
,,
,,
,,
,,
,,
,,
,,
Y,169,169
Y,169,169
,,
,,
,,
,,
,,
,,
,,
,,
,,
,,
,,
,,
,,
Y,99,99
,,
,,
Y,719,719
,,
Y,1019,1019
,,
Y,1239,1239
,,
Y,59,59
Y,559,559
Y,99,99
,,
,,
,,
,,
,,
Y,50,50
,,
,,
,,
,,
,,
,,
,,
,,
,,
,,
,,
Y,239,239
,,
,,
,,
,,
,,
,,
,,
,,
,,
,,
Y,319,319
,,
,,
,,
,,
,,
,,
,,
,,
,,
,,
,,
,,
,,
,,
,,
,,
,,
,,
,,
,,
,,
,,
,,
,,
Y,0,0
,,
,,
,,
,,
,,
,,
,,
,,
,,
,,
,,
,,
,,
,,
,,
,,
,,
,,
,,
,,
,,
Y,89,89
,,
,,
,,
,,
Y,40,40
,,
,,
,,
,,
,,
Y,389,389
Y,40,40
,,
,,
,,
,,
,,
,,
Y,239,239
,,
,,
,,
,,
Y,65,65
,,
,,
,,
,,
Y,129,129
,,
Y,339,339
Y,379/389,379/389
Y,819,819
,,
Y,169,169
,,
,,
,,
Y,799,799
Y,1389,1389
Y,799,799
Y,1389,1389
,,
,,
Y,799,799
Y,1319,1319
,,
Y,499,499
Y,709,709
,,
Y,539,539
,,
,,
Y,399,399
Y,399,399
Y,519,519
,,
,,
Y,150/250,150/250
,,
,,
,,
,,
,,
,,
,,
,,
Y,169,169
,,
Y,169,169
,,
Y,169,169
Y,169,169
Y,169,169
Y,169,169
Y,169,169
,,
,,
,,
Y,169,169
,,
,,
,,
,,
,,
,,
Y,239,239
Y,239,239
,,
,,
,,
,,
Y,199,199
Y,,60
,,
,,
,,
,,
,,
,,
,,
,,
,,
,,
,,
,,
,,
,,
,,
,,
,,
,,
,,
,,
,,
,,
,,
,,
,,
,,
,,
,,
,,
,,
,,
,,
,,
,,
,,
,,
,,
,,
,,
,,
,,
Y,239,239
,,
,,
,,
,,
,,
,,
Y,0,0
,,
,,
,,
,,
Y,799,799
Y,1389,1389
Y,799,799
Y,1389,1389
,,
,,
,,
,,
Y,300,300
,,
,,
,,
,,
,,
,,
,,
,,
Y,329,329
,,
,,
,,
,,
,,
,,
,,
,,
Y,60,60
,,
,,
,,
,,
,,
,,
,,
,,
Y,919,919
Y,1439,1439
Y,449,449
Y,989,989
,,
,,
Y,169,169
Y,899,869
Y,1419,1419
Y,359,359
Y,579,579
,,
Y,1089,1089
Y,1569,1569
,,
,,
,,
Y,1019,1019
Y,1559,1559
Y,969,969
Y,1459,1459
,,
,,
,,
,,
,,
,,
,,
Y,449,449
Y,669,1047
Y,389,389
Y,679,679
,,
,,
Y,489,489
Y,749,749
,,
,,
Y,429,429
,,
Y,699,699
,,
Y,149,149
,,
,,
Y,99/169,99/169
Y,559,559
Y,779,799
,,
,,
Y,259,259
,,
,,
Y,500,500
Y,319,319
,,
,,
,,
Y,539,539
Y,869,869
,,
Y,559,559
Y,779,799
,,
,,
,,
,,
,,
,,
,,
,,
,,
,,
,,
,,
,,
,,
,,
,,
,,
Y,141,141
Y,141,141
Y,141,141
Y,141,141
,,
,,
,,
,,
,,
,,
,,
,,
,,
,,
,,
Y,639,619
,,
Y,999,999
Y,250,250
,,
,,
,,
,,
Y,,30
,,
,,
,,
,,
Y,1319,1319
,,
,,
,,
,,
,,
,,
,,
,,
,,
,,
,,
,,
,,
Y,60,60
,,
,,
Y,779,779
Y,939,939
Y,1459,1459
Y,649,649
Y,1049,1049
,,
,,
,,
,,
,,
,,
,,
,,
,,
,,
,,
,,
,,
,,
,,
,,
,,
Y,40,40
,,
,,
Y,239,239
,,
,,
,,
,,
,,
,,
,,
,,
,,
,,
Y,389,389
,,
,,
,,
,,
,,
,,
,,
,,
,,
,,
,,
Y,69,69
,,
,,
,,
,,
,,
,,
,,
,,
,,
Y,300,300
,,
Y,719,719
,,
Y,1259,1259
,,
,,
,,
,,
,,
,,
,,
,,
,,
,,
,,
,,
Y,150,150
,,
,,
Y,150,150
,,
,,
,,
,,
,,
,,
,,
,,
Y,299,299
,,
,,
,,
,,
,,
,,
,,
Y,569,569
Y,569,569
,,
Y,569,569
,,
,,
,,
,,
,,
Y,529,529
Y,529,529
,,
Y,529,529
,,
Y,539,539
Y,539,539
Y,539,539
,,
,,
,,
Y,489,489
Y,489,489
Y,489,489
Y,539,539
Y,539,539
Y,539,539
,,
Y,489,489
Y,489,489
,,
Y,489,489
,,
Y,499,499
Y,499,499
,,
,,
,,
,,
Y,489,489
Y,489,489
Y,489,489
,,
,,
,,
,,
,,
,,
,,
,,
,,
,,
,,
,,
,,
,,
,,
,,
,,
,,
Y,239,239
,,
Y,299,299
,,
,,
,,
Y,99,99
,,
,,
,,
,,
,,
,,
,,
,,
,,
,,
,,
,,
,,
,,
,,
,,
,,
,,
,,
,,
,,
,,
,,
,,
,,
,,
,,
,,
,,
,,
,,
,,
,,
,,
,,
,,
,,
,,
,,
,,
,,
,,
,,
,,
,,
,,
,,
,,
,,
,,
,,
,,
,,
,,
,,
,,
,,
,,
,,
,,
,,
Y,469,469
Y,539,539
,,
Y,539,539
,,
,,
,,
,,
,,
Y,60,60
,,
,,
,,
,,
,,
,,
,,
,,
,,
,,
,,
,,
,,
,,
,,
,,
,,
,,
,,
,,
,,
,,
,,
,,
,,
Y,369,369
Y,500,500
,,
,,
,,
,,
,,
,,
Y,0,0
,,
,,
,,
,,
,,
,,
,,
,,
,,
,,
,,
,,
,,
,,
,,
,,
,,
,,
,,
,,
,,
,,
,,
,,
,,
,,
,,
,,
,,
,,
,,
,,
,,
,,
,,
,,
,,
,,
,,
,,
,,
,,
,,
,,
,,
,,
,,
,,
,,
,,
,,
,,
,,
,,
,,
,,
,,
,,
,,
,,
,,
,,
,,
,,
,,
,,
,,
,,
,,
,,
,,
,,
,,
,,
,,
,,
Y,126,126
Y,126,126
Y,126,126
Y,126,126
,,
,,
,,
,,
,,
,,
,,
,,
,,
,,
,,
,,
,,
,,
,,
,,
,,
,,
,,
Y,40,40
,,
,,
,,
,,
,,
,,
,,
,,
Y,100,100
,,
,,
,,
Y,119,119
,,
,,
Y,289,289
Y,329,329
Y,389,389
,,
Y,419,419
Y,499,499
Y,409,409
,,
Y,389,389
Y,419,419
,,
,,
,,
,,
,,
,,
,,
Y,569,569
Y,329,329
Y,369,369
Y,389,389
,,
Y,439,439
,,
,,
Y,389,389
Y,419,419
,,
,,
Y,389,389
Y,207,207
Y,369,369
Y,419,419
,,
,,
Y,509,509
Y,389,389
Y,389,389
Y,389,389
Y,207,207
Y,489,489
,,
Y,379,379
Y,389,389
,,
,,
,,
,,
,,
,,
Y,409,409
,,
,,
Y,419,419
,,
,,
,,
,,
Y,499,499
Y,419,419
,,
,,
,,
Y,419,419
Y,379,379
Y,419,419
Y,329,329
Y,207,207
Y,207,207
Y,159,159
Y,159,159
,,
Y,369,369
Y,489,489
,,
,,
,,
,,
,,
,,
,,
Y,389,389
Y,419,419
Y,499,499
Y,569,569
Y,419,419
,,
Y,449,449
Y,389,389
Y,569,569
,,
,,
,,
,,
,,
,,
,,
,,
,,
,,
,,
,,
,,
,,
,,
,,
,,
,,
,,
,,
,,
,,
,,
,,
,,
,,
,,
,,
,,
,,
,,
,,
,,
,,
,,
,,
,,
,,
,,
,,
,,
,,
,,
,,
,,
,,
,,
,,
,,
,,
,,
,,
,,
,,
,,
,,
,,
,,
,,
,,
,,
,,
,,
,,
,,
,,
,,
,,
,,
,,
,,
,,
,,
,,
,,
,,
,,
,,
Y,59,59
Y,35,35
,,
Y,40,40
,,
,,
,,
,,
,,
,,
,,
,,
,,
Y,639,639
,,
Y,1019,1019
Y,719,719
Y,1259,1259
Y,379,379
,,
,,
Y,500,500
,,
,,
,,
,,
Y,189,189
,,
,,
,,
,,
,,
,,
,,
,,
,,
,,
,,
,,
,,
,,
Y,619,619
,,
,,
,,
Y,999,999
,,
,,
,,
,,
,,
,,
,,
,,
Y,125/260,125/260
Y,259,259
,,
Y,299,299
Y,329,329
,,
Y,369,369
Y,479,479
,,
Y,369,369
,,
Y,369,369
Y,389,389
,,
,,
,,
,,
,,
,,
,,
,,
Y,539,539
Y,289,289
Y,329,329
Y,329,329
,,
Y,389,389
,,
,,
Y,329,329
Y,369,369
,,
,,
Y,329,329
Y,189,189
Y,329,329
Y,389,389
,,
,,
Y,479,479
Y,329,329
Y,329,329
Y,329,329
Y,189,189
Y,459,459
,,
Y,359,359
Y,369,369
,,
,,
,,
,,
,,
,,
Y,369,369
,,
,,
Y,389,389
,,
,,
,,
,,
Y,479,479
Y,369,369
,,
,,
,,
,,
Y,379,379
,,
,,
Y,349,349
Y,369,369
Y,299,299
Y,189,189
Y,189,189
Y,129,129
Y,129,129
,,
Y,329,329
Y,469,469
,,
,,
,,
,,
,,
Y,,539
Y,329,329
Y,369,369
Y,479,479
Y,539,539
Y,369,369
,,
Y,429,429
Y,369,369
Y,539,539
,,
,,
,,
,,
,,
,,
,,
,,
,,
,,
,,
,,
,,
,,
,,
,,
,,
,,
,,
,,
Y,116,116
Y,116,116
Y,116,116
Y,116,116
,,
,,
,,
,,
,,
,,
,,
Y,599,599
Y,849,849
Y,579,579
Y,819,819
,,
,,
,,
,,
Y,0,0
,,
,,
,,
,,
,,
,,
,,
,,
,,
,,
,,
,,
,,
,,
,,
,,
,,
,,
,,
,,
Y,299,299
,,
,,
,,
,,
,,
,,
,,
,,
,,
,,
,,
,,
,,
,,
,,
,,
,,
,,
,,
,,
,,
,,
,,
,,
,,
,,
Y,35,35
,,
,,
,,
,,
,,
,,
,,
,,
,,
,,
,,
,,
,,
,,
,,
,,
,,
,,
,,
,,
,,
,,
,,
,,
,,
Y,30,30
,,
,,
,,
,,
,,
,,
,,
,,
,,
,,
,,
,,
,,
,,
,,
,,
,,
,,
,,
,,
,,
,,
,,
,,
,,
,,
,,
Y,0,0
,,
Y,0,0
,,
Y,179,179
Y,719,719
Y,479,479
,,
,,
,,
,,
,,
,,
,,
,,
,,
,,
,,
,,
,,
,,
,,
Y,559,559
Y,779,799
,,
,,
Y,259,259
,,
,,
,,
Y,500,500
Y,319,319
,,
,,
,,
,,
,,
,,
,,
Y,539,539
Y,869,869
Y,559,559
Y,779,799
,,
,,
,,
,,
Y,589,589
,,
,,
,,
,,
,,
,,
,,
,,
Y,1200,1200
,,
Y,1200,1200
,,
,,
,,
,,
,,
,,
,,
,,
,,
Y,879,879
Y,1449,1449
,,
,,
,,
,,
,,
Y,799,799
Y,1389,1389
Y,709,709
Y,1319,1319
Y,169,169
,,
,,
Y,529,529
Y,50,50
,,
Y,389,389
Y,389,389
,,
,,
,,
,,
,,
Y,500,500
Y,500,500
,,
,,
,,
,,
,,
,,
,,
,,
,,
,,
,,
,,
,,
Y,80,80
,,
,,
Y,,619
,,
Y,80,80
,,
Y,539,539
,,
Y,,619
Y,539,539
Y,539,539
,,
,,
,,
,,
,,
,,
,,
,,
,,
,,
Y,149,149
,,
,,
,,
,,
,,
,,
,,
,,
,,
,,
,,
,,
,,
,,
,,
,,
,,
,,
,,
,,
,,
,,
,,
,,
,,
,,
,,
,,
,,
,,
,,
,,
,,
,,
,,
,,
,,
,,
,,
,,
,,
,,
,,
,,
,,
,,
,,
,,
,,
,,
,,
,,
,,
,,
,,
,,
,,
,,
,,
,,
,,
,,
,,
,,
,,
,,
,,
,,
,,
,,
,,
,,
,,
,,
,,
,,
,,
,,
,,
,,
,,
,,
Y,0,0
,,
Y,0,0
,,
,,
,,
,,
,,
,,
,,
Y,40,40
,,
,,
,,
,,
,,
,,
,,
,,
,,
Y,479,479
Y,699,699
,,
,,
,,
,,
,,
Y,439,439
Y,500,500
Y,299,299
,,
,,
,,
Y,500,500
Y,99,99
Y,599,599
Y,809,809
,,
,,
,,
Y,499,499
Y,749,749
,,
,,
,,
,,
,,
,,
,,
,,
,,
,,
,,
,,
,,
,,
,,
,,
,,
,,
,,
,,
,,
,,
,,
,,
,,
,,
Y,559,559
Y,779,799
Y,259,259
,,
Y,500,500
,,
,,
,,
Y,319,319
,,
,,
,,
,,
,,
,,
Y,539,539
Y,869,869
Y,559,559
Y,779,799
,,
,,
,,
,,
,,
,,
,,
,,
Y,40,40
Y,50,50
,,
,,
,,
,,
,,
,,
,,
,,
Y,30,30
,,
,,
,,
,,
,,
,,
,,
,,
,,
,,
,,
,,
,,
,,
,,
,,
Y,289,289
,,
Y,399,399
,,
,,
,,
,,
,,
,,
,,
Y,116,116
Y,116,116
Y,116,116
Y,116,116
,,
,,
,,
,,
Y,30,30
,,
Y,229,229
Y,239,239
Y,299,299
,,
Y,329,329
Y,419,419
,,
Y,309,309
,,
Y,279,279
Y,319,319
,,
,,
,,
,,
,,
,,
,,
Y,499,499
Y,249,249
Y,289,289
Y,299,299
,,
Y,349,349
,,
,,
,,
Y,299,299
Y,329,329
,,
,,
Y,299,299
Y,186,186
Y,289,289
Y,319,319
,,
,,
Y,299,299
,,
Y,299,299
Y,299,299
Y,186,186
,,
Y,159,159
Y,279,279
,,
,,
,,
,,
,,
,,
Y,309,309
,,
,,
Y,319,319
,,
,,
,,
,,
Y,419,419
Y,329,329
,,
,,
,,
,,
Y,319,319
,,
,,
Y,159,159
Y,329,329
Y,239,239
Y,186,186
Y,186,186
Y,100,100
Y,100,100
,,
,,
Y,289,289
Y,389,389
,,
,,
,,
,,
,,
Y,,499
Y,299,299
Y,329,329
Y,419,419
Y,499,499
Y,329,329
,,
,,
Y,349,349
Y,279,279
Y,499,499
,,
,,
,,
,,
,,
Y,,519
,,
,,
Y,459,459
Y,,499
,,
Y,359,359
Y,,359
Y,359,359
Y,359,359
Y,459,459
Y,459,459
,,
,,
,,
,,
,,
,,
,,
,,
,,
,,
,,
,,
,,
Y,1419,1419
Y,899,899
Y,899,899
Y,1419,1419
Y,389,389
Y,389,389
,,
,,
,,
,,
Y,500,500
Y,500,500
Y,479,479
Y,689,689
,,
,,
Y,749,749
Y,1279,1279
Y,679,679
Y,1119,1119
Y,35/59,35/59
Y,749,749
Y,1279,1279
Y,639,639
,,
,,
Y,1029,1029
Y,50,50
,,
Y,529,529
Y,749,749
,,
,,
,,
Y,0,0
,,
,,
,,
,,
,,
,,
,,
,,
,,
,,
,,
,,
,,
,,
,,
,,
,,
,,
,,
,,
,,
,,
,,
,,
,,
Y,0,0
,,
,,
,,
,,
,,
,,
,,
,,
,,
,,
,,
,,
,,
,,
,,
,,
,,
,,
,,
,,
,,
,,
,,
,,
,,
,,
,,
,,
,,
,,
,,
,,
,,
,,
,,
,,
,,
,,
,,
,,
,,
,,
,,
,,
,,
,,
,,
,,
,,
,,
,,
,,
,,
,,
,,
,,
,,
,,
,,
,,
,,
,,
,,
,,
,,
,,
,,
,,
,,
,,
,,
,,
,,
Y,40,40
Y,0,0
,,
,,
,,
,,
,,
,,
,,
Y,399,399
Y,808,809
,,
,,
Y,749,749
Y,1389,1389
Y,749,749
Y,1389,1389
Y,59,59
,,
,,
,,
,,
,,
Y,59,59
,,
,,
,,
,,
,,
Y,1779,1779
Y,999,999
,,
,,
Y,169,169
,,
,,
Y,75,75
,,
,,
,,
,,
,,
,,
,,
,,
,,
,,
,,
,,
,,
,,
,,
,,
,,
,,
,,
,,
,,
,,
,,
,,
Y,219,219
,,
,,
,,
,,
,,
Y,250,250
Y,0,0
,,
,,
,,
,,
,,
,,
,,
,,
,,
,,
,,
,,
,,
Y,60,60
,,
Y,75,75
,,
,,
,,
,,
,,
,,
,,
,,
,,
,,
,,
,,
Y,236,236
Y,236,236
,,
Y,236,236
Y,236,236
Y,189,189
Y,189,189
,,
,,
,,
,,
Y,100,100
,,
,,
